seed,branch,weights,task,score,delta_vs_m0
42,m0,"{""m0"": 1.0}",STS14,0.755891,0.0
42,m0,"{""m0"": 1.0}",Banking77Classification,0.800422,0.0
42,m0,"{""m0"": 1.0}",RedditClustering.v2,0.510665,0.0
42,m0,"{""m0"": 1.0}",AmazonCounterfactualClassification,0.635413,0.0
42,m0,"{""m0"": 1.0}",TwentyNewsgroupsClustering.v2,0.460186,0.0
42,m0,"{""m0"": 1.0}",STSBenchmark,0.820325,0.0
42,m0,"{""m0"": 1.0}",ArguAna,0.48764,0.0
42,m0,"{""m0"": 1.0}",STS13,0.806032,0.0
42,m0,"{""m0"": 1.0}",EmotionClassification,0.4083,0.0
42,m0,"{""m0"": 1.0}",STS12,0.72369,0.0
42,m0,"{""m0"": 1.0}",SciFact,0.62386,0.0
42,m0,"{""m0"": 1.0}",BIOSSES,0.816404,0.0
42,m0,"{""m0"": 1.0}",FiQA2018,0.36626,0.0
42,m0,"{""m0"": 1.0}",SICK-R,0.775825,0.0
42,m0,"{""m0"": 1.0}",NFCorpus,0.31453,0.0
42,m0,"{""m0"": 1.0}",MassiveIntentClassification,0.6743790000000001,0.0
42,m0,"{""m0"": 1.0}",AGNewsClassification,0.8686842105263158,0.0
42,m0,"{""m0"": 1.0}",MSMARCORerankingGate,0.9838681198964297,0.0
42,m0,"{""m0"": 1.0}",STSBenchmark.clean_exact,0.8030627431121808,0.0
42,m0,"{""m0"": 1.0}",SICK-R.clean_exact,0.7578212918877409,0.0
42,m0,"{""m0"": 1.0}",STS12.clean_exact,0.7231671469890324,0.0
42,m0,"{""m0"": 1.0}",STS13.clean_exact,0.8004743488857142,0.0
42,m0,"{""m0"": 1.0}",STS14.clean_exact,0.759172416763367,0.0
42,control,"{""control"": 1.0}",STS14,0.771786,0.015894999999999992
42,control,"{""control"": 1.0}",Banking77Classification,0.808117,0.007695000000000007
42,control,"{""control"": 1.0}",RedditClustering.v2,0.445682,-0.06498300000000001
42,control,"{""control"": 1.0}",AmazonCounterfactualClassification,0.678119,0.04270600000000002
42,control,"{""control"": 1.0}",TwentyNewsgroupsClustering.v2,0.422878,-0.03730800000000001
42,control,"{""control"": 1.0}",STSBenchmark,0.833054,0.01272899999999999
42,control,"{""control"": 1.0}",ArguAna,0.48862,0.0009799999999999809
42,control,"{""control"": 1.0}",STS13,0.818407,0.012375000000000025
42,control,"{""control"": 1.0}",EmotionClassification,0.4325,0.0242
42,control,"{""control"": 1.0}",STS12,0.730634,0.00694399999999995
42,control,"{""control"": 1.0}",SciFact,0.61314,-0.010719999999999952
42,control,"{""control"": 1.0}",BIOSSES,0.86161,0.04520599999999997
42,control,"{""control"": 1.0}",FiQA2018,0.36242,-0.0038399999999999546
42,control,"{""control"": 1.0}",SICK-R,0.765935,-0.009889999999999954
42,control,"{""control"": 1.0}",NFCorpus,0.31474,0.00021000000000004349
42,control,"{""control"": 1.0}",MassiveIntentClassification,0.6735065,-0.0008725000000000538
42,control,"{""control"": 1.0}",AGNewsClassification,0.8526315789473684,-0.01605263157894743
42,control,"{""control"": 1.0}",MSMARCORerankingGate,0.982522768664287,-0.001345351232142744
42,control,"{""control"": 1.0}",STSBenchmark.clean_exact,0.8201031216132703,0.017040378501089415
42,control,"{""control"": 1.0}",SICK-R.clean_exact,0.7474243102090491,-0.010396981678691852
42,control,"{""control"": 1.0}",STS12.clean_exact,0.7301442547431417,0.006977107754109313
42,control,"{""control"": 1.0}",STS13.clean_exact,0.8100051604908486,0.00953081160513436
42,control,"{""control"": 1.0}",STS14.clean_exact,0.7717177678810189,0.01254535111765187
42,mix_s000_c000_r100,"{""classification"": 0.0, ""retrieval"": 1.0, ""sts"": 0.0}",STS14,0.760767,0.0048759999999999915
42,mix_s000_c000_r100,"{""classification"": 0.0, ""retrieval"": 1.0, ""sts"": 0.0}",Banking77Classification,0.806786,0.006364000000000036
42,mix_s000_c000_r100,"{""classification"": 0.0, ""retrieval"": 1.0, ""sts"": 0.0}",RedditClustering.v2,0.461501,-0.04916400000000004
42,mix_s000_c000_r100,"{""classification"": 0.0, ""retrieval"": 1.0, ""sts"": 0.0}",AmazonCounterfactualClassification,0.645885,0.010472000000000037
42,mix_s000_c000_r100,"{""classification"": 0.0, ""retrieval"": 1.0, ""sts"": 0.0}",TwentyNewsgroupsClustering.v2,0.426859,-0.033326999999999996
42,mix_s000_c000_r100,"{""classification"": 0.0, ""retrieval"": 1.0, ""sts"": 0.0}",STSBenchmark,0.823462,0.0031370000000000564
42,mix_s000_c000_r100,"{""classification"": 0.0, ""retrieval"": 1.0, ""sts"": 0.0}",ArguAna,0.49439,0.006749999999999978
42,mix_s000_c000_r100,"{""classification"": 0.0, ""retrieval"": 1.0, ""sts"": 0.0}",STS13,0.798976,-0.007055999999999951
42,mix_s000_c000_r100,"{""classification"": 0.0, ""retrieval"": 1.0, ""sts"": 0.0}",EmotionClassification,0.4175,0.009199999999999986
42,mix_s000_c000_r100,"{""classification"": 0.0, ""retrieval"": 1.0, ""sts"": 0.0}",STS12,0.724583,0.0008929999999999216
42,mix_s000_c000_r100,"{""classification"": 0.0, ""retrieval"": 1.0, ""sts"": 0.0}",SciFact,0.61406,-0.00979999999999992
42,mix_s000_c000_r100,"{""classification"": 0.0, ""retrieval"": 1.0, ""sts"": 0.0}",BIOSSES,0.829597,0.01319300000000001
42,mix_s000_c000_r100,"{""classification"": 0.0, ""retrieval"": 1.0, ""sts"": 0.0}",FiQA2018,0.3658,-0.00045999999999996044
42,mix_s000_c000_r100,"{""classification"": 0.0, ""retrieval"": 1.0, ""sts"": 0.0}",SICK-R,0.77619,0.0003650000000000597
42,mix_s000_c000_r100,"{""classification"": 0.0, ""retrieval"": 1.0, ""sts"": 0.0}",NFCorpus,0.30644,-0.008089999999999986
42,mix_s000_c000_r100,"{""classification"": 0.0, ""retrieval"": 1.0, ""sts"": 0.0}",MassiveIntentClassification,0.675751,0.0013719999999999288
42,mix_s000_c000_r100,"{""classification"": 0.0, ""retrieval"": 1.0, ""sts"": 0.0}",AGNewsClassification,0.8632894736842105,-0.005394736842105341
42,mix_s000_c000_r100,"{""classification"": 0.0, ""retrieval"": 1.0, ""sts"": 0.0}",MSMARCORerankingGate,0.9928567355642863,0.008988615667856581
42,mix_s000_c000_r100,"{""classification"": 0.0, ""retrieval"": 1.0, ""sts"": 0.0}",STSBenchmark.clean_exact,0.8085714054679568,0.005508662355775962
42,mix_s000_c000_r100,"{""classification"": 0.0, ""retrieval"": 1.0, ""sts"": 0.0}",SICK-R.clean_exact,0.7580267075063818,0.00020541561864084734
42,mix_s000_c000_r100,"{""classification"": 0.0, ""retrieval"": 1.0, ""sts"": 0.0}",STS12.clean_exact,0.7240728122785175,0.0009056652894851025
42,mix_s000_c000_r100,"{""classification"": 0.0, ""retrieval"": 1.0, ""sts"": 0.0}",STS13.clean_exact,0.7829577552120611,-0.017516593673653102
42,mix_s000_c000_r100,"{""classification"": 0.0, ""retrieval"": 1.0, ""sts"": 0.0}",STS14.clean_exact,0.7602724050587066,0.0010999882953396378
42,mix_s000_c020_r080,"{""classification"": 0.2, ""retrieval"": 0.8, ""sts"": 0.0}",STS14,0.760073,0.004182000000000019
42,mix_s000_c020_r080,"{""classification"": 0.2, ""retrieval"": 0.8, ""sts"": 0.0}",Banking77Classification,0.80237,0.0019480000000000608
42,mix_s000_c020_r080,"{""classification"": 0.2, ""retrieval"": 0.8, ""sts"": 0.0}",RedditClustering.v2,0.435601,-0.07506400000000002
42,mix_s000_c020_r080,"{""classification"": 0.2, ""retrieval"": 0.8, ""sts"": 0.0}",AmazonCounterfactualClassification,0.65856575,0.023152749999999944
42,mix_s000_c020_r080,"{""classification"": 0.2, ""retrieval"": 0.8, ""sts"": 0.0}",TwentyNewsgroupsClustering.v2,0.427154,-0.033032000000000006
42,mix_s000_c020_r080,"{""classification"": 0.2, ""retrieval"": 0.8, ""sts"": 0.0}",STSBenchmark,0.818408,-0.0019169999999999465
42,mix_s000_c020_r080,"{""classification"": 0.2, ""retrieval"": 0.8, ""sts"": 0.0}",ArguAna,0.47253,-0.015110000000000012
42,mix_s000_c020_r080,"{""classification"": 0.2, ""retrieval"": 0.8, ""sts"": 0.0}",STS13,0.790597,-0.015434999999999977
42,mix_s000_c020_r080,"{""classification"": 0.2, ""retrieval"": 0.8, ""sts"": 0.0}",EmotionClassification,0.4143,0.006000000000000005
42,mix_s000_c020_r080,"{""classification"": 0.2, ""retrieval"": 0.8, ""sts"": 0.0}",STS12,0.711485,-0.012205000000000021
42,mix_s000_c020_r080,"{""classification"": 0.2, ""retrieval"": 0.8, ""sts"": 0.0}",SciFact,0.6166,-0.007259999999999933
42,mix_s000_c020_r080,"{""classification"": 0.2, ""retrieval"": 0.8, ""sts"": 0.0}",BIOSSES,0.814934,-0.0014699999999999713
42,mix_s000_c020_r080,"{""classification"": 0.2, ""retrieval"": 0.8, ""sts"": 0.0}",FiQA2018,0.36073,-0.005529999999999979
42,mix_s000_c020_r080,"{""classification"": 0.2, ""retrieval"": 0.8, ""sts"": 0.0}",SICK-R,0.766918,-0.008906999999999998
42,mix_s000_c020_r080,"{""classification"": 0.2, ""retrieval"": 0.8, ""sts"": 0.0}",NFCorpus,0.30619,-0.008339999999999959
42,mix_s000_c020_r080,"{""classification"": 0.2, ""retrieval"": 0.8, ""sts"": 0.0}",MassiveIntentClassification,0.6703465,-0.0040325000000001054
42,mix_s000_c020_r080,"{""classification"": 0.2, ""retrieval"": 0.8, ""sts"": 0.0}",AGNewsClassification,0.871578947368421,0.0028947368421051722
42,mix_s000_c020_r080,"{""classification"": 0.2, ""retrieval"": 0.8, ""sts"": 0.0}",MSMARCORerankingGate,0.9917495248250007,0.007881404928570923
42,mix_s000_c020_r080,"{""classification"": 0.2, ""retrieval"": 0.8, ""sts"": 0.0}",STSBenchmark.clean_exact,0.8006097453384516,-0.002452997773729204
42,mix_s000_c020_r080,"{""classification"": 0.2, ""retrieval"": 0.8, ""sts"": 0.0}",SICK-R.clean_exact,0.7492294408110746,-0.00859185107666638
42,mix_s000_c020_r080,"{""classification"": 0.2, ""retrieval"": 0.8, ""sts"": 0.0}",STS12.clean_exact,0.7109529785151607,-0.01221416847387169
42,mix_s000_c020_r080,"{""classification"": 0.2, ""retrieval"": 0.8, ""sts"": 0.0}",STS13.clean_exact,0.779587504113348,-0.020886844772366242
42,mix_s000_c020_r080,"{""classification"": 0.2, ""retrieval"": 0.8, ""sts"": 0.0}",STS14.clean_exact,0.758786453425459,-0.00038596333790796855
42,mix_s000_c040_r060,"{""classification"": 0.4, ""retrieval"": 0.6, ""sts"": 0.0}",STS14,0.717559,-0.03833200000000003
42,mix_s000_c040_r060,"{""classification"": 0.4, ""retrieval"": 0.6, ""sts"": 0.0}",Banking77Classification,0.788929,-0.011492999999999975
42,mix_s000_c040_r060,"{""classification"": 0.4, ""retrieval"": 0.6, ""sts"": 0.0}",RedditClustering.v2,0.416532,-0.09413300000000002
42,mix_s000_c040_r060,"{""classification"": 0.4, ""retrieval"": 0.6, ""sts"": 0.0}",AmazonCounterfactualClassification,0.6594544999999999,0.024041499999999938
42,mix_s000_c040_r060,"{""classification"": 0.4, ""retrieval"": 0.6, ""sts"": 0.0}",TwentyNewsgroupsClustering.v2,0.417357,-0.042829000000000006
42,mix_s000_c040_r060,"{""classification"": 0.4, ""retrieval"": 0.6, ""sts"": 0.0}",STSBenchmark,0.774866,-0.045458999999999916
42,mix_s000_c040_r060,"{""classification"": 0.4, ""retrieval"": 0.6, ""sts"": 0.0}",ArguAna,0.45006,-0.03758
42,mix_s000_c040_r060,"{""classification"": 0.4, ""retrieval"": 0.6, ""sts"": 0.0}",STS13,0.751518,-0.05451399999999995
42,mix_s000_c040_r060,"{""classification"": 0.4, ""retrieval"": 0.6, ""sts"": 0.0}",EmotionClassification,0.38845,-0.01984999999999998
42,mix_s000_c040_r060,"{""classification"": 0.4, ""retrieval"": 0.6, ""sts"": 0.0}",STS12,0.659812,-0.0638780000000001
42,mix_s000_c040_r060,"{""classification"": 0.4, ""retrieval"": 0.6, ""sts"": 0.0}",SciFact,0.61907,-0.004789999999999961
42,mix_s000_c040_r060,"{""classification"": 0.4, ""retrieval"": 0.6, ""sts"": 0.0}",BIOSSES,0.723167,-0.09323700000000001
42,mix_s000_c040_r060,"{""classification"": 0.4, ""retrieval"": 0.6, ""sts"": 0.0}",FiQA2018,0.3414,-0.024859999999999993
42,mix_s000_c040_r060,"{""classification"": 0.4, ""retrieval"": 0.6, ""sts"": 0.0}",SICK-R,0.752264,-0.023560999999999943
42,mix_s000_c040_r060,"{""classification"": 0.4, ""retrieval"": 0.6, ""sts"": 0.0}",NFCorpus,0.29042,-0.024109999999999965
42,mix_s000_c040_r060,"{""classification"": 0.4, ""retrieval"": 0.6, ""sts"": 0.0}",MassiveIntentClassification,0.6653255,-0.009053500000000048
42,mix_s000_c040_r060,"{""classification"": 0.4, ""retrieval"": 0.6, ""sts"": 0.0}",AGNewsClassification,0.8796052631578948,0.010921052631578942
42,mix_s000_c040_r060,"{""classification"": 0.4, ""retrieval"": 0.6, ""sts"": 0.0}",MSMARCORerankingGate,0.9892732438392865,0.005405123942856749
42,mix_s000_c040_r060,"{""classification"": 0.4, ""retrieval"": 0.6, ""sts"": 0.0}",STSBenchmark.clean_exact,0.7500277267016865,-0.05303501641049435
42,mix_s000_c040_r060,"{""classification"": 0.4, ""retrieval"": 0.6, ""sts"": 0.0}",SICK-R.clean_exact,0.736305899159472,-0.021515392728268967
42,mix_s000_c040_r060,"{""classification"": 0.4, ""retrieval"": 0.6, ""sts"": 0.0}",STS12.clean_exact,0.6591463271028873,-0.06402081988614505
42,mix_s000_c040_r060,"{""classification"": 0.4, ""retrieval"": 0.6, ""sts"": 0.0}",STS13.clean_exact,0.7511906937515199,-0.049283655134194304
42,mix_s000_c040_r060,"{""classification"": 0.4, ""retrieval"": 0.6, ""sts"": 0.0}",STS14.clean_exact,0.718060051764437,-0.04111236499893001
42,mix_s000_c060_r040,"{""classification"": 0.6, ""retrieval"": 0.4, ""sts"": 0.0}",STS14,0.664436,-0.09145499999999995
42,mix_s000_c060_r040,"{""classification"": 0.6, ""retrieval"": 0.4, ""sts"": 0.0}",Banking77Classification,0.768312,-0.03210999999999997
42,mix_s000_c060_r040,"{""classification"": 0.6, ""retrieval"": 0.4, ""sts"": 0.0}",RedditClustering.v2,0.401525,-0.10914000000000001
42,mix_s000_c060_r040,"{""classification"": 0.6, ""retrieval"": 0.4, ""sts"": 0.0}",AmazonCounterfactualClassification,0.6542142499999999,0.01880124999999988
42,mix_s000_c060_r040,"{""classification"": 0.6, ""retrieval"": 0.4, ""sts"": 0.0}",TwentyNewsgroupsClustering.v2,0.424072,-0.03611399999999998
42,mix_s000_c060_r040,"{""classification"": 0.6, ""retrieval"": 0.4, ""sts"": 0.0}",STSBenchmark,0.739501,-0.08082400000000001
42,mix_s000_c060_r040,"{""classification"": 0.6, ""retrieval"": 0.4, ""sts"": 0.0}",ArguAna,0.4021,-0.08554
42,mix_s000_c060_r040,"{""classification"": 0.6, ""retrieval"": 0.4, ""sts"": 0.0}",STS13,0.712725,-0.09330699999999992
42,mix_s000_c060_r040,"{""classification"": 0.6, ""retrieval"": 0.4, ""sts"": 0.0}",EmotionClassification,0.36235,-0.04594999999999999
42,mix_s000_c060_r040,"{""classification"": 0.6, ""retrieval"": 0.4, ""sts"": 0.0}",STS12,0.613279,-0.11041100000000004
42,mix_s000_c060_r040,"{""classification"": 0.6, ""retrieval"": 0.4, ""sts"": 0.0}",SciFact,0.59282,-0.031039999999999957
42,mix_s000_c060_r040,"{""classification"": 0.6, ""retrieval"": 0.4, ""sts"": 0.0}",BIOSSES,0.649443,-0.16696100000000003
42,mix_s000_c060_r040,"{""classification"": 0.6, ""retrieval"": 0.4, ""sts"": 0.0}",FiQA2018,0.31437,-0.05188999999999999
42,mix_s000_c060_r040,"{""classification"": 0.6, ""retrieval"": 0.4, ""sts"": 0.0}",SICK-R,0.731956,-0.043868999999999936
42,mix_s000_c060_r040,"{""classification"": 0.6, ""retrieval"": 0.4, ""sts"": 0.0}",NFCorpus,0.28473,-0.029799999999999993
42,mix_s000_c060_r040,"{""classification"": 0.6, ""retrieval"": 0.4, ""sts"": 0.0}",MassiveIntentClassification,0.654793,-0.019586000000000103
42,mix_s000_c060_r040,"{""classification"": 0.6, ""retrieval"": 0.4, ""sts"": 0.0}",AGNewsClassification,0.885,0.016315789473684172
42,mix_s000_c060_r040,"{""classification"": 0.6, ""retrieval"": 0.4, ""sts"": 0.0}",MSMARCORerankingGate,0.9834753306357155,-0.000392789260714288
42,mix_s000_c060_r040,"{""classification"": 0.6, ""retrieval"": 0.4, ""sts"": 0.0}",STSBenchmark.clean_exact,0.710473534214899,-0.09258920889728184
42,mix_s000_c060_r040,"{""classification"": 0.6, ""retrieval"": 0.4, ""sts"": 0.0}",SICK-R.clean_exact,0.7178316630207894,-0.039989628866951565
42,mix_s000_c060_r040,"{""classification"": 0.6, ""retrieval"": 0.4, ""sts"": 0.0}",STS12.clean_exact,0.6125192935791582,-0.11064785340987415
42,mix_s000_c060_r040,"{""classification"": 0.6, ""retrieval"": 0.4, ""sts"": 0.0}",STS13.clean_exact,0.7230115642481278,-0.07746278463758638
42,mix_s000_c060_r040,"{""classification"": 0.6, ""retrieval"": 0.4, ""sts"": 0.0}",STS14.clean_exact,0.66652151817904,-0.09265089858432696
42,mix_s000_c080_r020,"{""classification"": 0.8, ""retrieval"": 0.2, ""sts"": 0.0}",STS14,0.61697,-0.13892099999999996
42,mix_s000_c080_r020,"{""classification"": 0.8, ""retrieval"": 0.2, ""sts"": 0.0}",Banking77Classification,0.736266,-0.06415599999999999
42,mix_s000_c080_r020,"{""classification"": 0.8, ""retrieval"": 0.2, ""sts"": 0.0}",RedditClustering.v2,0.399858,-0.11080700000000004
42,mix_s000_c080_r020,"{""classification"": 0.8, ""retrieval"": 0.2, ""sts"": 0.0}",AmazonCounterfactualClassification,0.652584,0.017171000000000047
42,mix_s000_c080_r020,"{""classification"": 0.8, ""retrieval"": 0.2, ""sts"": 0.0}",TwentyNewsgroupsClustering.v2,0.406244,-0.05394199999999999
42,mix_s000_c080_r020,"{""classification"": 0.8, ""retrieval"": 0.2, ""sts"": 0.0}",STSBenchmark,0.701363,-0.11896200000000001
42,mix_s000_c080_r020,"{""classification"": 0.8, ""retrieval"": 0.2, ""sts"": 0.0}",ArguAna,0.32616,-0.16148
42,mix_s000_c080_r020,"{""classification"": 0.8, ""retrieval"": 0.2, ""sts"": 0.0}",STS13,0.66611,-0.139922
42,mix_s000_c080_r020,"{""classification"": 0.8, ""retrieval"": 0.2, ""sts"": 0.0}",EmotionClassification,0.3363,-0.07200000000000001
42,mix_s000_c080_r020,"{""classification"": 0.8, ""retrieval"": 0.2, ""sts"": 0.0}",STS12,0.581405,-0.1422850000000001
42,mix_s000_c080_r020,"{""classification"": 0.8, ""retrieval"": 0.2, ""sts"": 0.0}",SciFact,0.55801,-0.06584999999999996
42,mix_s000_c080_r020,"{""classification"": 0.8, ""retrieval"": 0.2, ""sts"": 0.0}",BIOSSES,0.59552,-0.22088399999999997
42,mix_s000_c080_r020,"{""classification"": 0.8, ""retrieval"": 0.2, ""sts"": 0.0}",FiQA2018,0.27372,-0.09253999999999996
42,mix_s000_c080_r020,"{""classification"": 0.8, ""retrieval"": 0.2, ""sts"": 0.0}",SICK-R,0.707936,-0.06788899999999998
42,mix_s000_c080_r020,"{""classification"": 0.8, ""retrieval"": 0.2, ""sts"": 0.0}",NFCorpus,0.2702,-0.04432999999999998
42,mix_s000_c080_r020,"{""classification"": 0.8, ""retrieval"": 0.2, ""sts"": 0.0}",MassiveIntentClassification,0.6324915,-0.04188750000000008
42,mix_s000_c080_r020,"{""classification"": 0.8, ""retrieval"": 0.2, ""sts"": 0.0}",AGNewsClassification,0.8876315789473684,0.0189473684210526
42,mix_s000_c080_r020,"{""classification"": 0.8, ""retrieval"": 0.2, ""sts"": 0.0}",MSMARCORerankingGate,0.9689648295545039,-0.014903290341925834
42,mix_s000_c080_r020,"{""classification"": 0.8, ""retrieval"": 0.2, ""sts"": 0.0}",STSBenchmark.clean_exact,0.6699088052139514,-0.1331539378982295
42,mix_s000_c080_r020,"{""classification"": 0.8, ""retrieval"": 0.2, ""sts"": 0.0}",SICK-R.clean_exact,0.6968688061528272,-0.06095248573491374
42,mix_s000_c080_r020,"{""classification"": 0.8, ""retrieval"": 0.2, ""sts"": 0.0}",STS12.clean_exact,0.5806323590516727,-0.14253478793735974
42,mix_s000_c080_r020,"{""classification"": 0.8, ""retrieval"": 0.2, ""sts"": 0.0}",STS13.clean_exact,0.678226892158801,-0.12224745672691317
42,mix_s000_c080_r020,"{""classification"": 0.8, ""retrieval"": 0.2, ""sts"": 0.0}",STS14.clean_exact,0.6251169097881653,-0.13405550697520174
42,mix_s000_c100_r000,"{""classification"": 1.0, ""retrieval"": 0.0, ""sts"": 0.0}",STS14,0.567914,-0.18797699999999995
42,mix_s000_c100_r000,"{""classification"": 1.0, ""retrieval"": 0.0, ""sts"": 0.0}",Banking77Classification,0.651656,-0.14876599999999995
42,mix_s000_c100_r000,"{""classification"": 1.0, ""retrieval"": 0.0, ""sts"": 0.0}",RedditClustering.v2,0.375068,-0.13559700000000002
42,mix_s000_c100_r000,"{""classification"": 1.0, ""retrieval"": 0.0, ""sts"": 0.0}",AmazonCounterfactualClassification,0.66799875,0.03258574999999997
42,mix_s000_c100_r000,"{""classification"": 1.0, ""retrieval"": 0.0, ""sts"": 0.0}",TwentyNewsgroupsClustering.v2,0.392936,-0.06724999999999998
42,mix_s000_c100_r000,"{""classification"": 1.0, ""retrieval"": 0.0, ""sts"": 0.0}",STSBenchmark,0.646256,-0.17406899999999992
42,mix_s000_c100_r000,"{""classification"": 1.0, ""retrieval"": 0.0, ""sts"": 0.0}",ArguAna,0.18491,-0.30273000000000005
42,mix_s000_c100_r000,"{""classification"": 1.0, ""retrieval"": 0.0, ""sts"": 0.0}",STS13,0.613148,-0.19288399999999994
42,mix_s000_c100_r000,"{""classification"": 1.0, ""retrieval"": 0.0, ""sts"": 0.0}",EmotionClassification,0.29875,-0.10954999999999998
42,mix_s000_c100_r000,"{""classification"": 1.0, ""retrieval"": 0.0, ""sts"": 0.0}",STS12,0.561151,-0.1625390000000001
42,mix_s000_c100_r000,"{""classification"": 1.0, ""retrieval"": 0.0, ""sts"": 0.0}",SciFact,0.31353,-0.31033
42,mix_s000_c100_r000,"{""classification"": 1.0, ""retrieval"": 0.0, ""sts"": 0.0}",BIOSSES,0.478288,-0.338116
42,mix_s000_c100_r000,"{""classification"": 1.0, ""retrieval"": 0.0, ""sts"": 0.0}",FiQA2018,0.12405,-0.24220999999999998
42,mix_s000_c100_r000,"{""classification"": 1.0, ""retrieval"": 0.0, ""sts"": 0.0}",SICK-R,0.65318,-0.122645
42,mix_s000_c100_r000,"{""classification"": 1.0, ""retrieval"": 0.0, ""sts"": 0.0}",NFCorpus,0.11678,-0.19774999999999998
42,mix_s000_c100_r000,"{""classification"": 1.0, ""retrieval"": 0.0, ""sts"": 0.0}",MassiveIntentClassification,0.5797515,-0.09462750000000009
42,mix_s000_c100_r000,"{""classification"": 1.0, ""retrieval"": 0.0, ""sts"": 0.0}",AGNewsClassification,0.8907894736842106,0.02210526315789474
42,mix_s000_c100_r000,"{""classification"": 1.0, ""retrieval"": 0.0, ""sts"": 0.0}",MSMARCORerankingGate,0.834500600905746,-0.1493675189906838
42,mix_s000_c100_r000,"{""classification"": 1.0, ""retrieval"": 0.0, ""sts"": 0.0}",STSBenchmark.clean_exact,0.6111271202149341,-0.19193562289724675
42,mix_s000_c100_r000,"{""classification"": 1.0, ""retrieval"": 0.0, ""sts"": 0.0}",SICK-R.clean_exact,0.650326791377815,-0.10749450050992593
42,mix_s000_c100_r000,"{""classification"": 1.0, ""retrieval"": 0.0, ""sts"": 0.0}",STS12.clean_exact,0.5603270072094689,-0.16284013977956346
42,mix_s000_c100_r000,"{""classification"": 1.0, ""retrieval"": 0.0, ""sts"": 0.0}",STS13.clean_exact,0.606729680064067,-0.1937446688216472
42,mix_s000_c100_r000,"{""classification"": 1.0, ""retrieval"": 0.0, ""sts"": 0.0}",STS14.clean_exact,0.5862915288520432,-0.17288088791132383
42,mix_s020_c000_r080,"{""classification"": 0.0, ""retrieval"": 0.8, ""sts"": 0.2}",STS14,0.7685,0.012608999999999981
42,mix_s020_c000_r080,"{""classification"": 0.0, ""retrieval"": 0.8, ""sts"": 0.2}",Banking77Classification,0.806656,0.006234000000000073
42,mix_s020_c000_r080,"{""classification"": 0.0, ""retrieval"": 0.8, ""sts"": 0.2}",RedditClustering.v2,0.476566,-0.034099000000000046
42,mix_s020_c000_r080,"{""classification"": 0.0, ""retrieval"": 0.8, ""sts"": 0.2}",AmazonCounterfactualClassification,0.65862425,0.023211250000000017
42,mix_s020_c000_r080,"{""classification"": 0.0, ""retrieval"": 0.8, ""sts"": 0.2}",TwentyNewsgroupsClustering.v2,0.428319,-0.03186699999999998
42,mix_s020_c000_r080,"{""classification"": 0.0, ""retrieval"": 0.8, ""sts"": 0.2}",STSBenchmark,0.827534,0.007209000000000021
42,mix_s020_c000_r080,"{""classification"": 0.0, ""retrieval"": 0.8, ""sts"": 0.2}",ArguAna,0.50107,0.013429999999999997
42,mix_s020_c000_r080,"{""classification"": 0.0, ""retrieval"": 0.8, ""sts"": 0.2}",STS13,0.806082,4.999999999999449e-05
42,mix_s020_c000_r080,"{""classification"": 0.0, ""retrieval"": 0.8, ""sts"": 0.2}",EmotionClassification,0.4202,0.011900000000000022
42,mix_s020_c000_r080,"{""classification"": 0.0, ""retrieval"": 0.8, ""sts"": 0.2}",STS12,0.720088,-0.003602000000000105
42,mix_s020_c000_r080,"{""classification"": 0.0, ""retrieval"": 0.8, ""sts"": 0.2}",SciFact,0.62363,-0.00022999999999995246
42,mix_s020_c000_r080,"{""classification"": 0.0, ""retrieval"": 0.8, ""sts"": 0.2}",BIOSSES,0.834061,0.017657000000000034
42,mix_s020_c000_r080,"{""classification"": 0.0, ""retrieval"": 0.8, ""sts"": 0.2}",FiQA2018,0.36697,0.0007100000000000439
42,mix_s020_c000_r080,"{""classification"": 0.0, ""retrieval"": 0.8, ""sts"": 0.2}",SICK-R,0.779109,0.0032840000000000646
42,mix_s020_c000_r080,"{""classification"": 0.0, ""retrieval"": 0.8, ""sts"": 0.2}",NFCorpus,0.31038,-0.004149999999999987
42,mix_s020_c000_r080,"{""classification"": 0.0, ""retrieval"": 0.8, ""sts"": 0.2}",MassiveIntentClassification,0.678526,0.004146999999999901
42,mix_s020_c000_r080,"{""classification"": 0.0, ""retrieval"": 0.8, ""sts"": 0.2}",AGNewsClassification,0.8671052631578947,-0.0015789473684211242
42,mix_s020_c000_r080,"{""classification"": 0.0, ""retrieval"": 0.8, ""sts"": 0.2}",MSMARCORerankingGate,0.9928567355642863,0.008988615667856581
42,mix_s020_c000_r080,"{""classification"": 0.0, ""retrieval"": 0.8, ""sts"": 0.2}",STSBenchmark.clean_exact,0.8129800900338435,0.009917346921662684
42,mix_s020_c000_r080,"{""classification"": 0.0, ""retrieval"": 0.8, ""sts"": 0.2}",SICK-R.clean_exact,0.7605269450373272,0.0027056531495862624
42,mix_s020_c000_r080,"{""classification"": 0.0, ""retrieval"": 0.8, ""sts"": 0.2}",STS12.clean_exact,0.7195439848556586,-0.0036231621333737696
42,mix_s020_c000_r080,"{""classification"": 0.0, ""retrieval"": 0.8, ""sts"": 0.2}",STS13.clean_exact,0.7873800764000664,-0.013094272485647873
42,mix_s020_c000_r080,"{""classification"": 0.0, ""retrieval"": 0.8, ""sts"": 0.2}",STS14.clean_exact,0.7654809924556427,0.00630857569227572
42,mix_s020_c020_r060,"{""classification"": 0.2, ""retrieval"": 0.6, ""sts"": 0.2}",STS14,0.749211,-0.006680000000000019
42,mix_s020_c020_r060,"{""classification"": 0.2, ""retrieval"": 0.6, ""sts"": 0.2}",Banking77Classification,0.795097,-0.005324999999999913
42,mix_s020_c020_r060,"{""classification"": 0.2, ""retrieval"": 0.6, ""sts"": 0.2}",RedditClustering.v2,0.438626,-0.07203900000000002
42,mix_s020_c020_r060,"{""classification"": 0.2, ""retrieval"": 0.6, ""sts"": 0.2}",AmazonCounterfactualClassification,0.67569275,0.04027974999999995
42,mix_s020_c020_r060,"{""classification"": 0.2, ""retrieval"": 0.6, ""sts"": 0.2}",TwentyNewsgroupsClustering.v2,0.431437,-0.02874899999999997
42,mix_s020_c020_r060,"{""classification"": 0.2, ""retrieval"": 0.6, ""sts"": 0.2}",STSBenchmark,0.807034,-0.013290999999999942
42,mix_s020_c020_r060,"{""classification"": 0.2, ""retrieval"": 0.6, ""sts"": 0.2}",ArguAna,0.471,-0.016640000000000044
42,mix_s020_c020_r060,"{""classification"": 0.2, ""retrieval"": 0.6, ""sts"": 0.2}",STS13,0.777249,-0.028783000000000003
42,mix_s020_c020_r060,"{""classification"": 0.2, ""retrieval"": 0.6, ""sts"": 0.2}",EmotionClassification,0.41095,0.0026499999999999857
42,mix_s020_c020_r060,"{""classification"": 0.2, ""retrieval"": 0.6, ""sts"": 0.2}",STS12,0.673909,-0.049781000000000075
42,mix_s020_c020_r060,"{""classification"": 0.2, ""retrieval"": 0.6, ""sts"": 0.2}",SciFact,0.62077,-0.003089999999999926
42,mix_s020_c020_r060,"{""classification"": 0.2, ""retrieval"": 0.6, ""sts"": 0.2}",BIOSSES,0.786518,-0.029885999999999968
42,mix_s020_c020_r060,"{""classification"": 0.2, ""retrieval"": 0.6, ""sts"": 0.2}",FiQA2018,0.35515,-0.011109999999999953
42,mix_s020_c020_r060,"{""classification"": 0.2, ""retrieval"": 0.6, ""sts"": 0.2}",SICK-R,0.774902,-0.0009230000000000071
42,mix_s020_c020_r060,"{""classification"": 0.2, ""retrieval"": 0.6, ""sts"": 0.2}",NFCorpus,0.29956,-0.014969999999999983
42,mix_s020_c020_r060,"{""classification"": 0.2, ""retrieval"": 0.6, ""sts"": 0.2}",MassiveIntentClassification,0.672632,-0.001747000000000054
42,mix_s020_c020_r060,"{""classification"": 0.2, ""retrieval"": 0.6, ""sts"": 0.2}",AGNewsClassification,0.8760526315789474,0.00736842105263158
42,mix_s020_c020_r060,"{""classification"": 0.2, ""retrieval"": 0.6, ""sts"": 0.2}",MSMARCORerankingGate,0.9921185950714291,0.008250475174999328
42,mix_s020_c020_r060,"{""classification"": 0.2, ""retrieval"": 0.6, ""sts"": 0.2}",STSBenchmark.clean_exact,0.7876640825451238,-0.015398660567057076
42,mix_s020_c020_r060,"{""classification"": 0.2, ""retrieval"": 0.6, ""sts"": 0.2}",SICK-R.clean_exact,0.7568133613264326,-0.0010079305613083234
42,mix_s020_c020_r060,"{""classification"": 0.2, ""retrieval"": 0.6, ""sts"": 0.2}",STS12.clean_exact,0.6733200900829669,-0.0498470569060655
42,mix_s020_c020_r060,"{""classification"": 0.2, ""retrieval"": 0.6, ""sts"": 0.2}",STS13.clean_exact,0.7640965009948372,-0.03637784789087706
42,mix_s020_c020_r060,"{""classification"": 0.2, ""retrieval"": 0.6, ""sts"": 0.2}",STS14.clean_exact,0.7443424640269033,-0.014829952736463703
42,mix_s020_c040_r040,"{""classification"": 0.4, ""retrieval"": 0.4, ""sts"": 0.2}",STS14,0.70639,-0.04950100000000002
42,mix_s020_c040_r040,"{""classification"": 0.4, ""retrieval"": 0.4, ""sts"": 0.2}",Banking77Classification,0.771948,-0.028474
42,mix_s020_c040_r040,"{""classification"": 0.4, ""retrieval"": 0.4, ""sts"": 0.2}",RedditClustering.v2,0.432838,-0.07782700000000004
42,mix_s020_c040_r040,"{""classification"": 0.4, ""retrieval"": 0.4, ""sts"": 0.2}",AmazonCounterfactualClassification,0.6690327500000001,0.03361975000000006
42,mix_s020_c040_r040,"{""classification"": 0.4, ""retrieval"": 0.4, ""sts"": 0.2}",TwentyNewsgroupsClustering.v2,0.439072,-0.021113999999999966
42,mix_s020_c040_r040,"{""classification"": 0.4, ""retrieval"": 0.4, ""sts"": 0.2}",STSBenchmark,0.778512,-0.04181299999999999
42,mix_s020_c040_r040,"{""classification"": 0.4, ""retrieval"": 0.4, ""sts"": 0.2}",ArguAna,0.4447,-0.042940000000000034
42,mix_s020_c040_r040,"{""classification"": 0.4, ""retrieval"": 0.4, ""sts"": 0.2}",STS13,0.742461,-0.06357099999999993
42,mix_s020_c040_r040,"{""classification"": 0.4, ""retrieval"": 0.4, ""sts"": 0.2}",EmotionClassification,0.3788,-0.02949999999999997
42,mix_s020_c040_r040,"{""classification"": 0.4, ""retrieval"": 0.4, ""sts"": 0.2}",STS12,0.625683,-0.09800700000000007
42,mix_s020_c040_r040,"{""classification"": 0.4, ""retrieval"": 0.4, ""sts"": 0.2}",SciFact,0.61242,-0.011440000000000006
42,mix_s020_c040_r040,"{""classification"": 0.4, ""retrieval"": 0.4, ""sts"": 0.2}",BIOSSES,0.705914,-0.11048999999999998
42,mix_s020_c040_r040,"{""classification"": 0.4, ""retrieval"": 0.4, ""sts"": 0.2}",FiQA2018,0.32624,-0.04002
42,mix_s020_c040_r040,"{""classification"": 0.4, ""retrieval"": 0.4, ""sts"": 0.2}",SICK-R,0.761196,-0.014629000000000003
42,mix_s020_c040_r040,"{""classification"": 0.4, ""retrieval"": 0.4, ""sts"": 0.2}",NFCorpus,0.28751,-0.02701999999999999
42,mix_s020_c040_r040,"{""classification"": 0.4, ""retrieval"": 0.4, ""sts"": 0.2}",MassiveIntentClassification,0.660353,-0.014026000000000094
42,mix_s020_c040_r040,"{""classification"": 0.4, ""retrieval"": 0.4, ""sts"": 0.2}",AGNewsClassification,0.8796052631578948,0.010921052631578942
42,mix_s020_c040_r040,"{""classification"": 0.4, ""retrieval"": 0.4, ""sts"": 0.2}",MSMARCORerankingGate,0.9879278926071438,0.004059772710714005
42,mix_s020_c040_r040,"{""classification"": 0.4, ""retrieval"": 0.4, ""sts"": 0.2}",STSBenchmark.clean_exact,0.7539371598933342,-0.049125583218846636
42,mix_s020_c040_r040,"{""classification"": 0.4, ""retrieval"": 0.4, ""sts"": 0.2}",SICK-R.clean_exact,0.7441442815474247,-0.013677010340316209
42,mix_s020_c040_r040,"{""classification"": 0.4, ""retrieval"": 0.4, ""sts"": 0.2}",STS12.clean_exact,0.6250224499835505,-0.0981446970054819
42,mix_s020_c040_r040,"{""classification"": 0.4, ""retrieval"": 0.4, ""sts"": 0.2}",STS13.clean_exact,0.7360956794950447,-0.0643786693906695
42,mix_s020_c040_r040,"{""classification"": 0.4, ""retrieval"": 0.4, ""sts"": 0.2}",STS14.clean_exact,0.699439093888521,-0.05973332287484601
42,mix_s020_c060_r020,"{""classification"": 0.6, ""retrieval"": 0.2, ""sts"": 0.2}",STS14,0.666645,-0.08924599999999994
42,mix_s020_c060_r020,"{""classification"": 0.6, ""retrieval"": 0.2, ""sts"": 0.2}",Banking77Classification,0.735682,-0.06474000000000002
42,mix_s020_c060_r020,"{""classification"": 0.6, ""retrieval"": 0.2, ""sts"": 0.2}",RedditClustering.v2,0.41926,-0.09140500000000001
42,mix_s020_c060_r020,"{""classification"": 0.6, ""retrieval"": 0.2, ""sts"": 0.2}",AmazonCounterfactualClassification,0.66624575,0.030832749999999964
42,mix_s020_c060_r020,"{""classification"": 0.6, ""retrieval"": 0.2, ""sts"": 0.2}",TwentyNewsgroupsClustering.v2,0.417312,-0.04287399999999997
42,mix_s020_c060_r020,"{""classification"": 0.6, ""retrieval"": 0.2, ""sts"": 0.2}",STSBenchmark,0.747354,-0.07297100000000001
42,mix_s020_c060_r020,"{""classification"": 0.6, ""retrieval"": 0.2, ""sts"": 0.2}",ArguAna,0.37364,-0.11399999999999999
42,mix_s020_c060_r020,"{""classification"": 0.6, ""retrieval"": 0.2, ""sts"": 0.2}",STS13,0.709414,-0.09661799999999998
42,mix_s020_c060_r020,"{""classification"": 0.6, ""retrieval"": 0.2, ""sts"": 0.2}",EmotionClassification,0.35025,-0.05804999999999999
42,mix_s020_c060_r020,"{""classification"": 0.6, ""retrieval"": 0.2, ""sts"": 0.2}",STS12,0.586954,-0.13673600000000008
42,mix_s020_c060_r020,"{""classification"": 0.6, ""retrieval"": 0.2, ""sts"": 0.2}",SciFact,0.56469,-0.059169999999999945
42,mix_s020_c060_r020,"{""classification"": 0.6, ""retrieval"": 0.2, ""sts"": 0.2}",BIOSSES,0.634924,-0.18147999999999997
42,mix_s020_c060_r020,"{""classification"": 0.6, ""retrieval"": 0.2, ""sts"": 0.2}",FiQA2018,0.2854,-0.08085999999999999
42,mix_s020_c060_r020,"{""classification"": 0.6, ""retrieval"": 0.2, ""sts"": 0.2}",SICK-R,0.739695,-0.036129999999999995
42,mix_s020_c060_r020,"{""classification"": 0.6, ""retrieval"": 0.2, ""sts"": 0.2}",NFCorpus,0.2684,-0.04612999999999995
42,mix_s020_c060_r020,"{""classification"": 0.6, ""retrieval"": 0.2, ""sts"": 0.2}",MassiveIntentClassification,0.6382905,-0.03608850000000008
42,mix_s020_c060_r020,"{""classification"": 0.6, ""retrieval"": 0.2, ""sts"": 0.2}",AGNewsClassification,0.8855263157894737,0.01684210526315788
42,mix_s020_c060_r020,"{""classification"": 0.6, ""retrieval"": 0.2, ""sts"": 0.2}",MSMARCORerankingGate,0.9762390237437891,-0.007629096152640624
42,mix_s020_c060_r020,"{""classification"": 0.6, ""retrieval"": 0.2, ""sts"": 0.2}",STSBenchmark.clean_exact,0.7164601161173736,-0.08660262699480725
42,mix_s020_c060_r020,"{""classification"": 0.6, ""retrieval"": 0.2, ""sts"": 0.2}",SICK-R.clean_exact,0.7232162289602966,-0.03460506292744436
42,mix_s020_c060_r020,"{""classification"": 0.6, ""retrieval"": 0.2, ""sts"": 0.2}",STS12.clean_exact,0.5861947441799245,-0.13697240280910794
42,mix_s020_c060_r020,"{""classification"": 0.6, ""retrieval"": 0.2, ""sts"": 0.2}",STS13.clean_exact,0.7022273361228735,-0.09824701276284076
42,mix_s020_c060_r020,"{""classification"": 0.6, ""retrieval"": 0.2, ""sts"": 0.2}",STS14.clean_exact,0.6593846250610749,-0.09978779170229213
42,mix_s020_c080_r000,"{""classification"": 0.8, ""retrieval"": 0.0, ""sts"": 0.2}",STS14,0.671481,-0.08440999999999999
42,mix_s020_c080_r000,"{""classification"": 0.8, ""retrieval"": 0.0, ""sts"": 0.2}",Banking77Classification,0.660455,-0.13996699999999995
42,mix_s020_c080_r000,"{""classification"": 0.8, ""retrieval"": 0.0, ""sts"": 0.2}",RedditClustering.v2,0.408686,-0.10197900000000004
42,mix_s020_c080_r000,"{""classification"": 0.8, ""retrieval"": 0.0, ""sts"": 0.2}",AmazonCounterfactualClassification,0.6690814999999999,0.03366849999999988
42,mix_s020_c080_r000,"{""classification"": 0.8, ""retrieval"": 0.0, ""sts"": 0.2}",TwentyNewsgroupsClustering.v2,0.410123,-0.05006299999999997
42,mix_s020_c080_r000,"{""classification"": 0.8, ""retrieval"": 0.0, ""sts"": 0.2}",STSBenchmark,0.741439,-0.07888600000000001
42,mix_s020_c080_r000,"{""classification"": 0.8, ""retrieval"": 0.0, ""sts"": 0.2}",ArguAna,0.25072,-0.23692000000000002
42,mix_s020_c080_r000,"{""classification"": 0.8, ""retrieval"": 0.0, ""sts"": 0.2}",STS13,0.712978,-0.09305399999999997
42,mix_s020_c080_r000,"{""classification"": 0.8, ""retrieval"": 0.0, ""sts"": 0.2}",EmotionClassification,0.3199,-0.08839999999999998
42,mix_s020_c080_r000,"{""classification"": 0.8, ""retrieval"": 0.0, ""sts"": 0.2}",STS12,0.606524,-0.1171660000000001
42,mix_s020_c080_r000,"{""classification"": 0.8, ""retrieval"": 0.0, ""sts"": 0.2}",SciFact,0.41648,-0.20737999999999995
42,mix_s020_c080_r000,"{""classification"": 0.8, ""retrieval"": 0.0, ""sts"": 0.2}",BIOSSES,0.603863,-0.21254099999999998
42,mix_s020_c080_r000,"{""classification"": 0.8, ""retrieval"": 0.0, ""sts"": 0.2}",FiQA2018,0.17025,-0.19600999999999996
42,mix_s020_c080_r000,"{""classification"": 0.8, ""retrieval"": 0.0, ""sts"": 0.2}",SICK-R,0.727065,-0.048760000000000026
42,mix_s020_c080_r000,"{""classification"": 0.8, ""retrieval"": 0.0, ""sts"": 0.2}",NFCorpus,0.16813,-0.14639999999999997
42,mix_s020_c080_r000,"{""classification"": 0.8, ""retrieval"": 0.0, ""sts"": 0.2}",MassiveIntentClassification,0.588381,-0.08599800000000002
42,mix_s020_c080_r000,"{""classification"": 0.8, ""retrieval"": 0.0, ""sts"": 0.2}",AGNewsClassification,0.8875,0.01881578947368412
42,mix_s020_c080_r000,"{""classification"": 0.8, ""retrieval"": 0.0, ""sts"": 0.2}",MSMARCORerankingGate,0.8824772414248961,-0.10139087847153361
42,mix_s020_c080_r000,"{""classification"": 0.8, ""retrieval"": 0.0, ""sts"": 0.2}",STSBenchmark.clean_exact,0.7080869428408593,-0.09497580027132158
42,mix_s020_c080_r000,"{""classification"": 0.8, ""retrieval"": 0.0, ""sts"": 0.2}",SICK-R.clean_exact,0.7103224193890522,-0.04749887249868878
42,mix_s020_c080_r000,"{""classification"": 0.8, ""retrieval"": 0.0, ""sts"": 0.2}",STS12.clean_exact,0.6058075711524531,-0.1173595758365793
42,mix_s020_c080_r000,"{""classification"": 0.8, ""retrieval"": 0.0, ""sts"": 0.2}",STS13.clean_exact,0.6827643727814435,-0.1177099761042707
42,mix_s020_c080_r000,"{""classification"": 0.8, ""retrieval"": 0.0, ""sts"": 0.2}",STS14.clean_exact,0.6647844398074103,-0.09438797695595669
42,mix_s040_c000_r060,"{""classification"": 0.0, ""retrieval"": 0.6, ""sts"": 0.4}",STS14,0.773135,0.017244000000000037
42,mix_s040_c000_r060,"{""classification"": 0.0, ""retrieval"": 0.6, ""sts"": 0.4}",Banking77Classification,0.804481,0.004059000000000035
42,mix_s040_c000_r060,"{""classification"": 0.0, ""retrieval"": 0.6, ""sts"": 0.4}",RedditClustering.v2,0.474622,-0.03604300000000005
42,mix_s040_c000_r060,"{""classification"": 0.0, ""retrieval"": 0.6, ""sts"": 0.4}",AmazonCounterfactualClassification,0.66619875,0.030785749999999945
42,mix_s040_c000_r060,"{""classification"": 0.0, ""retrieval"": 0.6, ""sts"": 0.4}",TwentyNewsgroupsClustering.v2,0.445477,-0.014708999999999972
42,mix_s040_c000_r060,"{""classification"": 0.0, ""retrieval"": 0.6, ""sts"": 0.4}",STSBenchmark,0.825602,0.005276999999999976
42,mix_s040_c000_r060,"{""classification"": 0.0, ""retrieval"": 0.6, ""sts"": 0.4}",ArguAna,0.49623,0.008589999999999987
42,mix_s040_c000_r060,"{""classification"": 0.0, ""retrieval"": 0.6, ""sts"": 0.4}",STS13,0.801961,-0.004070999999999936
42,mix_s040_c000_r060,"{""classification"": 0.0, ""retrieval"": 0.6, ""sts"": 0.4}",EmotionClassification,0.41935,0.011050000000000004
42,mix_s040_c000_r060,"{""classification"": 0.0, ""retrieval"": 0.6, ""sts"": 0.4}",STS12,0.715756,-0.007934000000000108
42,mix_s040_c000_r060,"{""classification"": 0.0, ""retrieval"": 0.6, ""sts"": 0.4}",SciFact,0.62073,-0.003129999999999966
42,mix_s040_c000_r060,"{""classification"": 0.0, ""retrieval"": 0.6, ""sts"": 0.4}",BIOSSES,0.818356,0.0019519999999999538
42,mix_s040_c000_r060,"{""classification"": 0.0, ""retrieval"": 0.6, ""sts"": 0.4}",FiQA2018,0.36579,-0.00046999999999997044
42,mix_s040_c000_r060,"{""classification"": 0.0, ""retrieval"": 0.6, ""sts"": 0.4}",SICK-R,0.780037,0.0042119999999999935
42,mix_s040_c000_r060,"{""classification"": 0.0, ""retrieval"": 0.6, ""sts"": 0.4}",NFCorpus,0.30534,-0.009189999999999976
42,mix_s040_c000_r060,"{""classification"": 0.0, ""retrieval"": 0.6, ""sts"": 0.4}",MassiveIntentClassification,0.6797394999999999,0.005360499999999879
42,mix_s040_c000_r060,"{""classification"": 0.0, ""retrieval"": 0.6, ""sts"": 0.4}",AGNewsClassification,0.8728947368421053,0.004210526315789442
42,mix_s040_c000_r060,"{""classification"": 0.0, ""retrieval"": 0.6, ""sts"": 0.4}",MSMARCORerankingGate,0.9924876653178576,0.008619545421427843
42,mix_s040_c000_r060,"{""classification"": 0.0, ""retrieval"": 0.6, ""sts"": 0.4}",STSBenchmark.clean_exact,0.8112812512701811,0.008218508158000293
42,mix_s040_c000_r060,"{""classification"": 0.0, ""retrieval"": 0.6, ""sts"": 0.4}",SICK-R.clean_exact,0.760610696271875,0.0027894043841341087
42,mix_s040_c000_r060,"{""classification"": 0.0, ""retrieval"": 0.6, ""sts"": 0.4}",STS12.clean_exact,0.7152397899346173,-0.007927357054415052
42,mix_s040_c000_r060,"{""classification"": 0.0, ""retrieval"": 0.6, ""sts"": 0.4}",STS13.clean_exact,0.7786594952947552,-0.021814853590959027
42,mix_s040_c000_r060,"{""classification"": 0.0, ""retrieval"": 0.6, ""sts"": 0.4}",STS14.clean_exact,0.7692874261066707,0.010115009343303671
42,mix_s040_c020_r040,"{""classification"": 0.2, ""retrieval"": 0.4, ""sts"": 0.4}",STS14,0.748356,-0.007534999999999958
42,mix_s040_c020_r040,"{""classification"": 0.2, ""retrieval"": 0.4, ""sts"": 0.4}",Banking77Classification,0.783994,-0.016427999999999998
42,mix_s040_c020_r040,"{""classification"": 0.2, ""retrieval"": 0.4, ""sts"": 0.4}",RedditClustering.v2,0.438732,-0.07193300000000002
42,mix_s040_c020_r040,"{""classification"": 0.2, ""retrieval"": 0.4, ""sts"": 0.4}",AmazonCounterfactualClassification,0.67928575,0.043872750000000016
42,mix_s040_c020_r040,"{""classification"": 0.2, ""retrieval"": 0.4, ""sts"": 0.4}",TwentyNewsgroupsClustering.v2,0.436417,-0.023768999999999985
42,mix_s040_c020_r040,"{""classification"": 0.2, ""retrieval"": 0.4, ""sts"": 0.4}",STSBenchmark,0.803836,-0.016488999999999976
42,mix_s040_c020_r040,"{""classification"": 0.2, ""retrieval"": 0.4, ""sts"": 0.4}",ArguAna,0.48123,-0.006410000000000027
42,mix_s040_c020_r040,"{""classification"": 0.2, ""retrieval"": 0.4, ""sts"": 0.4}",STS13,0.773046,-0.03298599999999996
42,mix_s040_c020_r040,"{""classification"": 0.2, ""retrieval"": 0.4, ""sts"": 0.4}",EmotionClassification,0.405,-0.0032999999999999696
42,mix_s040_c020_r040,"{""classification"": 0.2, ""retrieval"": 0.4, ""sts"": 0.4}",STS12,0.671934,-0.051756000000000024
42,mix_s040_c020_r040,"{""classification"": 0.2, ""retrieval"": 0.4, ""sts"": 0.4}",SciFact,0.6224,-0.0014600000000000168
42,mix_s040_c020_r040,"{""classification"": 0.2, ""retrieval"": 0.4, ""sts"": 0.4}",BIOSSES,0.763276,-0.053128000000000064
42,mix_s040_c020_r040,"{""classification"": 0.2, ""retrieval"": 0.4, ""sts"": 0.4}",FiQA2018,0.34354,-0.022719999999999962
42,mix_s040_c020_r040,"{""classification"": 0.2, ""retrieval"": 0.4, ""sts"": 0.4}",SICK-R,0.773556,-0.0022689999999999655
42,mix_s040_c020_r040,"{""classification"": 0.2, ""retrieval"": 0.4, ""sts"": 0.4}",NFCorpus,0.29319,-0.02133999999999997
42,mix_s040_c020_r040,"{""classification"": 0.2, ""retrieval"": 0.4, ""sts"": 0.4}",MassiveIntentClassification,0.6696679999999999,-0.004711000000000132
42,mix_s040_c020_r040,"{""classification"": 0.2, ""retrieval"": 0.4, ""sts"": 0.4}",AGNewsClassification,0.8777631578947368,0.009078947368420964
42,mix_s040_c020_r040,"{""classification"": 0.2, ""retrieval"": 0.4, ""sts"": 0.4}",MSMARCORerankingGate,0.990642314085715,0.006774194189285265
42,mix_s040_c020_r040,"{""classification"": 0.2, ""retrieval"": 0.4, ""sts"": 0.4}",STSBenchmark.clean_exact,0.7838754283871724,-0.019187314725008453
42,mix_s040_c020_r040,"{""classification"": 0.2, ""retrieval"": 0.4, ""sts"": 0.4}",SICK-R.clean_exact,0.7549356491751287,-0.0028856427126122686
42,mix_s040_c020_r040,"{""classification"": 0.2, ""retrieval"": 0.4, ""sts"": 0.4}",STS12.clean_exact,0.6713525834160292,-0.05181456357300318
42,mix_s040_c020_r040,"{""classification"": 0.2, ""retrieval"": 0.4, ""sts"": 0.4}",STS13.clean_exact,0.7554532681837274,-0.04502108070198685
42,mix_s040_c020_r040,"{""classification"": 0.2, ""retrieval"": 0.4, ""sts"": 0.4}",STS14.clean_exact,0.7424985915697642,-0.01667382519360283
42,mix_s040_c040_r020,"{""classification"": 0.4, ""retrieval"": 0.2, ""sts"": 0.4}",STS14,0.71976,-0.036131000000000024
42,mix_s040_c040_r020,"{""classification"": 0.4, ""retrieval"": 0.2, ""sts"": 0.4}",Banking77Classification,0.748117,-0.052304999999999935
42,mix_s040_c040_r020,"{""classification"": 0.4, ""retrieval"": 0.2, ""sts"": 0.4}",RedditClustering.v2,0.435626,-0.07503900000000002
42,mix_s040_c040_r020,"{""classification"": 0.4, ""retrieval"": 0.2, ""sts"": 0.4}",AmazonCounterfactualClassification,0.67357175,0.03815875000000002
42,mix_s040_c040_r020,"{""classification"": 0.4, ""retrieval"": 0.2, ""sts"": 0.4}",TwentyNewsgroupsClustering.v2,0.431342,-0.02884399999999998
42,mix_s040_c040_r020,"{""classification"": 0.4, ""retrieval"": 0.2, ""sts"": 0.4}",STSBenchmark,0.795743,-0.024581999999999993
42,mix_s040_c040_r020,"{""classification"": 0.4, ""retrieval"": 0.2, ""sts"": 0.4}",ArguAna,0.42296,-0.06468000000000002
42,mix_s040_c040_r020,"{""classification"": 0.4, ""retrieval"": 0.2, ""sts"": 0.4}",STS13,0.75078,-0.05525199999999997
42,mix_s040_c040_r020,"{""classification"": 0.4, ""retrieval"": 0.2, ""sts"": 0.4}",EmotionClassification,0.3741,-0.03420000000000001
42,mix_s040_c040_r020,"{""classification"": 0.4, ""retrieval"": 0.2, ""sts"": 0.4}",STS12,0.651178,-0.07251200000000002
42,mix_s040_c040_r020,"{""classification"": 0.4, ""retrieval"": 0.2, ""sts"": 0.4}",SciFact,0.58577,-0.03808999999999996
42,mix_s040_c040_r020,"{""classification"": 0.4, ""retrieval"": 0.2, ""sts"": 0.4}",BIOSSES,0.692178,-0.12422600000000006
42,mix_s040_c040_r020,"{""classification"": 0.4, ""retrieval"": 0.2, ""sts"": 0.4}",FiQA2018,0.29867,-0.06758999999999998
42,mix_s040_c040_r020,"{""classification"": 0.4, ""retrieval"": 0.2, ""sts"": 0.4}",SICK-R,0.760333,-0.01549199999999995
42,mix_s040_c040_r020,"{""classification"": 0.4, ""retrieval"": 0.2, ""sts"": 0.4}",NFCorpus,0.27124,-0.043289999999999995
42,mix_s040_c040_r020,"{""classification"": 0.4, ""retrieval"": 0.2, ""sts"": 0.4}",MassiveIntentClassification,0.6454895,-0.028889500000000012
42,mix_s040_c040_r020,"{""classification"": 0.4, ""retrieval"": 0.2, ""sts"": 0.4}",AGNewsClassification,0.8814473684210526,0.01276315789473681
42,mix_s040_c040_r020,"{""classification"": 0.4, ""retrieval"": 0.2, ""sts"": 0.4}",MSMARCORerankingGate,0.9837371901428582,-0.00013092975357154035
42,mix_s040_c040_r020,"{""classification"": 0.4, ""retrieval"": 0.2, ""sts"": 0.4}",STSBenchmark.clean_exact,0.7716549894351478,-0.03140775367703308
42,mix_s040_c040_r020,"{""classification"": 0.4, ""retrieval"": 0.2, ""sts"": 0.4}",SICK-R.clean_exact,0.7427037340031954,-0.015117557884545496
42,mix_s040_c040_r020,"{""classification"": 0.4, ""retrieval"": 0.2, ""sts"": 0.4}",STS12.clean_exact,0.6505295274941733,-0.07263761949485914
42,mix_s040_c040_r020,"{""classification"": 0.4, ""retrieval"": 0.2, ""sts"": 0.4}",STS13.clean_exact,0.7324548890512996,-0.0680194598344146
42,mix_s040_c040_r020,"{""classification"": 0.4, ""retrieval"": 0.2, ""sts"": 0.4}",STS14.clean_exact,0.7115948618344526,-0.047577554928914356
42,mix_s040_c060_r000,"{""classification"": 0.6, ""retrieval"": 0.0, ""sts"": 0.4}",STS14,0.737885,-0.018005999999999966
42,mix_s040_c060_r000,"{""classification"": 0.6, ""retrieval"": 0.0, ""sts"": 0.4}",Banking77Classification,0.686201,-0.11422100000000002
42,mix_s040_c060_r000,"{""classification"": 0.6, ""retrieval"": 0.0, ""sts"": 0.4}",RedditClustering.v2,0.428979,-0.08168600000000004
42,mix_s040_c060_r000,"{""classification"": 0.6, ""retrieval"": 0.0, ""sts"": 0.4}",AmazonCounterfactualClassification,0.672895,0.037482000000000015
42,mix_s040_c060_r000,"{""classification"": 0.6, ""retrieval"": 0.0, ""sts"": 0.4}",TwentyNewsgroupsClustering.v2,0.42236,-0.03782599999999997
42,mix_s040_c060_r000,"{""classification"": 0.6, ""retrieval"": 0.0, ""sts"": 0.4}",STSBenchmark,0.810483,-0.009842000000000017
42,mix_s040_c060_r000,"{""classification"": 0.6, ""retrieval"": 0.0, ""sts"": 0.4}",ArguAna,0.33845,-0.14919000000000004
42,mix_s040_c060_r000,"{""classification"": 0.6, ""retrieval"": 0.0, ""sts"": 0.4}",STS13,0.768579,-0.03745299999999996
42,mix_s040_c060_r000,"{""classification"": 0.6, ""retrieval"": 0.0, ""sts"": 0.4}",EmotionClassification,0.34975,-0.05854999999999999
42,mix_s040_c060_r000,"{""classification"": 0.6, ""retrieval"": 0.0, ""sts"": 0.4}",STS12,0.679079,-0.04461100000000007
42,mix_s040_c060_r000,"{""classification"": 0.6, ""retrieval"": 0.0, ""sts"": 0.4}",SciFact,0.49802,-0.12583999999999995
42,mix_s040_c060_r000,"{""classification"": 0.6, ""retrieval"": 0.0, ""sts"": 0.4}",BIOSSES,0.673353,-0.14305100000000004
42,mix_s040_c060_r000,"{""classification"": 0.6, ""retrieval"": 0.0, ""sts"": 0.4}",FiQA2018,0.2181,-0.14816
42,mix_s040_c060_r000,"{""classification"": 0.6, ""retrieval"": 0.0, ""sts"": 0.4}",SICK-R,0.754276,-0.02154900000000004
42,mix_s040_c060_r000,"{""classification"": 0.6, ""retrieval"": 0.0, ""sts"": 0.4}",NFCorpus,0.2044,-0.11012999999999998
42,mix_s040_c060_r000,"{""classification"": 0.6, ""retrieval"": 0.0, ""sts"": 0.4}",MassiveIntentClassification,0.606848,-0.06753100000000001
42,mix_s040_c060_r000,"{""classification"": 0.6, ""retrieval"": 0.0, ""sts"": 0.4}",AGNewsClassification,0.8847368421052632,0.01605263157894732
42,mix_s040_c060_r000,"{""classification"": 0.6, ""retrieval"": 0.0, ""sts"": 0.4}",MSMARCORerankingGate,0.9223744208025099,-0.061493699093919885
42,mix_s040_c060_r000,"{""classification"": 0.6, ""retrieval"": 0.0, ""sts"": 0.4}",STSBenchmark.clean_exact,0.7863896484643024,-0.016673094647878473
42,mix_s040_c060_r000,"{""classification"": 0.6, ""retrieval"": 0.0, ""sts"": 0.4}",SICK-R.clean_exact,0.7366427855911752,-0.021178506296565702
42,mix_s040_c060_r000,"{""classification"": 0.6, ""retrieval"": 0.0, ""sts"": 0.4}",STS12.clean_exact,0.6784968984111457,-0.044670248577886706
42,mix_s040_c060_r000,"{""classification"": 0.6, ""retrieval"": 0.0, ""sts"": 0.4}",STS13.clean_exact,0.7382274262195831,-0.06224692266613108
42,mix_s040_c060_r000,"{""classification"": 0.6, ""retrieval"": 0.0, ""sts"": 0.4}",STS14.clean_exact,0.72903108886442,-0.030141327898946968
42,mix_s060_c000_r040,"{""classification"": 0.0, ""retrieval"": 0.4, ""sts"": 0.6}",STS14,0.773475,0.017584000000000044
42,mix_s060_c000_r040,"{""classification"": 0.0, ""retrieval"": 0.4, ""sts"": 0.6}",Banking77Classification,0.792532,-0.007889999999999953
42,mix_s060_c000_r040,"{""classification"": 0.0, ""retrieval"": 0.4, ""sts"": 0.6}",RedditClustering.v2,0.457711,-0.05295400000000006
42,mix_s060_c000_r040,"{""classification"": 0.0, ""retrieval"": 0.4, ""sts"": 0.6}",AmazonCounterfactualClassification,0.6727957499999999,0.03738274999999991
42,mix_s060_c000_r040,"{""classification"": 0.0, ""retrieval"": 0.4, ""sts"": 0.6}",TwentyNewsgroupsClustering.v2,0.427441,-0.03274499999999997
42,mix_s060_c000_r040,"{""classification"": 0.0, ""retrieval"": 0.4, ""sts"": 0.6}",STSBenchmark,0.830858,0.010533000000000015
42,mix_s060_c000_r040,"{""classification"": 0.0, ""retrieval"": 0.4, ""sts"": 0.6}",ArguAna,0.50283,0.015189999999999981
42,mix_s060_c000_r040,"{""classification"": 0.0, ""retrieval"": 0.4, ""sts"": 0.6}",STS13,0.793349,-0.012683
42,mix_s060_c000_r040,"{""classification"": 0.0, ""retrieval"": 0.4, ""sts"": 0.6}",EmotionClassification,0.41425,0.005950000000000011
42,mix_s060_c000_r040,"{""classification"": 0.0, ""retrieval"": 0.4, ""sts"": 0.6}",STS12,0.725142,0.0014519999999998978
42,mix_s060_c000_r040,"{""classification"": 0.0, ""retrieval"": 0.4, ""sts"": 0.6}",SciFact,0.62301,-0.0008500000000000174
42,mix_s060_c000_r040,"{""classification"": 0.0, ""retrieval"": 0.4, ""sts"": 0.6}",BIOSSES,0.808934,-0.007469999999999977
42,mix_s060_c000_r040,"{""classification"": 0.0, ""retrieval"": 0.4, ""sts"": 0.6}",FiQA2018,0.34127,-0.024989999999999957
42,mix_s060_c000_r040,"{""classification"": 0.0, ""retrieval"": 0.4, ""sts"": 0.6}",SICK-R,0.780087,0.004261999999999988
42,mix_s060_c000_r040,"{""classification"": 0.0, ""retrieval"": 0.4, ""sts"": 0.6}",NFCorpus,0.29774,-0.01678999999999997
42,mix_s060_c000_r040,"{""classification"": 0.0, ""retrieval"": 0.4, ""sts"": 0.6}",MassiveIntentClassification,0.6780729999999999,0.003693999999999864
42,mix_s060_c000_r040,"{""classification"": 0.0, ""retrieval"": 0.4, ""sts"": 0.6}",AGNewsClassification,0.8728947368421053,0.004210526315789442
42,mix_s060_c000_r040,"{""classification"": 0.0, ""retrieval"": 0.4, ""sts"": 0.6}",MSMARCORerankingGate,0.9917495248250007,0.007881404928570923
42,mix_s060_c000_r040,"{""classification"": 0.0, ""retrieval"": 0.4, ""sts"": 0.6}",STSBenchmark.clean_exact,0.8144746878955264,0.011411944783345507
42,mix_s060_c000_r040,"{""classification"": 0.0, ""retrieval"": 0.4, ""sts"": 0.6}",SICK-R.clean_exact,0.7607495142398586,0.0029282223521176487
42,mix_s060_c000_r040,"{""classification"": 0.0, ""retrieval"": 0.4, ""sts"": 0.6}",STS12.clean_exact,0.724646868624008,0.0014797216349755615
42,mix_s060_c000_r040,"{""classification"": 0.0, ""retrieval"": 0.4, ""sts"": 0.6}",STS13.clean_exact,0.7649871004235429,-0.03548724846217133
42,mix_s060_c000_r040,"{""classification"": 0.0, ""retrieval"": 0.4, ""sts"": 0.6}",STS14.clean_exact,0.7680380504530786,0.008865633689711605
42,mix_s060_c020_r020,"{""classification"": 0.2, ""retrieval"": 0.2, ""sts"": 0.6}",STS14,0.758721,0.002829999999999999
42,mix_s060_c020_r020,"{""classification"": 0.2, ""retrieval"": 0.2, ""sts"": 0.6}",Banking77Classification,0.759188,-0.04123399999999999
42,mix_s060_c020_r020,"{""classification"": 0.2, ""retrieval"": 0.2, ""sts"": 0.6}",RedditClustering.v2,0.451513,-0.05915200000000004
42,mix_s060_c020_r020,"{""classification"": 0.2, ""retrieval"": 0.2, ""sts"": 0.6}",AmazonCounterfactualClassification,0.6758244999999999,0.040411499999999934
42,mix_s060_c020_r020,"{""classification"": 0.2, ""retrieval"": 0.2, ""sts"": 0.6}",TwentyNewsgroupsClustering.v2,0.430543,-0.029642999999999975
42,mix_s060_c020_r020,"{""classification"": 0.2, ""retrieval"": 0.2, ""sts"": 0.6}",STSBenchmark,0.823289,0.0029640000000000777
42,mix_s060_c020_r020,"{""classification"": 0.2, ""retrieval"": 0.2, ""sts"": 0.6}",ArguAna,0.46777,-0.01987
42,mix_s060_c020_r020,"{""classification"": 0.2, ""retrieval"": 0.2, ""sts"": 0.6}",STS13,0.777568,-0.028463999999999934
42,mix_s060_c020_r020,"{""classification"": 0.2, ""retrieval"": 0.2, ""sts"": 0.6}",EmotionClassification,0.4006,-0.007699999999999985
42,mix_s060_c020_r020,"{""classification"": 0.2, ""retrieval"": 0.2, ""sts"": 0.6}",STS12,0.701651,-0.02203900000000003
42,mix_s060_c020_r020,"{""classification"": 0.2, ""retrieval"": 0.2, ""sts"": 0.6}",SciFact,0.60428,-0.01957999999999993
42,mix_s060_c020_r020,"{""classification"": 0.2, ""retrieval"": 0.2, ""sts"": 0.6}",BIOSSES,0.733679,-0.08272500000000005
42,mix_s060_c020_r020,"{""classification"": 0.2, ""retrieval"": 0.2, ""sts"": 0.6}",FiQA2018,0.30607,-0.060189999999999966
42,mix_s060_c020_r020,"{""classification"": 0.2, ""retrieval"": 0.2, ""sts"": 0.6}",SICK-R,0.773781,-0.0020439999999999348
42,mix_s060_c020_r020,"{""classification"": 0.2, ""retrieval"": 0.2, ""sts"": 0.6}",NFCorpus,0.27103,-0.04349999999999998
42,mix_s060_c020_r020,"{""classification"": 0.2, ""retrieval"": 0.2, ""sts"": 0.6}",MassiveIntentClassification,0.656185,-0.018194000000000043
42,mix_s060_c020_r020,"{""classification"": 0.2, ""retrieval"": 0.2, ""sts"": 0.6}",AGNewsClassification,0.8792105263157894,0.010526315789473606
42,mix_s060_c020_r020,"{""classification"": 0.2, ""retrieval"": 0.2, ""sts"": 0.6}",MSMARCORerankingGate,0.9897732438392864,0.005905123942856694
42,mix_s060_c020_r020,"{""classification"": 0.2, ""retrieval"": 0.2, ""sts"": 0.6}",STSBenchmark.clean_exact,0.8022045524059866,-0.0008581907061941951
42,mix_s060_c020_r020,"{""classification"": 0.2, ""retrieval"": 0.2, ""sts"": 0.6}",SICK-R.clean_exact,0.7550748294494816,-0.0027464624382593783
42,mix_s060_c020_r020,"{""classification"": 0.2, ""retrieval"": 0.2, ""sts"": 0.6}",STS12.clean_exact,0.7011013077057751,-0.022065839283257338
42,mix_s060_c020_r020,"{""classification"": 0.2, ""retrieval"": 0.2, ""sts"": 0.6}",STS13.clean_exact,0.7525753758677172,-0.04789897301799706
42,mix_s060_c020_r020,"{""classification"": 0.2, ""retrieval"": 0.2, ""sts"": 0.6}",STS14.clean_exact,0.7515991598534626,-0.007573256909904402
42,mix_s060_c040_r000,"{""classification"": 0.4, ""retrieval"": 0.0, ""sts"": 0.6}",STS14,0.772945,0.017054000000000014
42,mix_s060_c040_r000,"{""classification"": 0.4, ""retrieval"": 0.0, ""sts"": 0.6}",Banking77Classification,0.718019,-0.082403
42,mix_s060_c040_r000,"{""classification"": 0.4, ""retrieval"": 0.0, ""sts"": 0.6}",RedditClustering.v2,0.454603,-0.056062000000000056
42,mix_s060_c040_r000,"{""classification"": 0.4, ""retrieval"": 0.0, ""sts"": 0.6}",AmazonCounterfactualClassification,0.6815115,0.04609850000000004
42,mix_s060_c040_r000,"{""classification"": 0.4, ""retrieval"": 0.0, ""sts"": 0.6}",TwentyNewsgroupsClustering.v2,0.438511,-0.021675
42,mix_s060_c040_r000,"{""classification"": 0.4, ""retrieval"": 0.0, ""sts"": 0.6}",STSBenchmark,0.832702,0.012377000000000082
42,mix_s060_c040_r000,"{""classification"": 0.4, ""retrieval"": 0.0, ""sts"": 0.6}",ArguAna,0.38642,-0.10122000000000003
42,mix_s060_c040_r000,"{""classification"": 0.4, ""retrieval"": 0.0, ""sts"": 0.6}",STS13,0.795625,-0.010406999999999944
42,mix_s060_c040_r000,"{""classification"": 0.4, ""retrieval"": 0.0, ""sts"": 0.6}",EmotionClassification,0.37255,-0.035750000000000004
42,mix_s060_c040_r000,"{""classification"": 0.4, ""retrieval"": 0.0, ""sts"": 0.6}",STS12,0.713727,-0.009963000000000055
42,mix_s060_c040_r000,"{""classification"": 0.4, ""retrieval"": 0.0, ""sts"": 0.6}",SciFact,0.52392,-0.09993999999999992
42,mix_s060_c040_r000,"{""classification"": 0.4, ""retrieval"": 0.0, ""sts"": 0.6}",BIOSSES,0.71383,-0.10257400000000005
42,mix_s060_c040_r000,"{""classification"": 0.4, ""retrieval"": 0.0, ""sts"": 0.6}",FiQA2018,0.25568,-0.11057999999999996
42,mix_s060_c040_r000,"{""classification"": 0.4, ""retrieval"": 0.0, ""sts"": 0.6}",SICK-R,0.765764,-0.010060999999999987
42,mix_s060_c040_r000,"{""classification"": 0.4, ""retrieval"": 0.0, ""sts"": 0.6}",NFCorpus,0.22442,-0.09010999999999997
42,mix_s060_c040_r000,"{""classification"": 0.4, ""retrieval"": 0.0, ""sts"": 0.6}",MassiveIntentClassification,0.6273105,-0.04706850000000007
42,mix_s060_c040_r000,"{""classification"": 0.4, ""retrieval"": 0.0, ""sts"": 0.6}",AGNewsClassification,0.8814473684210526,0.01276315789473681
42,mix_s060_c040_r000,"{""classification"": 0.4, ""retrieval"": 0.0, ""sts"": 0.6}",MSMARCORerankingGate,0.9379365853559677,-0.04593153454046206
42,mix_s060_c040_r000,"{""classification"": 0.4, ""retrieval"": 0.0, ""sts"": 0.6}",STSBenchmark.clean_exact,0.811602686059749,0.008539942947568102
42,mix_s060_c040_r000,"{""classification"": 0.4, ""retrieval"": 0.0, ""sts"": 0.6}",SICK-R.clean_exact,0.7467086535924229,-0.011112638295318056
42,mix_s060_c040_r000,"{""classification"": 0.4, ""retrieval"": 0.0, ""sts"": 0.6}",STS12.clean_exact,0.7131598988563776,-0.010007248132654745
42,mix_s060_c040_r000,"{""classification"": 0.4, ""retrieval"": 0.0, ""sts"": 0.6}",STS13.clean_exact,0.7653138379514406,-0.03516051093427364
42,mix_s060_c040_r000,"{""classification"": 0.4, ""retrieval"": 0.0, ""sts"": 0.6}",STS14.clean_exact,0.7660951300793168,0.006922713315949847
42,mix_s080_c000_r020,"{""classification"": 0.0, ""retrieval"": 0.2, ""sts"": 0.8}",STS14,0.778218,0.022326999999999986
42,mix_s080_c000_r020,"{""classification"": 0.0, ""retrieval"": 0.2, ""sts"": 0.8}",Banking77Classification,0.771916,-0.02850599999999992
42,mix_s080_c000_r020,"{""classification"": 0.0, ""retrieval"": 0.2, ""sts"": 0.8}",RedditClustering.v2,0.44707,-0.06359500000000001
42,mix_s080_c000_r020,"{""classification"": 0.0, ""retrieval"": 0.2, ""sts"": 0.8}",AmazonCounterfactualClassification,0.6786777499999999,0.04326474999999985
42,mix_s080_c000_r020,"{""classification"": 0.0, ""retrieval"": 0.2, ""sts"": 0.8}",TwentyNewsgroupsClustering.v2,0.421051,-0.039134999999999975
42,mix_s080_c000_r020,"{""classification"": 0.0, ""retrieval"": 0.2, ""sts"": 0.8}",STSBenchmark,0.833781,0.013456000000000023
42,mix_s080_c000_r020,"{""classification"": 0.0, ""retrieval"": 0.2, ""sts"": 0.8}",ArguAna,0.50221,0.014570000000000027
42,mix_s080_c000_r020,"{""classification"": 0.0, ""retrieval"": 0.2, ""sts"": 0.8}",STS13,0.789424,-0.016607999999999956
42,mix_s080_c000_r020,"{""classification"": 0.0, ""retrieval"": 0.2, ""sts"": 0.8}",EmotionClassification,0.40885,0.0005499999999999949
42,mix_s080_c000_r020,"{""classification"": 0.0, ""retrieval"": 0.2, ""sts"": 0.8}",STS12,0.737423,0.013732999999999995
42,mix_s080_c000_r020,"{""classification"": 0.0, ""retrieval"": 0.2, ""sts"": 0.8}",SciFact,0.61494,-0.008919999999999928
42,mix_s080_c000_r020,"{""classification"": 0.0, ""retrieval"": 0.2, ""sts"": 0.8}",BIOSSES,0.780379,-0.036024999999999974
42,mix_s080_c000_r020,"{""classification"": 0.0, ""retrieval"": 0.2, ""sts"": 0.8}",FiQA2018,0.29771,-0.06855
42,mix_s080_c000_r020,"{""classification"": 0.0, ""retrieval"": 0.2, ""sts"": 0.8}",SICK-R,0.776741,0.0009160000000000279
42,mix_s080_c000_r020,"{""classification"": 0.0, ""retrieval"": 0.2, ""sts"": 0.8}",NFCorpus,0.28041,-0.034119999999999984
42,mix_s080_c000_r020,"{""classification"": 0.0, ""retrieval"": 0.2, ""sts"": 0.8}",MassiveIntentClassification,0.668283,-0.006096000000000101
42,mix_s080_c000_r020,"{""classification"": 0.0, ""retrieval"": 0.2, ""sts"": 0.8}",AGNewsClassification,0.8718421052631579,0.0031578947368420263
42,mix_s080_c000_r020,"{""classification"": 0.0, ""retrieval"": 0.2, ""sts"": 0.8}",MSMARCORerankingGate,0.9890351033464294,0.0051669834499996625
42,mix_s080_c000_r020,"{""classification"": 0.0, ""retrieval"": 0.2, ""sts"": 0.8}",STSBenchmark.clean_exact,0.8153242301133741,0.012261487001193228
42,mix_s080_c000_r020,"{""classification"": 0.0, ""retrieval"": 0.2, ""sts"": 0.8}",SICK-R.clean_exact,0.7571174228169671,-0.0007038690707737993
42,mix_s080_c000_r020,"{""classification"": 0.0, ""retrieval"": 0.2, ""sts"": 0.8}",STS12.clean_exact,0.7369157951159556,0.013748648126923224
42,mix_s080_c000_r020,"{""classification"": 0.0, ""retrieval"": 0.2, ""sts"": 0.8}",STS13.clean_exact,0.7564450668510221,-0.04402928203469214
42,mix_s080_c000_r020,"{""classification"": 0.0, ""retrieval"": 0.2, ""sts"": 0.8}",STS14.clean_exact,0.7725510798120678,0.013378663048700834
42,mix_s080_c020_r000,"{""classification"": 0.2, ""retrieval"": 0.0, ""sts"": 0.8}",STS14,0.7937,0.03780899999999998
42,mix_s080_c020_r000,"{""classification"": 0.2, ""retrieval"": 0.0, ""sts"": 0.8}",Banking77Classification,0.742208,-0.05821399999999999
42,mix_s080_c020_r000,"{""classification"": 0.2, ""retrieval"": 0.0, ""sts"": 0.8}",RedditClustering.v2,0.468572,-0.04209300000000005
42,mix_s080_c020_r000,"{""classification"": 0.2, ""retrieval"": 0.0, ""sts"": 0.8}",AmazonCounterfactualClassification,0.683137,0.04772399999999999
42,mix_s080_c020_r000,"{""classification"": 0.2, ""retrieval"": 0.0, ""sts"": 0.8}",TwentyNewsgroupsClustering.v2,0.428253,-0.03193299999999999
42,mix_s080_c020_r000,"{""classification"": 0.2, ""retrieval"": 0.0, ""sts"": 0.8}",STSBenchmark,0.850139,0.029814000000000007
42,mix_s080_c020_r000,"{""classification"": 0.2, ""retrieval"": 0.0, ""sts"": 0.8}",ArguAna,0.43914,-0.04850000000000004
42,mix_s080_c020_r000,"{""classification"": 0.2, ""retrieval"": 0.0, ""sts"": 0.8}",STS13,0.816176,0.010144000000000042
42,mix_s080_c020_r000,"{""classification"": 0.2, ""retrieval"": 0.0, ""sts"": 0.8}",EmotionClassification,0.39885,-0.009450000000000014
42,mix_s080_c020_r000,"{""classification"": 0.2, ""retrieval"": 0.0, ""sts"": 0.8}",STS12,0.739858,0.01616799999999996
42,mix_s080_c020_r000,"{""classification"": 0.2, ""retrieval"": 0.0, ""sts"": 0.8}",SciFact,0.55861,-0.06524999999999992
42,mix_s080_c020_r000,"{""classification"": 0.2, ""retrieval"": 0.0, ""sts"": 0.8}",BIOSSES,0.746884,-0.06952000000000003
42,mix_s080_c020_r000,"{""classification"": 0.2, ""retrieval"": 0.0, ""sts"": 0.8}",FiQA2018,0.27589,-0.09036999999999995
42,mix_s080_c020_r000,"{""classification"": 0.2, ""retrieval"": 0.0, ""sts"": 0.8}",SICK-R,0.773361,-0.0024640000000000217
42,mix_s080_c020_r000,"{""classification"": 0.2, ""retrieval"": 0.0, ""sts"": 0.8}",NFCorpus,0.23837,-0.07615999999999998
42,mix_s080_c020_r000,"{""classification"": 0.2, ""retrieval"": 0.0, ""sts"": 0.8}",MassiveIntentClassification,0.643174,-0.031205000000000038
42,mix_s080_c020_r000,"{""classification"": 0.2, ""retrieval"": 0.0, ""sts"": 0.8}",AGNewsClassification,0.8782894736842105,0.009605263157894672
42,mix_s080_c020_r000,"{""classification"": 0.2, ""retrieval"": 0.0, ""sts"": 0.8}",MSMARCORerankingGate,0.9581786174664094,-0.025689502430020328
42,mix_s080_c020_r000,"{""classification"": 0.2, ""retrieval"": 0.0, ""sts"": 0.8}",STSBenchmark.clean_exact,0.8310444378961833,0.027981694784002475
42,mix_s080_c020_r000,"{""classification"": 0.2, ""retrieval"": 0.0, ""sts"": 0.8}",SICK-R.clean_exact,0.7531610450953626,-0.004660246792378309
42,mix_s080_c020_r000,"{""classification"": 0.2, ""retrieval"": 0.0, ""sts"": 0.8}",STS12.clean_exact,0.7393798002515736,0.016212653262541177
42,mix_s080_c020_r000,"{""classification"": 0.2, ""retrieval"": 0.0, ""sts"": 0.8}",STS13.clean_exact,0.7865523238696019,-0.013922025016112283
42,mix_s080_c020_r000,"{""classification"": 0.2, ""retrieval"": 0.0, ""sts"": 0.8}",STS14.clean_exact,0.7866055769261648,0.027433160162797843
42,mix_s100_c000_r000,"{""classification"": 0.0, ""retrieval"": 0.0, ""sts"": 1.0}",STS14,0.80597,0.050078999999999985
42,mix_s100_c000_r000,"{""classification"": 0.0, ""retrieval"": 0.0, ""sts"": 1.0}",Banking77Classification,0.749481,-0.050941000000000014
42,mix_s100_c000_r000,"{""classification"": 0.0, ""retrieval"": 0.0, ""sts"": 1.0}",RedditClustering.v2,0.452115,-0.058550000000000046
42,mix_s100_c000_r000,"{""classification"": 0.0, ""retrieval"": 0.0, ""sts"": 1.0}",AmazonCounterfactualClassification,0.6854407499999999,0.050027749999999926
42,mix_s100_c000_r000,"{""classification"": 0.0, ""retrieval"": 0.0, ""sts"": 1.0}",TwentyNewsgroupsClustering.v2,0.41813,-0.04205599999999998
42,mix_s100_c000_r000,"{""classification"": 0.0, ""retrieval"": 0.0, ""sts"": 1.0}",STSBenchmark,0.851375,0.031050000000000022
42,mix_s100_c000_r000,"{""classification"": 0.0, ""retrieval"": 0.0, ""sts"": 1.0}",ArguAna,0.49425,0.006610000000000005
42,mix_s100_c000_r000,"{""classification"": 0.0, ""retrieval"": 0.0, ""sts"": 1.0}",STS13,0.820372,0.01434000000000002
42,mix_s100_c000_r000,"{""classification"": 0.0, ""retrieval"": 0.0, ""sts"": 1.0}",EmotionClassification,0.41095,0.0026499999999999857
42,mix_s100_c000_r000,"{""classification"": 0.0, ""retrieval"": 0.0, ""sts"": 1.0}",STS12,0.756404,0.03271399999999991
42,mix_s100_c000_r000,"{""classification"": 0.0, ""retrieval"": 0.0, ""sts"": 1.0}",SciFact,0.59848,-0.025379999999999958
42,mix_s100_c000_r000,"{""classification"": 0.0, ""retrieval"": 0.0, ""sts"": 1.0}",BIOSSES,0.776042,-0.04036200000000001
42,mix_s100_c000_r000,"{""classification"": 0.0, ""retrieval"": 0.0, ""sts"": 1.0}",FiQA2018,0.28196,-0.08429999999999999
42,mix_s100_c000_r000,"{""classification"": 0.0, ""retrieval"": 0.0, ""sts"": 1.0}",SICK-R,0.780202,0.004376999999999964
42,mix_s100_c000_r000,"{""classification"": 0.0, ""retrieval"": 0.0, ""sts"": 1.0}",NFCorpus,0.27127,-0.043259999999999965
42,mix_s100_c000_r000,"{""classification"": 0.0, ""retrieval"": 0.0, ""sts"": 1.0}",MassiveIntentClassification,0.6573975,-0.016981500000000094
42,mix_s100_c000_r000,"{""classification"": 0.0, ""retrieval"": 0.0, ""sts"": 1.0}",AGNewsClassification,0.8694736842105263,0.0007894736842104511
42,mix_s100_c000_r000,"{""classification"": 0.0, ""retrieval"": 0.0, ""sts"": 1.0}",MSMARCORerankingGate,0.9790464876785729,-0.004821632217856808
42,mix_s100_c000_r000,"{""classification"": 0.0, ""retrieval"": 0.0, ""sts"": 1.0}",STSBenchmark.clean_exact,0.8337340386573185,0.0306712955451377
42,mix_s100_c000_r000,"{""classification"": 0.0, ""retrieval"": 0.0, ""sts"": 1.0}",SICK-R.clean_exact,0.7597387002745499,0.001917408386808983
42,mix_s100_c000_r000,"{""classification"": 0.0, ""retrieval"": 0.0, ""sts"": 1.0}",STS12.clean_exact,0.7559461414848203,0.032778994495787916
42,mix_s100_c000_r000,"{""classification"": 0.0, ""retrieval"": 0.0, ""sts"": 1.0}",STS13.clean_exact,0.7874403884936019,-0.013033960392112354
42,mix_s100_c000_r000,"{""classification"": 0.0, ""retrieval"": 0.0, ""sts"": 1.0}",STS14.clean_exact,0.7990726515215537,0.039900234758186715
42,mix_s033_c033_r033,"{""classification"": 0.3333333333333333, ""retrieval"": 0.3333333333333333, ""sts"": 0.3333333333333333}",STS14,0.723679,-0.03221200000000002
42,mix_s033_c033_r033,"{""classification"": 0.3333333333333333, ""retrieval"": 0.3333333333333333, ""sts"": 0.3333333333333333}",Banking77Classification,0.768799,-0.03162299999999996
42,mix_s033_c033_r033,"{""classification"": 0.3333333333333333, ""retrieval"": 0.3333333333333333, ""sts"": 0.3333333333333333}",RedditClustering.v2,0.437873,-0.07279200000000002
42,mix_s033_c033_r033,"{""classification"": 0.3333333333333333, ""retrieval"": 0.3333333333333333, ""sts"": 0.3333333333333333}",AmazonCounterfactualClassification,0.6760145000000001,0.04060150000000007
42,mix_s033_c033_r033,"{""classification"": 0.3333333333333333, ""retrieval"": 0.3333333333333333, ""sts"": 0.3333333333333333}",TwentyNewsgroupsClustering.v2,0.430046,-0.03014
42,mix_s033_c033_r033,"{""classification"": 0.3333333333333333, ""retrieval"": 0.3333333333333333, ""sts"": 0.3333333333333333}",STSBenchmark,0.788583,-0.03174199999999994
42,mix_s033_c033_r033,"{""classification"": 0.3333333333333333, ""retrieval"": 0.3333333333333333, ""sts"": 0.3333333333333333}",ArguAna,0.44477,-0.04287000000000002
42,mix_s033_c033_r033,"{""classification"": 0.3333333333333333, ""retrieval"": 0.3333333333333333, ""sts"": 0.3333333333333333}",STS13,0.755292,-0.05074000000000001
42,mix_s033_c033_r033,"{""classification"": 0.3333333333333333, ""retrieval"": 0.3333333333333333, ""sts"": 0.3333333333333333}",EmotionClassification,0.38645,-0.02184999999999998
42,mix_s033_c033_r033,"{""classification"": 0.3333333333333333, ""retrieval"": 0.3333333333333333, ""sts"": 0.3333333333333333}",STS12,0.642145,-0.08154500000000009
42,mix_s033_c033_r033,"{""classification"": 0.3333333333333333, ""retrieval"": 0.3333333333333333, ""sts"": 0.3333333333333333}",SciFact,0.60311,-0.020749999999999935
42,mix_s033_c033_r033,"{""classification"": 0.3333333333333333, ""retrieval"": 0.3333333333333333, ""sts"": 0.3333333333333333}",BIOSSES,0.71007,-0.10633400000000004
42,mix_s033_c033_r033,"{""classification"": 0.3333333333333333, ""retrieval"": 0.3333333333333333, ""sts"": 0.3333333333333333}",FiQA2018,0.32167,-0.04458999999999996
42,mix_s033_c033_r033,"{""classification"": 0.3333333333333333, ""retrieval"": 0.3333333333333333, ""sts"": 0.3333333333333333}",SICK-R,0.761226,-0.014599000000000029
42,mix_s033_c033_r033,"{""classification"": 0.3333333333333333, ""retrieval"": 0.3333333333333333, ""sts"": 0.3333333333333333}",NFCorpus,0.28518,-0.029349999999999987
42,mix_s033_c033_r033,"{""classification"": 0.3333333333333333, ""retrieval"": 0.3333333333333333, ""sts"": 0.3333333333333333}",MassiveIntentClassification,0.6586369999999999,-0.015742000000000145
42,mix_s033_c033_r033,"{""classification"": 0.3333333333333333, ""retrieval"": 0.3333333333333333, ""sts"": 0.3333333333333333}",AGNewsClassification,0.8788157894736842,0.01013157894736838
42,mix_s033_c033_r033,"{""classification"": 0.3333333333333333, ""retrieval"": 0.3333333333333333, ""sts"": 0.3333333333333333}",MSMARCORerankingGate,0.9880588223607152,0.004190702464285434
42,mix_s033_c033_r033,"{""classification"": 0.3333333333333333, ""retrieval"": 0.3333333333333333, ""sts"": 0.3333333333333333}",STSBenchmark.clean_exact,0.7638173062397005,-0.03924543687248039
42,mix_s033_c033_r033,"{""classification"": 0.3333333333333333, ""retrieval"": 0.3333333333333333, ""sts"": 0.3333333333333333}",SICK-R.clean_exact,0.7441175162245776,-0.013703775663163387
42,mix_s033_c033_r033,"{""classification"": 0.3333333333333333, ""retrieval"": 0.3333333333333333, ""sts"": 0.3333333333333333}",STS12.clean_exact,0.641516925504636,-0.08165022148439638
42,mix_s033_c033_r033,"{""classification"": 0.3333333333333333, ""retrieval"": 0.3333333333333333, ""sts"": 0.3333333333333333}",STS13.clean_exact,0.7428471130137826,-0.05762723587193164
42,mix_s033_c033_r033,"{""classification"": 0.3333333333333333, ""retrieval"": 0.3333333333333333, ""sts"": 0.3333333333333333}",STS14.clean_exact,0.7165770733854699,-0.042595343377897055
43,m0,"{""m0"": 1.0}",STS14,0.755891,0.0
43,m0,"{""m0"": 1.0}",Banking77Classification,0.800422,0.0
43,m0,"{""m0"": 1.0}",RedditClustering.v2,0.510665,0.0
43,m0,"{""m0"": 1.0}",AmazonCounterfactualClassification,0.635413,0.0
43,m0,"{""m0"": 1.0}",TwentyNewsgroupsClustering.v2,0.460186,0.0
43,m0,"{""m0"": 1.0}",STSBenchmark,0.820325,0.0
43,m0,"{""m0"": 1.0}",ArguAna,0.48764,0.0
43,m0,"{""m0"": 1.0}",STS13,0.806032,0.0
43,m0,"{""m0"": 1.0}",EmotionClassification,0.4083,0.0
43,m0,"{""m0"": 1.0}",STS12,0.72369,0.0
43,m0,"{""m0"": 1.0}",SciFact,0.62386,0.0
43,m0,"{""m0"": 1.0}",BIOSSES,0.816404,0.0
43,m0,"{""m0"": 1.0}",FiQA2018,0.36626,0.0
43,m0,"{""m0"": 1.0}",SICK-R,0.775825,0.0
43,m0,"{""m0"": 1.0}",NFCorpus,0.31453,0.0
43,m0,"{""m0"": 1.0}",MassiveIntentClassification,0.6743790000000001,0.0
43,m0,"{""m0"": 1.0}",AGNewsClassification,0.8686842105263158,0.0
43,m0,"{""m0"": 1.0}",MSMARCORerankingGate,0.982844400882144,0.0
43,m0,"{""m0"": 1.0}",STSBenchmark.clean_exact,0.8030627431121808,0.0
43,m0,"{""m0"": 1.0}",SICK-R.clean_exact,0.7578212918877409,0.0
43,m0,"{""m0"": 1.0}",STS12.clean_exact,0.7231671469890324,0.0
43,m0,"{""m0"": 1.0}",STS13.clean_exact,0.8004743488857142,0.0
43,m0,"{""m0"": 1.0}",STS14.clean_exact,0.759172416763367,0.0
43,control,"{""control"": 1.0}",STS14,0.772823,0.016932000000000058
43,control,"{""control"": 1.0}",Banking77Classification,0.806169,0.005747000000000058
43,control,"{""control"": 1.0}",RedditClustering.v2,0.474447,-0.03621800000000003
43,control,"{""control"": 1.0}",AmazonCounterfactualClassification,0.66559075,0.030177750000000003
43,control,"{""control"": 1.0}",TwentyNewsgroupsClustering.v2,0.432233,-0.027953000000000006
43,control,"{""control"": 1.0}",STSBenchmark,0.83379,0.01346500000000006
43,control,"{""control"": 1.0}",ArguAna,0.46426,-0.023380000000000012
43,control,"{""control"": 1.0}",STS13,0.82157,0.015538000000000052
43,control,"{""control"": 1.0}",EmotionClassification,0.424,0.015699999999999992
43,control,"{""control"": 1.0}",STS12,0.737318,0.013627999999999973
43,control,"{""control"": 1.0}",SciFact,0.62184,-0.0020200000000000218
43,control,"{""control"": 1.0}",BIOSSES,0.845513,0.02910899999999994
43,control,"{""control"": 1.0}",FiQA2018,0.36103,-0.005229999999999957
43,control,"{""control"": 1.0}",SICK-R,0.769125,-0.006700000000000039
43,control,"{""control"": 1.0}",NFCorpus,0.31894,0.004410000000000025
43,control,"{""control"": 1.0}",MassiveIntentClassification,0.672975,-0.0014040000000000719
43,control,"{""control"": 1.0}",AGNewsClassification,0.8568421052631578,-0.011842105263157987
43,control,"{""control"": 1.0}",MSMARCORerankingGate,0.9808918389107156,-0.001952561971428346
43,control,"{""control"": 1.0}",STSBenchmark.clean_exact,0.8191932814850953,0.01613053837291445
43,control,"{""control"": 1.0}",SICK-R.clean_exact,0.7501932042613783,-0.0076280876263626896
43,control,"{""control"": 1.0}",STS12.clean_exact,0.7368255500540328,0.013658403065000435
43,control,"{""control"": 1.0}",STS13.clean_exact,0.8131525524382344,0.01267820355252014
43,control,"{""control"": 1.0}",STS14.clean_exact,0.7728372011968536,0.01366478443348662
43,mix_s000_c000_r100,"{""classification"": 0.0, ""retrieval"": 1.0, ""sts"": 0.0}",STS14,0.759099,0.0032079999999999886
43,mix_s000_c000_r100,"{""classification"": 0.0, ""retrieval"": 1.0, ""sts"": 0.0}",Banking77Classification,0.808377,0.007955000000000045
43,mix_s000_c000_r100,"{""classification"": 0.0, ""retrieval"": 1.0, ""sts"": 0.0}",RedditClustering.v2,0.46254,-0.04812500000000003
43,mix_s000_c000_r100,"{""classification"": 0.0, ""retrieval"": 1.0, ""sts"": 0.0}",AmazonCounterfactualClassification,0.64606975,0.010656749999999993
43,mix_s000_c000_r100,"{""classification"": 0.0, ""retrieval"": 1.0, ""sts"": 0.0}",TwentyNewsgroupsClustering.v2,0.418161,-0.04202499999999998
43,mix_s000_c000_r100,"{""classification"": 0.0, ""retrieval"": 1.0, ""sts"": 0.0}",STSBenchmark,0.823054,0.0027289999999999814
43,mix_s000_c000_r100,"{""classification"": 0.0, ""retrieval"": 1.0, ""sts"": 0.0}",ArguAna,0.48882,0.0011799999999999589
43,mix_s000_c000_r100,"{""classification"": 0.0, ""retrieval"": 1.0, ""sts"": 0.0}",STS13,0.798129,-0.007902999999999993
43,mix_s000_c000_r100,"{""classification"": 0.0, ""retrieval"": 1.0, ""sts"": 0.0}",EmotionClassification,0.42035,0.012050000000000005
43,mix_s000_c000_r100,"{""classification"": 0.0, ""retrieval"": 1.0, ""sts"": 0.0}",STS12,0.722177,-0.0015130000000000976
43,mix_s000_c000_r100,"{""classification"": 0.0, ""retrieval"": 1.0, ""sts"": 0.0}",SciFact,0.61524,-0.008619999999999961
43,mix_s000_c000_r100,"{""classification"": 0.0, ""retrieval"": 1.0, ""sts"": 0.0}",BIOSSES,0.831254,0.01485000000000003
43,mix_s000_c000_r100,"{""classification"": 0.0, ""retrieval"": 1.0, ""sts"": 0.0}",FiQA2018,0.36665,0.00039000000000000146
43,mix_s000_c000_r100,"{""classification"": 0.0, ""retrieval"": 1.0, ""sts"": 0.0}",SICK-R,0.774486,-0.001338999999999979
43,mix_s000_c000_r100,"{""classification"": 0.0, ""retrieval"": 1.0, ""sts"": 0.0}",NFCorpus,0.30516,-0.00936999999999999
43,mix_s000_c000_r100,"{""classification"": 0.0, ""retrieval"": 1.0, ""sts"": 0.0}",MassiveIntentClassification,0.6764055,0.002026499999999931
43,mix_s000_c000_r100,"{""classification"": 0.0, ""retrieval"": 1.0, ""sts"": 0.0}",AGNewsClassification,0.8623684210526316,-0.006315789473684275
43,mix_s000_c000_r100,"{""classification"": 0.0, ""retrieval"": 1.0, ""sts"": 0.0}",MSMARCORerankingGate,0.9933330165500004,0.010488615667856416
43,mix_s000_c000_r100,"{""classification"": 0.0, ""retrieval"": 1.0, ""sts"": 0.0}",STSBenchmark.clean_exact,0.8085845634954849,0.005521820383304066
43,mix_s000_c000_r100,"{""classification"": 0.0, ""retrieval"": 1.0, ""sts"": 0.0}",SICK-R.clean_exact,0.7564198081527127,-0.0014014837350282416
43,mix_s000_c000_r100,"{""classification"": 0.0, ""retrieval"": 1.0, ""sts"": 0.0}",STS12.clean_exact,0.7216556345722135,-0.0015115124168189054
43,mix_s000_c000_r100,"{""classification"": 0.0, ""retrieval"": 1.0, ""sts"": 0.0}",STS13.clean_exact,0.7838740414088882,-0.01660030747682606
43,mix_s000_c000_r100,"{""classification"": 0.0, ""retrieval"": 1.0, ""sts"": 0.0}",STS14.clean_exact,0.7590791493179964,-9.326744537063725e-05
43,mix_s000_c020_r080,"{""classification"": 0.2, ""retrieval"": 0.8, ""sts"": 0.0}",STS14,0.758302,0.002411000000000052
43,mix_s000_c020_r080,"{""classification"": 0.2, ""retrieval"": 0.8, ""sts"": 0.0}",Banking77Classification,0.803344,0.00292199999999998
43,mix_s000_c020_r080,"{""classification"": 0.2, ""retrieval"": 0.8, ""sts"": 0.0}",RedditClustering.v2,0.435615,-0.07505000000000006
43,mix_s000_c020_r080,"{""classification"": 0.2, ""retrieval"": 0.8, ""sts"": 0.0}",AmazonCounterfactualClassification,0.656713,0.021299999999999986
43,mix_s000_c020_r080,"{""classification"": 0.2, ""retrieval"": 0.8, ""sts"": 0.0}",TwentyNewsgroupsClustering.v2,0.419224,-0.040962
43,mix_s000_c020_r080,"{""classification"": 0.2, ""retrieval"": 0.8, ""sts"": 0.0}",STSBenchmark,0.81735,-0.00297499999999995
43,mix_s000_c020_r080,"{""classification"": 0.2, ""retrieval"": 0.8, ""sts"": 0.0}",ArguAna,0.4747,-0.012940000000000007
43,mix_s000_c020_r080,"{""classification"": 0.2, ""retrieval"": 0.8, ""sts"": 0.0}",STS13,0.787344,-0.018687999999999927
43,mix_s000_c020_r080,"{""classification"": 0.2, ""retrieval"": 0.8, ""sts"": 0.0}",EmotionClassification,0.41365,0.005350000000000021
43,mix_s000_c020_r080,"{""classification"": 0.2, ""retrieval"": 0.8, ""sts"": 0.0}",STS12,0.711354,-0.012336000000000014
43,mix_s000_c020_r080,"{""classification"": 0.2, ""retrieval"": 0.8, ""sts"": 0.0}",SciFact,0.62216,-0.0016999999999999238
43,mix_s000_c020_r080,"{""classification"": 0.2, ""retrieval"": 0.8, ""sts"": 0.0}",BIOSSES,0.807326,-0.00907800000000003
43,mix_s000_c020_r080,"{""classification"": 0.2, ""retrieval"": 0.8, ""sts"": 0.0}",FiQA2018,0.35989,-0.006369999999999987
43,mix_s000_c020_r080,"{""classification"": 0.2, ""retrieval"": 0.8, ""sts"": 0.0}",SICK-R,0.766328,-0.009496999999999978
43,mix_s000_c020_r080,"{""classification"": 0.2, ""retrieval"": 0.8, ""sts"": 0.0}",NFCorpus,0.3012,-0.013329999999999953
43,mix_s000_c020_r080,"{""classification"": 0.2, ""retrieval"": 0.8, ""sts"": 0.0}",MassiveIntentClassification,0.6700475,-0.004331500000000044
43,mix_s000_c020_r080,"{""classification"": 0.2, ""retrieval"": 0.8, ""sts"": 0.0}",AGNewsClassification,0.8730263157894737,0.004342105263157814
43,mix_s000_c020_r080,"{""classification"": 0.2, ""retrieval"": 0.8, ""sts"": 0.0}",MSMARCORerankingGate,0.9917258058107148,0.008881404928570813
43,mix_s000_c020_r080,"{""classification"": 0.2, ""retrieval"": 0.8, ""sts"": 0.0}",STSBenchmark.clean_exact,0.799116246755018,-0.003946496357162821
43,mix_s000_c020_r080,"{""classification"": 0.2, ""retrieval"": 0.8, ""sts"": 0.0}",SICK-R.clean_exact,0.7487687992612534,-0.009052492626487552
43,mix_s000_c020_r080,"{""classification"": 0.2, ""retrieval"": 0.8, ""sts"": 0.0}",STS12.clean_exact,0.7107747446506864,-0.012392402338346042
43,mix_s000_c020_r080,"{""classification"": 0.2, ""retrieval"": 0.8, ""sts"": 0.0}",STS13.clean_exact,0.7741003667328057,-0.026373982152908537
43,mix_s000_c020_r080,"{""classification"": 0.2, ""retrieval"": 0.8, ""sts"": 0.0}",STS14.clean_exact,0.756711935402693,-0.002460481360674005
43,mix_s000_c040_r060,"{""classification"": 0.4, ""retrieval"": 0.6, ""sts"": 0.0}",STS14,0.711212,-0.044679000000000024
43,mix_s000_c040_r060,"{""classification"": 0.4, ""retrieval"": 0.6, ""sts"": 0.0}",Banking77Classification,0.788117,-0.01230500000000001
43,mix_s000_c040_r060,"{""classification"": 0.4, ""retrieval"": 0.6, ""sts"": 0.0}",RedditClustering.v2,0.406897,-0.10376800000000003
43,mix_s000_c040_r060,"{""classification"": 0.4, ""retrieval"": 0.6, ""sts"": 0.0}",AmazonCounterfactualClassification,0.6537667500000001,0.018353750000000058
43,mix_s000_c040_r060,"{""classification"": 0.4, ""retrieval"": 0.6, ""sts"": 0.0}",TwentyNewsgroupsClustering.v2,0.423919,-0.036266999999999994
43,mix_s000_c040_r060,"{""classification"": 0.4, ""retrieval"": 0.6, ""sts"": 0.0}",STSBenchmark,0.774839,-0.045485999999999915
43,mix_s000_c040_r060,"{""classification"": 0.4, ""retrieval"": 0.6, ""sts"": 0.0}",ArguAna,0.44566,-0.04198000000000002
43,mix_s000_c040_r060,"{""classification"": 0.4, ""retrieval"": 0.6, ""sts"": 0.0}",STS13,0.748247,-0.057784999999999975
43,mix_s000_c040_r060,"{""classification"": 0.4, ""retrieval"": 0.6, ""sts"": 0.0}",EmotionClassification,0.38485,-0.02344999999999997
43,mix_s000_c040_r060,"{""classification"": 0.4, ""retrieval"": 0.6, ""sts"": 0.0}",STS12,0.656976,-0.06671400000000005
43,mix_s000_c040_r060,"{""classification"": 0.4, ""retrieval"": 0.6, ""sts"": 0.0}",SciFact,0.61728,-0.006579999999999919
43,mix_s000_c040_r060,"{""classification"": 0.4, ""retrieval"": 0.6, ""sts"": 0.0}",BIOSSES,0.715685,-0.100719
43,mix_s000_c040_r060,"{""classification"": 0.4, ""retrieval"": 0.6, ""sts"": 0.0}",FiQA2018,0.33811,-0.028149999999999953
43,mix_s000_c040_r060,"{""classification"": 0.4, ""retrieval"": 0.6, ""sts"": 0.0}",SICK-R,0.749297,-0.026527999999999996
43,mix_s000_c040_r060,"{""classification"": 0.4, ""retrieval"": 0.6, ""sts"": 0.0}",NFCorpus,0.2895,-0.025029999999999997
43,mix_s000_c040_r060,"{""classification"": 0.4, ""retrieval"": 0.6, ""sts"": 0.0}",MassiveIntentClassification,0.66535,-0.009029000000000065
43,mix_s000_c040_r060,"{""classification"": 0.4, ""retrieval"": 0.6, ""sts"": 0.0}",AGNewsClassification,0.8807894736842106,0.01210526315789473
43,mix_s000_c040_r060,"{""classification"": 0.4, ""retrieval"": 0.6, ""sts"": 0.0}",MSMARCORerankingGate,0.9888804545785721,0.006036053696428123
43,mix_s000_c040_r060,"{""classification"": 0.4, ""retrieval"": 0.6, ""sts"": 0.0}",STSBenchmark.clean_exact,0.7500051581861161,-0.053057584926064716
43,mix_s000_c040_r060,"{""classification"": 0.4, ""retrieval"": 0.6, ""sts"": 0.0}",SICK-R.clean_exact,0.7334730614952498,-0.02434823039249112
43,mix_s000_c040_r060,"{""classification"": 0.4, ""retrieval"": 0.6, ""sts"": 0.0}",STS12.clean_exact,0.6563316147623963,-0.06683553222663607
43,mix_s000_c040_r060,"{""classification"": 0.4, ""retrieval"": 0.6, ""sts"": 0.0}",STS13.clean_exact,0.745099516015402,-0.055374832870312196
43,mix_s000_c040_r060,"{""classification"": 0.4, ""retrieval"": 0.6, ""sts"": 0.0}",STS14.clean_exact,0.7097538506298554,-0.04941856613351159
43,mix_s000_c060_r040,"{""classification"": 0.6, ""retrieval"": 0.4, ""sts"": 0.0}",STS14,0.660262,-0.09562899999999996
43,mix_s000_c060_r040,"{""classification"": 0.6, ""retrieval"": 0.4, ""sts"": 0.0}",Banking77Classification,0.767532,-0.032889999999999975
43,mix_s000_c060_r040,"{""classification"": 0.6, ""retrieval"": 0.4, ""sts"": 0.0}",RedditClustering.v2,0.398068,-0.11259700000000006
43,mix_s000_c060_r040,"{""classification"": 0.6, ""retrieval"": 0.4, ""sts"": 0.0}",AmazonCounterfactualClassification,0.6476325,0.01221950000000005
43,mix_s000_c060_r040,"{""classification"": 0.6, ""retrieval"": 0.4, ""sts"": 0.0}",TwentyNewsgroupsClustering.v2,0.409746,-0.050439999999999985
43,mix_s000_c060_r040,"{""classification"": 0.6, ""retrieval"": 0.4, ""sts"": 0.0}",STSBenchmark,0.73694,-0.08338499999999993
43,mix_s000_c060_r040,"{""classification"": 0.6, ""retrieval"": 0.4, ""sts"": 0.0}",ArguAna,0.3885,-0.09914
43,mix_s000_c060_r040,"{""classification"": 0.6, ""retrieval"": 0.4, ""sts"": 0.0}",STS13,0.70727,-0.09876200000000002
43,mix_s000_c060_r040,"{""classification"": 0.6, ""retrieval"": 0.4, ""sts"": 0.0}",EmotionClassification,0.35535,-0.05295
43,mix_s000_c060_r040,"{""classification"": 0.6, ""retrieval"": 0.4, ""sts"": 0.0}",STS12,0.615225,-0.10846500000000003
43,mix_s000_c060_r040,"{""classification"": 0.6, ""retrieval"": 0.4, ""sts"": 0.0}",SciFact,0.59075,-0.03310999999999997
43,mix_s000_c060_r040,"{""classification"": 0.6, ""retrieval"": 0.4, ""sts"": 0.0}",BIOSSES,0.64575,-0.17065399999999997
43,mix_s000_c060_r040,"{""classification"": 0.6, ""retrieval"": 0.4, ""sts"": 0.0}",FiQA2018,0.3097,-0.05656
43,mix_s000_c060_r040,"{""classification"": 0.6, ""retrieval"": 0.4, ""sts"": 0.0}",SICK-R,0.72925,-0.04657500000000003
43,mix_s000_c060_r040,"{""classification"": 0.6, ""retrieval"": 0.4, ""sts"": 0.0}",NFCorpus,0.27981,-0.03471999999999997
43,mix_s000_c060_r040,"{""classification"": 0.6, ""retrieval"": 0.4, ""sts"": 0.0}",MassiveIntentClassification,0.6528665,-0.021512500000000045
43,mix_s000_c060_r040,"{""classification"": 0.6, ""retrieval"": 0.4, ""sts"": 0.0}",AGNewsClassification,0.8859210526315789,0.017236842105263106
43,mix_s000_c060_r040,"{""classification"": 0.6, ""retrieval"": 0.4, ""sts"": 0.0}",MSMARCORerankingGate,0.9812371901428583,-0.0016072107392857138
43,mix_s000_c060_r040,"{""classification"": 0.6, ""retrieval"": 0.4, ""sts"": 0.0}",STSBenchmark.clean_exact,0.7082665041133577,-0.09479623899882317
43,mix_s000_c060_r040,"{""classification"": 0.6, ""retrieval"": 0.4, ""sts"": 0.0}",SICK-R.clean_exact,0.7156732514359553,-0.04214804045178566
43,mix_s000_c060_r040,"{""classification"": 0.6, ""retrieval"": 0.4, ""sts"": 0.0}",STS12.clean_exact,0.6144952694748974,-0.10867187751413498
43,mix_s000_c060_r040,"{""classification"": 0.6, ""retrieval"": 0.4, ""sts"": 0.0}",STS13.clean_exact,0.7168945630873413,-0.08357978579837289
43,mix_s000_c060_r040,"{""classification"": 0.6, ""retrieval"": 0.4, ""sts"": 0.0}",STS14.clean_exact,0.6618728379833775,-0.09729957877998952
43,mix_s000_c080_r020,"{""classification"": 0.8, ""retrieval"": 0.2, ""sts"": 0.0}",STS14,0.620279,-0.13561199999999995
43,mix_s000_c080_r020,"{""classification"": 0.8, ""retrieval"": 0.2, ""sts"": 0.0}",Banking77Classification,0.740455,-0.05996699999999999
43,mix_s000_c080_r020,"{""classification"": 0.8, ""retrieval"": 0.2, ""sts"": 0.0}",RedditClustering.v2,0.406806,-0.10385900000000003
43,mix_s000_c080_r020,"{""classification"": 0.8, ""retrieval"": 0.2, ""sts"": 0.0}",AmazonCounterfactualClassification,0.6534092499999999,0.017996249999999936
43,mix_s000_c080_r020,"{""classification"": 0.8, ""retrieval"": 0.2, ""sts"": 0.0}",TwentyNewsgroupsClustering.v2,0.414187,-0.04599899999999996
43,mix_s000_c080_r020,"{""classification"": 0.8, ""retrieval"": 0.2, ""sts"": 0.0}",STSBenchmark,0.704811,-0.115514
43,mix_s000_c080_r020,"{""classification"": 0.8, ""retrieval"": 0.2, ""sts"": 0.0}",ArguAna,0.32836,-0.15928000000000003
43,mix_s000_c080_r020,"{""classification"": 0.8, ""retrieval"": 0.2, ""sts"": 0.0}",STS13,0.668106,-0.137926
43,mix_s000_c080_r020,"{""classification"": 0.8, ""retrieval"": 0.2, ""sts"": 0.0}",EmotionClassification,0.33805,-0.07024999999999998
43,mix_s000_c080_r020,"{""classification"": 0.8, ""retrieval"": 0.2, ""sts"": 0.0}",STS12,0.592262,-0.1314280000000001
43,mix_s000_c080_r020,"{""classification"": 0.8, ""retrieval"": 0.2, ""sts"": 0.0}",SciFact,0.55453,-0.06933
43,mix_s000_c080_r020,"{""classification"": 0.8, ""retrieval"": 0.2, ""sts"": 0.0}",BIOSSES,0.613809,-0.20259499999999997
43,mix_s000_c080_r020,"{""classification"": 0.8, ""retrieval"": 0.2, ""sts"": 0.0}",FiQA2018,0.2815,-0.08476
43,mix_s000_c080_r020,"{""classification"": 0.8, ""retrieval"": 0.2, ""sts"": 0.0}",SICK-R,0.715262,-0.060563000000000033
43,mix_s000_c080_r020,"{""classification"": 0.8, ""retrieval"": 0.2, ""sts"": 0.0}",NFCorpus,0.2704,-0.04413
43,mix_s000_c080_r020,"{""classification"": 0.8, ""retrieval"": 0.2, ""sts"": 0.0}",MassiveIntentClassification,0.6352949999999999,-0.03908400000000012
43,mix_s000_c080_r020,"{""classification"": 0.8, ""retrieval"": 0.2, ""sts"": 0.0}",AGNewsClassification,0.8890789473684211,0.020394736842105243
43,mix_s000_c080_r020,"{""classification"": 0.8, ""retrieval"": 0.2, ""sts"": 0.0}",MSMARCORerankingGate,0.9701413637357161,-0.012703037146427842
43,mix_s000_c080_r020,"{""classification"": 0.8, ""retrieval"": 0.2, ""sts"": 0.0}",STSBenchmark.clean_exact,0.6730800869525055,-0.1299826561596753
43,mix_s000_c080_r020,"{""classification"": 0.8, ""retrieval"": 0.2, ""sts"": 0.0}",SICK-R.clean_exact,0.7033136999781453,-0.05450759190959564
43,mix_s000_c080_r020,"{""classification"": 0.8, ""retrieval"": 0.2, ""sts"": 0.0}",STS12.clean_exact,0.5914674215510961,-0.1316997254379363
43,mix_s000_c080_r020,"{""classification"": 0.8, ""retrieval"": 0.2, ""sts"": 0.0}",STS13.clean_exact,0.6876957833397136,-0.11277856554600063
43,mix_s000_c080_r020,"{""classification"": 0.8, ""retrieval"": 0.2, ""sts"": 0.0}",STS14.clean_exact,0.6317194096403678,-0.12745300712299923
43,mix_s000_c100_r000,"{""classification"": 1.0, ""retrieval"": 0.0, ""sts"": 0.0}",STS14,0.574639,-0.18125199999999997
43,mix_s000_c100_r000,"{""classification"": 1.0, ""retrieval"": 0.0, ""sts"": 0.0}",Banking77Classification,0.656039,-0.14438299999999993
43,mix_s000_c100_r000,"{""classification"": 1.0, ""retrieval"": 0.0, ""sts"": 0.0}",RedditClustering.v2,0.383718,-0.12694700000000003
43,mix_s000_c100_r000,"{""classification"": 1.0, ""retrieval"": 0.0, ""sts"": 0.0}",AmazonCounterfactualClassification,0.665401,0.029988000000000015
43,mix_s000_c100_r000,"{""classification"": 1.0, ""retrieval"": 0.0, ""sts"": 0.0}",TwentyNewsgroupsClustering.v2,0.397508,-0.06267800000000001
43,mix_s000_c100_r000,"{""classification"": 1.0, ""retrieval"": 0.0, ""sts"": 0.0}",STSBenchmark,0.648411,-0.171914
43,mix_s000_c100_r000,"{""classification"": 1.0, ""retrieval"": 0.0, ""sts"": 0.0}",ArguAna,0.19252,-0.29512000000000005
43,mix_s000_c100_r000,"{""classification"": 1.0, ""retrieval"": 0.0, ""sts"": 0.0}",STS13,0.620563,-0.185469
43,mix_s000_c100_r000,"{""classification"": 1.0, ""retrieval"": 0.0, ""sts"": 0.0}",EmotionClassification,0.3024,-0.1059
43,mix_s000_c100_r000,"{""classification"": 1.0, ""retrieval"": 0.0, ""sts"": 0.0}",STS12,0.563367,-0.1603230000000001
43,mix_s000_c100_r000,"{""classification"": 1.0, ""retrieval"": 0.0, ""sts"": 0.0}",SciFact,0.33619,-0.28767
43,mix_s000_c100_r000,"{""classification"": 1.0, ""retrieval"": 0.0, ""sts"": 0.0}",BIOSSES,0.463944,-0.35246
43,mix_s000_c100_r000,"{""classification"": 1.0, ""retrieval"": 0.0, ""sts"": 0.0}",FiQA2018,0.1245,-0.24175999999999997
43,mix_s000_c100_r000,"{""classification"": 1.0, ""retrieval"": 0.0, ""sts"": 0.0}",SICK-R,0.655193,-0.12063199999999996
43,mix_s000_c100_r000,"{""classification"": 1.0, ""retrieval"": 0.0, ""sts"": 0.0}",NFCorpus,0.12016,-0.19437
43,mix_s000_c100_r000,"{""classification"": 1.0, ""retrieval"": 0.0, ""sts"": 0.0}",MassiveIntentClassification,0.5877330000000001,-0.086646
43,mix_s000_c100_r000,"{""classification"": 1.0, ""retrieval"": 0.0, ""sts"": 0.0}",AGNewsClassification,0.8876315789473684,0.0189473684210526
43,mix_s000_c100_r000,"{""classification"": 1.0, ""retrieval"": 0.0, ""sts"": 0.0}",MSMARCORerankingGate,0.8323203454401484,-0.15052405544199554
43,mix_s000_c100_r000,"{""classification"": 1.0, ""retrieval"": 0.0, ""sts"": 0.0}",STSBenchmark.clean_exact,0.6135922725083958,-0.18947047060378508
43,mix_s000_c100_r000,"{""classification"": 1.0, ""retrieval"": 0.0, ""sts"": 0.0}",SICK-R.clean_exact,0.6519656007001754,-0.10585569118756555
43,mix_s000_c100_r000,"{""classification"": 1.0, ""retrieval"": 0.0, ""sts"": 0.0}",STS12.clean_exact,0.5625379222883874,-0.160629224700645
43,mix_s000_c100_r000,"{""classification"": 1.0, ""retrieval"": 0.0, ""sts"": 0.0}",STS13.clean_exact,0.6123376351431824,-0.18813671374253182
43,mix_s000_c100_r000,"{""classification"": 1.0, ""retrieval"": 0.0, ""sts"": 0.0}",STS14.clean_exact,0.5901444391908622,-0.16902797757250476
43,mix_s020_c000_r080,"{""classification"": 0.0, ""retrieval"": 0.8, ""sts"": 0.2}",STS14,0.768802,0.012911000000000006
43,mix_s020_c000_r080,"{""classification"": 0.0, ""retrieval"": 0.8, ""sts"": 0.2}",Banking77Classification,0.80763,0.007207999999999992
43,mix_s020_c000_r080,"{""classification"": 0.0, ""retrieval"": 0.8, ""sts"": 0.2}",RedditClustering.v2,0.475155,-0.03551000000000004
43,mix_s020_c000_r080,"{""classification"": 0.0, ""retrieval"": 0.8, ""sts"": 0.2}",AmazonCounterfactualClassification,0.6623257499999999,0.02691274999999993
43,mix_s020_c000_r080,"{""classification"": 0.0, ""retrieval"": 0.8, ""sts"": 0.2}",TwentyNewsgroupsClustering.v2,0.434422,-0.02576400000000001
43,mix_s020_c000_r080,"{""classification"": 0.0, ""retrieval"": 0.8, ""sts"": 0.2}",STSBenchmark,0.827562,0.007237000000000049
43,mix_s020_c000_r080,"{""classification"": 0.0, ""retrieval"": 0.8, ""sts"": 0.2}",ArguAna,0.49351,0.005869999999999986
43,mix_s020_c000_r080,"{""classification"": 0.0, ""retrieval"": 0.8, ""sts"": 0.2}",STS13,0.802862,-0.003170000000000006
43,mix_s020_c000_r080,"{""classification"": 0.0, ""retrieval"": 0.8, ""sts"": 0.2}",EmotionClassification,0.4179,0.009599999999999997
43,mix_s020_c000_r080,"{""classification"": 0.0, ""retrieval"": 0.8, ""sts"": 0.2}",STS12,0.720381,-0.0033090000000000064
43,mix_s020_c000_r080,"{""classification"": 0.0, ""retrieval"": 0.8, ""sts"": 0.2}",SciFact,0.62436,0.000500000000000056
43,mix_s020_c000_r080,"{""classification"": 0.0, ""retrieval"": 0.8, ""sts"": 0.2}",BIOSSES,0.829182,0.012777999999999956
43,mix_s020_c000_r080,"{""classification"": 0.0, ""retrieval"": 0.8, ""sts"": 0.2}",FiQA2018,0.36702,0.0007600000000000384
43,mix_s020_c000_r080,"{""classification"": 0.0, ""retrieval"": 0.8, ""sts"": 0.2}",SICK-R,0.778336,0.002511000000000041
43,mix_s020_c000_r080,"{""classification"": 0.0, ""retrieval"": 0.8, ""sts"": 0.2}",NFCorpus,0.30523,-0.009299999999999975
43,mix_s020_c000_r080,"{""classification"": 0.0, ""retrieval"": 0.8, ""sts"": 0.2}",MassiveIntentClassification,0.6776655,0.00328649999999997
43,mix_s020_c000_r080,"{""classification"": 0.0, ""retrieval"": 0.8, ""sts"": 0.2}",AGNewsClassification,0.8682894736842105,-0.00039473684210533655
43,mix_s020_c000_r080,"{""classification"": 0.0, ""retrieval"": 0.8, ""sts"": 0.2}",MSMARCORerankingGate,0.9914876653178577,0.008643264435713727
43,mix_s020_c000_r080,"{""classification"": 0.0, ""retrieval"": 0.8, ""sts"": 0.2}",STSBenchmark.clean_exact,0.8120464692920659,0.008983726179885076
43,mix_s020_c000_r080,"{""classification"": 0.0, ""retrieval"": 0.8, ""sts"": 0.2}",SICK-R.clean_exact,0.7603257870805413,0.0025044951928003822
43,mix_s020_c000_r080,"{""classification"": 0.0, ""retrieval"": 0.8, ""sts"": 0.2}",STS12.clean_exact,0.7198303545006954,-0.0033367924883369593
43,mix_s020_c000_r080,"{""classification"": 0.0, ""retrieval"": 0.8, ""sts"": 0.2}",STS13.clean_exact,0.7809870406656082,-0.019487308220106025
43,mix_s020_c000_r080,"{""classification"": 0.0, ""retrieval"": 0.8, ""sts"": 0.2}",STS14.clean_exact,0.7657998941380892,0.006627477374722246
43,mix_s020_c020_r060,"{""classification"": 0.2, ""retrieval"": 0.6, ""sts"": 0.2}",STS14,0.748625,-0.007265999999999995
43,mix_s020_c020_r060,"{""classification"": 0.2, ""retrieval"": 0.6, ""sts"": 0.2}",Banking77Classification,0.796851,-0.003570999999999991
43,mix_s020_c020_r060,"{""classification"": 0.2, ""retrieval"": 0.6, ""sts"": 0.2}",RedditClustering.v2,0.446231,-0.06443400000000005
43,mix_s020_c020_r060,"{""classification"": 0.2, ""retrieval"": 0.6, ""sts"": 0.2}",AmazonCounterfactualClassification,0.66783775,0.03242475
43,mix_s020_c020_r060,"{""classification"": 0.2, ""retrieval"": 0.6, ""sts"": 0.2}",TwentyNewsgroupsClustering.v2,0.428075,-0.032111
43,mix_s020_c020_r060,"{""classification"": 0.2, ""retrieval"": 0.6, ""sts"": 0.2}",STSBenchmark,0.806764,-0.013560999999999934
43,mix_s020_c020_r060,"{""classification"": 0.2, ""retrieval"": 0.6, ""sts"": 0.2}",ArguAna,0.45707,-0.03057000000000004
43,mix_s020_c020_r060,"{""classification"": 0.2, ""retrieval"": 0.6, ""sts"": 0.2}",STS13,0.777089,-0.02894299999999994
43,mix_s020_c020_r060,"{""classification"": 0.2, ""retrieval"": 0.6, ""sts"": 0.2}",EmotionClassification,0.40565,-0.0026499999999999857
43,mix_s020_c020_r060,"{""classification"": 0.2, ""retrieval"": 0.6, ""sts"": 0.2}",STS12,0.675799,-0.04789100000000002
43,mix_s020_c020_r060,"{""classification"": 0.2, ""retrieval"": 0.6, ""sts"": 0.2}",SciFact,0.62447,0.0006099999999999994
43,mix_s020_c020_r060,"{""classification"": 0.2, ""retrieval"": 0.6, ""sts"": 0.2}",BIOSSES,0.778156,-0.03824800000000006
43,mix_s020_c020_r060,"{""classification"": 0.2, ""retrieval"": 0.6, ""sts"": 0.2}",FiQA2018,0.35712,-0.009139999999999981
43,mix_s020_c020_r060,"{""classification"": 0.2, ""retrieval"": 0.6, ""sts"": 0.2}",SICK-R,0.771157,-0.0046680000000000055
43,mix_s020_c020_r060,"{""classification"": 0.2, ""retrieval"": 0.6, ""sts"": 0.2}",NFCorpus,0.29863,-0.01589999999999997
43,mix_s020_c020_r060,"{""classification"": 0.2, ""retrieval"": 0.6, ""sts"": 0.2}",MassiveIntentClassification,0.6711644999999999,-0.00321450000000012
43,mix_s020_c020_r060,"{""classification"": 0.2, ""retrieval"": 0.6, ""sts"": 0.2}",AGNewsClassification,0.8768421052631579,0.00815789473684203
43,mix_s020_c020_r060,"{""classification"": 0.2, ""retrieval"": 0.6, ""sts"": 0.2}",MSMARCORerankingGate,0.9907495248250007,0.007905123942856696
43,mix_s020_c020_r060,"{""classification"": 0.2, ""retrieval"": 0.6, ""sts"": 0.2}",STSBenchmark.clean_exact,0.7876488629265538,-0.01541388018562706
43,mix_s020_c020_r060,"{""classification"": 0.2, ""retrieval"": 0.6, ""sts"": 0.2}",SICK-R.clean_exact,0.7536818263523292,-0.004139465535411779
43,mix_s020_c020_r060,"{""classification"": 0.2, ""retrieval"": 0.6, ""sts"": 0.2}",STS12.clean_exact,0.6752159693782819,-0.04795117761075052
43,mix_s020_c020_r060,"{""classification"": 0.2, ""retrieval"": 0.6, ""sts"": 0.2}",STS13.clean_exact,0.760223458279996,-0.04025089060571818
43,mix_s020_c020_r060,"{""classification"": 0.2, ""retrieval"": 0.6, ""sts"": 0.2}",STS14.clean_exact,0.7435679264224246,-0.015604490340942356
43,mix_s020_c040_r040,"{""classification"": 0.4, ""retrieval"": 0.4, ""sts"": 0.2}",STS14,0.70929,-0.046601000000000004
43,mix_s020_c040_r040,"{""classification"": 0.4, ""retrieval"": 0.4, ""sts"": 0.2}",Banking77Classification,0.773117,-0.027304999999999913
43,mix_s020_c040_r040,"{""classification"": 0.4, ""retrieval"": 0.4, ""sts"": 0.2}",RedditClustering.v2,0.433649,-0.07701600000000003
43,mix_s020_c040_r040,"{""classification"": 0.4, ""retrieval"": 0.4, ""sts"": 0.2}",AmazonCounterfactualClassification,0.66729575,0.03188274999999996
43,mix_s020_c040_r040,"{""classification"": 0.4, ""retrieval"": 0.4, ""sts"": 0.2}",TwentyNewsgroupsClustering.v2,0.42675,-0.033435999999999966
43,mix_s020_c040_r040,"{""classification"": 0.4, ""retrieval"": 0.4, ""sts"": 0.2}",STSBenchmark,0.781856,-0.038468999999999975
43,mix_s020_c040_r040,"{""classification"": 0.4, ""retrieval"": 0.4, ""sts"": 0.2}",ArguAna,0.42607,-0.061570000000000014
43,mix_s020_c040_r040,"{""classification"": 0.4, ""retrieval"": 0.4, ""sts"": 0.2}",STS13,0.746281,-0.059751
43,mix_s020_c040_r040,"{""classification"": 0.4, ""retrieval"": 0.4, ""sts"": 0.2}",EmotionClassification,0.38,-0.028299999999999992
43,mix_s020_c040_r040,"{""classification"": 0.4, ""retrieval"": 0.4, ""sts"": 0.2}",STS12,0.630881,-0.09280900000000003
43,mix_s020_c040_r040,"{""classification"": 0.4, ""retrieval"": 0.4, ""sts"": 0.2}",SciFact,0.60717,-0.016689999999999983
43,mix_s020_c040_r040,"{""classification"": 0.4, ""retrieval"": 0.4, ""sts"": 0.2}",BIOSSES,0.70298,-0.11342399999999997
43,mix_s020_c040_r040,"{""classification"": 0.4, ""retrieval"": 0.4, ""sts"": 0.2}",FiQA2018,0.3307,-0.03555999999999998
43,mix_s020_c040_r040,"{""classification"": 0.4, ""retrieval"": 0.4, ""sts"": 0.2}",SICK-R,0.751475,-0.024349999999999983
43,mix_s020_c040_r040,"{""classification"": 0.4, ""retrieval"": 0.4, ""sts"": 0.2}",NFCorpus,0.28505,-0.02947999999999995
43,mix_s020_c040_r040,"{""classification"": 0.4, ""retrieval"": 0.4, ""sts"": 0.2}",MassiveIntentClassification,0.6588309999999999,-0.015548000000000117
43,mix_s020_c040_r040,"{""classification"": 0.4, ""retrieval"": 0.4, ""sts"": 0.2}",AGNewsClassification,0.8813157894736842,0.012631578947368327
43,mix_s020_c040_r040,"{""classification"": 0.4, ""retrieval"": 0.4, ""sts"": 0.2}",MSMARCORerankingGate,0.9874041735928579,0.00455977271071395
43,mix_s020_c040_r040,"{""classification"": 0.4, ""retrieval"": 0.4, ""sts"": 0.2}",STSBenchmark.clean_exact,0.7551239681731108,-0.04793877493907006
43,mix_s020_c040_r040,"{""classification"": 0.4, ""retrieval"": 0.4, ""sts"": 0.2}",SICK-R.clean_exact,0.7341736141431598,-0.023647677744581097
43,mix_s020_c040_r040,"{""classification"": 0.4, ""retrieval"": 0.4, ""sts"": 0.2}",STS12.clean_exact,0.6302278508659668,-0.09293929612306562
43,mix_s020_c040_r040,"{""classification"": 0.4, ""retrieval"": 0.4, ""sts"": 0.2}",STS13.clean_exact,0.7362545973336663,-0.06421975155204795
43,mix_s020_c040_r040,"{""classification"": 0.4, ""retrieval"": 0.4, ""sts"": 0.2}",STS14.clean_exact,0.7006135371225914,-0.05855887964077555
43,mix_s020_c060_r020,"{""classification"": 0.6, ""retrieval"": 0.2, ""sts"": 0.2}",STS14,0.674567,-0.08132399999999995
43,mix_s020_c060_r020,"{""classification"": 0.6, ""retrieval"": 0.2, ""sts"": 0.2}",Banking77Classification,0.733344,-0.06707799999999997
43,mix_s020_c060_r020,"{""classification"": 0.6, ""retrieval"": 0.2, ""sts"": 0.2}",RedditClustering.v2,0.422572,-0.08809300000000003
43,mix_s020_c060_r020,"{""classification"": 0.6, ""retrieval"": 0.2, ""sts"": 0.2}",AmazonCounterfactualClassification,0.663308,0.027895000000000003
43,mix_s020_c060_r020,"{""classification"": 0.6, ""retrieval"": 0.2, ""sts"": 0.2}",TwentyNewsgroupsClustering.v2,0.420939,-0.039246999999999976
43,mix_s020_c060_r020,"{""classification"": 0.6, ""retrieval"": 0.2, ""sts"": 0.2}",STSBenchmark,0.764636,-0.05568899999999999
43,mix_s020_c060_r020,"{""classification"": 0.6, ""retrieval"": 0.2, ""sts"": 0.2}",ArguAna,0.3661,-0.12154000000000004
43,mix_s020_c060_r020,"{""classification"": 0.6, ""retrieval"": 0.2, ""sts"": 0.2}",STS13,0.714595,-0.09143699999999999
43,mix_s020_c060_r020,"{""classification"": 0.6, ""retrieval"": 0.2, ""sts"": 0.2}",EmotionClassification,0.35005,-0.058250000000000024
43,mix_s020_c060_r020,"{""classification"": 0.6, ""retrieval"": 0.2, ""sts"": 0.2}",STS12,0.604076,-0.11961400000000011
43,mix_s020_c060_r020,"{""classification"": 0.6, ""retrieval"": 0.2, ""sts"": 0.2}",SciFact,0.57178,-0.052080000000000015
43,mix_s020_c060_r020,"{""classification"": 0.6, ""retrieval"": 0.2, ""sts"": 0.2}",BIOSSES,0.667654,-0.14875000000000005
43,mix_s020_c060_r020,"{""classification"": 0.6, ""retrieval"": 0.2, ""sts"": 0.2}",FiQA2018,0.28453,-0.08172999999999997
43,mix_s020_c060_r020,"{""classification"": 0.6, ""retrieval"": 0.2, ""sts"": 0.2}",SICK-R,0.739609,-0.036216000000000026
43,mix_s020_c060_r020,"{""classification"": 0.6, ""retrieval"": 0.2, ""sts"": 0.2}",NFCorpus,0.26692,-0.047609999999999986
43,mix_s020_c060_r020,"{""classification"": 0.6, ""retrieval"": 0.2, ""sts"": 0.2}",MassiveIntentClassification,0.6327805,-0.041598500000000094
43,mix_s020_c060_r020,"{""classification"": 0.6, ""retrieval"": 0.2, ""sts"": 0.2}",AGNewsClassification,0.8859210526315789,0.017236842105263106
43,mix_s020_c060_r020,"{""classification"": 0.6, ""retrieval"": 0.2, ""sts"": 0.2}",MSMARCORerankingGate,0.9760702066928586,-0.006774194189285376
43,mix_s020_c060_r020,"{""classification"": 0.6, ""retrieval"": 0.2, ""sts"": 0.2}",STSBenchmark.clean_exact,0.7338263390128257,-0.06923640409935516
43,mix_s020_c060_r020,"{""classification"": 0.6, ""retrieval"": 0.2, ""sts"": 0.2}",SICK-R.clean_exact,0.7232513205001251,-0.03456997138761586
43,mix_s020_c060_r020,"{""classification"": 0.6, ""retrieval"": 0.2, ""sts"": 0.2}",STS12.clean_exact,0.6033539937789265,-0.11981315321010588
43,mix_s020_c060_r020,"{""classification"": 0.6, ""retrieval"": 0.2, ""sts"": 0.2}",STS13.clean_exact,0.7040706677288062,-0.096403681156908
43,mix_s020_c060_r020,"{""classification"": 0.6, ""retrieval"": 0.2, ""sts"": 0.2}",STS14.clean_exact,0.6659897829383851,-0.09318263382498193
43,mix_s020_c080_r000,"{""classification"": 0.8, ""retrieval"": 0.0, ""sts"": 0.2}",STS14,0.677477,-0.07841399999999998
43,mix_s020_c080_r000,"{""classification"": 0.8, ""retrieval"": 0.0, ""sts"": 0.2}",Banking77Classification,0.669481,-0.13094099999999997
43,mix_s020_c080_r000,"{""classification"": 0.8, ""retrieval"": 0.0, ""sts"": 0.2}",RedditClustering.v2,0.404647,-0.10601800000000006
43,mix_s020_c080_r000,"{""classification"": 0.8, ""retrieval"": 0.0, ""sts"": 0.2}",AmazonCounterfactualClassification,0.6700705,0.03465750000000001
43,mix_s020_c080_r000,"{""classification"": 0.8, ""retrieval"": 0.0, ""sts"": 0.2}",TwentyNewsgroupsClustering.v2,0.41106,-0.049126
43,mix_s020_c080_r000,"{""classification"": 0.8, ""retrieval"": 0.0, ""sts"": 0.2}",STSBenchmark,0.750246,-0.070079
43,mix_s020_c080_r000,"{""classification"": 0.8, ""retrieval"": 0.0, ""sts"": 0.2}",ArguAna,0.2414,-0.24624000000000001
43,mix_s020_c080_r000,"{""classification"": 0.8, ""retrieval"": 0.0, ""sts"": 0.2}",STS13,0.718366,-0.08766600000000002
43,mix_s020_c080_r000,"{""classification"": 0.8, ""retrieval"": 0.0, ""sts"": 0.2}",EmotionClassification,0.31845,-0.08984999999999999
43,mix_s020_c080_r000,"{""classification"": 0.8, ""retrieval"": 0.0, ""sts"": 0.2}",STS12,0.614493,-0.1091970000000001
43,mix_s020_c080_r000,"{""classification"": 0.8, ""retrieval"": 0.0, ""sts"": 0.2}",SciFact,0.43649,-0.18736999999999998
43,mix_s020_c080_r000,"{""classification"": 0.8, ""retrieval"": 0.0, ""sts"": 0.2}",BIOSSES,0.594086,-0.22231800000000002
43,mix_s020_c080_r000,"{""classification"": 0.8, ""retrieval"": 0.0, ""sts"": 0.2}",FiQA2018,0.17501,-0.19124999999999998
43,mix_s020_c080_r000,"{""classification"": 0.8, ""retrieval"": 0.0, ""sts"": 0.2}",SICK-R,0.729518,-0.04630699999999999
43,mix_s020_c080_r000,"{""classification"": 0.8, ""retrieval"": 0.0, ""sts"": 0.2}",NFCorpus,0.17417,-0.14035999999999998
43,mix_s020_c080_r000,"{""classification"": 0.8, ""retrieval"": 0.0, ""sts"": 0.2}",MassiveIntentClassification,0.590468,-0.08391100000000007
43,mix_s020_c080_r000,"{""classification"": 0.8, ""retrieval"": 0.0, ""sts"": 0.2}",AGNewsClassification,0.8869736842105264,0.018289473684210522
43,mix_s020_c080_r000,"{""classification"": 0.8, ""retrieval"": 0.0, ""sts"": 0.2}",MSMARCORerankingGate,0.8805541437826566,-0.10229025709948736
43,mix_s020_c080_r000,"{""classification"": 0.8, ""retrieval"": 0.0, ""sts"": 0.2}",STSBenchmark.clean_exact,0.7185222032953508,-0.08454053981683007
43,mix_s020_c080_r000,"{""classification"": 0.8, ""retrieval"": 0.0, ""sts"": 0.2}",SICK-R.clean_exact,0.7142247565668244,-0.04359653532091656
43,mix_s020_c080_r000,"{""classification"": 0.8, ""retrieval"": 0.0, ""sts"": 0.2}",STS12.clean_exact,0.6137606556322828,-0.10940649135674962
43,mix_s020_c080_r000,"{""classification"": 0.8, ""retrieval"": 0.0, ""sts"": 0.2}",STS13.clean_exact,0.6838019968897276,-0.11667235199598658
43,mix_s020_c080_r000,"{""classification"": 0.8, ""retrieval"": 0.0, ""sts"": 0.2}",STS14.clean_exact,0.6686243303278949,-0.09054808643547207
43,mix_s040_c000_r060,"{""classification"": 0.0, ""retrieval"": 0.6, ""sts"": 0.4}",STS14,0.771599,0.015708000000000055
43,mix_s040_c000_r060,"{""classification"": 0.0, ""retrieval"": 0.6, ""sts"": 0.4}",Banking77Classification,0.803019,0.0025970000000000715
43,mix_s040_c000_r060,"{""classification"": 0.0, ""retrieval"": 0.6, ""sts"": 0.4}",RedditClustering.v2,0.466088,-0.04457700000000003
43,mix_s040_c000_r060,"{""classification"": 0.0, ""retrieval"": 0.6, ""sts"": 0.4}",AmazonCounterfactualClassification,0.66748,0.03206699999999996
43,mix_s040_c000_r060,"{""classification"": 0.0, ""retrieval"": 0.6, ""sts"": 0.4}",TwentyNewsgroupsClustering.v2,0.441323,-0.018862999999999963
43,mix_s040_c000_r060,"{""classification"": 0.0, ""retrieval"": 0.6, ""sts"": 0.4}",STSBenchmark,0.823797,0.0034720000000000306
43,mix_s040_c000_r060,"{""classification"": 0.0, ""retrieval"": 0.6, ""sts"": 0.4}",ArguAna,0.49291,0.005269999999999997
43,mix_s040_c000_r060,"{""classification"": 0.0, ""retrieval"": 0.6, ""sts"": 0.4}",STS13,0.798061,-0.00797099999999995
43,mix_s040_c000_r060,"{""classification"": 0.0, ""retrieval"": 0.6, ""sts"": 0.4}",EmotionClassification,0.4193,0.01100000000000001
43,mix_s040_c000_r060,"{""classification"": 0.0, ""retrieval"": 0.6, ""sts"": 0.4}",STS12,0.719741,-0.003949000000000091
43,mix_s040_c000_r060,"{""classification"": 0.0, ""retrieval"": 0.6, ""sts"": 0.4}",SciFact,0.62278,-0.0010799999999999699
43,mix_s040_c000_r060,"{""classification"": 0.0, ""retrieval"": 0.6, ""sts"": 0.4}",BIOSSES,0.82979,0.013386000000000009
43,mix_s040_c000_r060,"{""classification"": 0.0, ""retrieval"": 0.6, ""sts"": 0.4}",FiQA2018,0.36079,-0.005469999999999975
43,mix_s040_c000_r060,"{""classification"": 0.0, ""retrieval"": 0.6, ""sts"": 0.4}",SICK-R,0.778531,0.002705999999999986
43,mix_s040_c000_r060,"{""classification"": 0.0, ""retrieval"": 0.6, ""sts"": 0.4}",NFCorpus,0.30839,-0.006139999999999979
43,mix_s040_c000_r060,"{""classification"": 0.0, ""retrieval"": 0.6, ""sts"": 0.4}",MassiveIntentClassification,0.6795215,0.005142499999999939
43,mix_s040_c000_r060,"{""classification"": 0.0, ""retrieval"": 0.6, ""sts"": 0.4}",AGNewsClassification,0.8730263157894737,0.004342105263157814
43,mix_s040_c000_r060,"{""classification"": 0.0, ""retrieval"": 0.6, ""sts"": 0.4}",MSMARCORerankingGate,0.9907495248250007,0.007905123942856696
43,mix_s040_c000_r060,"{""classification"": 0.0, ""retrieval"": 0.6, ""sts"": 0.4}",STSBenchmark.clean_exact,0.8076315059091724,0.004568762796991588
43,mix_s040_c000_r060,"{""classification"": 0.0, ""retrieval"": 0.6, ""sts"": 0.4}",SICK-R.clean_exact,0.7594184147252866,0.0015971228375456503
43,mix_s040_c000_r060,"{""classification"": 0.0, ""retrieval"": 0.6, ""sts"": 0.4}",STS12.clean_exact,0.7192337091283485,-0.003933437860683897
43,mix_s040_c000_r060,"{""classification"": 0.0, ""retrieval"": 0.6, ""sts"": 0.4}",STS13.clean_exact,0.7753472016479862,-0.02512714723772802
43,mix_s040_c000_r060,"{""classification"": 0.0, ""retrieval"": 0.6, ""sts"": 0.4}",STS14.clean_exact,0.7679500069165536,0.008777590153186576
43,mix_s040_c020_r040,"{""classification"": 0.2, ""retrieval"": 0.4, ""sts"": 0.4}",STS14,0.747912,-0.007978999999999958
43,mix_s040_c020_r040,"{""classification"": 0.2, ""retrieval"": 0.4, ""sts"": 0.4}",Banking77Classification,0.78513,-0.015291999999999972
43,mix_s040_c020_r040,"{""classification"": 0.2, ""retrieval"": 0.4, ""sts"": 0.4}",RedditClustering.v2,0.443632,-0.06703300000000001
43,mix_s040_c020_r040,"{""classification"": 0.2, ""retrieval"": 0.4, ""sts"": 0.4}",AmazonCounterfactualClassification,0.67621475,0.04080174999999997
43,mix_s040_c020_r040,"{""classification"": 0.2, ""retrieval"": 0.4, ""sts"": 0.4}",TwentyNewsgroupsClustering.v2,0.435098,-0.025088
43,mix_s040_c020_r040,"{""classification"": 0.2, ""retrieval"": 0.4, ""sts"": 0.4}",STSBenchmark,0.805089,-0.015235999999999916
43,mix_s040_c020_r040,"{""classification"": 0.2, ""retrieval"": 0.4, ""sts"": 0.4}",ArguAna,0.46663,-0.02101000000000003
43,mix_s040_c020_r040,"{""classification"": 0.2, ""retrieval"": 0.4, ""sts"": 0.4}",STS13,0.773622,-0.03240999999999994
43,mix_s040_c020_r040,"{""classification"": 0.2, ""retrieval"": 0.4, ""sts"": 0.4}",EmotionClassification,0.40735,-0.0009500000000000064
43,mix_s040_c020_r040,"{""classification"": 0.2, ""retrieval"": 0.4, ""sts"": 0.4}",STS12,0.678144,-0.045546000000000086
43,mix_s040_c020_r040,"{""classification"": 0.2, ""retrieval"": 0.4, ""sts"": 0.4}",SciFact,0.62618,0.0023199999999999887
43,mix_s040_c020_r040,"{""classification"": 0.2, ""retrieval"": 0.4, ""sts"": 0.4}",BIOSSES,0.764288,-0.05211600000000005
43,mix_s040_c020_r040,"{""classification"": 0.2, ""retrieval"": 0.4, ""sts"": 0.4}",FiQA2018,0.33769,-0.028569999999999984
43,mix_s040_c020_r040,"{""classification"": 0.2, ""retrieval"": 0.4, ""sts"": 0.4}",SICK-R,0.768619,-0.007205999999999935
43,mix_s040_c020_r040,"{""classification"": 0.2, ""retrieval"": 0.4, ""sts"": 0.4}",NFCorpus,0.28632,-0.028209999999999957
43,mix_s040_c020_r040,"{""classification"": 0.2, ""retrieval"": 0.4, ""sts"": 0.4}",MassiveIntentClassification,0.6685205000000001,-0.005858499999999989
43,mix_s040_c020_r040,"{""classification"": 0.2, ""retrieval"": 0.4, ""sts"": 0.4}",AGNewsClassification,0.8769736842105263,0.008289473684210513
43,mix_s040_c020_r040,"{""classification"": 0.2, ""retrieval"": 0.4, ""sts"": 0.4}",MSMARCORerankingGate,0.988142314085715,0.005297913203570981
43,mix_s040_c020_r040,"{""classification"": 0.2, ""retrieval"": 0.4, ""sts"": 0.4}",STSBenchmark.clean_exact,0.7838012604168145,-0.019261482695366317
43,mix_s040_c020_r040,"{""classification"": 0.2, ""retrieval"": 0.4, ""sts"": 0.4}",SICK-R.clean_exact,0.7504009613392717,-0.007420330548469245
43,mix_s040_c020_r040,"{""classification"": 0.2, ""retrieval"": 0.4, ""sts"": 0.4}",STS12.clean_exact,0.6775732979870315,-0.04559384900200092
43,mix_s040_c020_r040,"{""classification"": 0.2, ""retrieval"": 0.4, ""sts"": 0.4}",STS13.clean_exact,0.75676317356133,-0.04371117532438418
43,mix_s040_c020_r040,"{""classification"": 0.2, ""retrieval"": 0.4, ""sts"": 0.4}",STS14.clean_exact,0.7410987551855337,-0.0180736615778333
43,mix_s040_c040_r020,"{""classification"": 0.4, ""retrieval"": 0.2, ""sts"": 0.4}",STS14,0.725952,-0.029938999999999938
43,mix_s040_c040_r020,"{""classification"": 0.4, ""retrieval"": 0.2, ""sts"": 0.4}",Banking77Classification,0.742597,-0.057825000000000015
43,mix_s040_c040_r020,"{""classification"": 0.4, ""retrieval"": 0.2, ""sts"": 0.4}",RedditClustering.v2,0.441876,-0.06878900000000004
43,mix_s040_c040_r020,"{""classification"": 0.4, ""retrieval"": 0.2, ""sts"": 0.4}",AmazonCounterfactualClassification,0.67088925,0.03547624999999999
43,mix_s040_c040_r020,"{""classification"": 0.4, ""retrieval"": 0.2, ""sts"": 0.4}",TwentyNewsgroupsClustering.v2,0.428566,-0.03161999999999998
43,mix_s040_c040_r020,"{""classification"": 0.4, ""retrieval"": 0.2, ""sts"": 0.4}",STSBenchmark,0.799886,-0.020438999999999985
43,mix_s040_c040_r020,"{""classification"": 0.4, ""retrieval"": 0.2, ""sts"": 0.4}",ArguAna,0.4153,-0.07234000000000002
43,mix_s040_c040_r020,"{""classification"": 0.4, ""retrieval"": 0.2, ""sts"": 0.4}",STS13,0.758472,-0.047559999999999936
43,mix_s040_c040_r020,"{""classification"": 0.4, ""retrieval"": 0.2, ""sts"": 0.4}",EmotionClassification,0.37325,-0.03504999999999997
43,mix_s040_c040_r020,"{""classification"": 0.4, ""retrieval"": 0.2, ""sts"": 0.4}",STS12,0.658366,-0.06532400000000005
43,mix_s040_c040_r020,"{""classification"": 0.4, ""retrieval"": 0.2, ""sts"": 0.4}",SciFact,0.5911,-0.03276000000000001
43,mix_s040_c040_r020,"{""classification"": 0.4, ""retrieval"": 0.2, ""sts"": 0.4}",BIOSSES,0.704871,-0.111533
43,mix_s040_c040_r020,"{""classification"": 0.4, ""retrieval"": 0.2, ""sts"": 0.4}",FiQA2018,0.29556,-0.07069999999999999
43,mix_s040_c040_r020,"{""classification"": 0.4, ""retrieval"": 0.2, ""sts"": 0.4}",SICK-R,0.754958,-0.02086699999999997
43,mix_s040_c040_r020,"{""classification"": 0.4, ""retrieval"": 0.2, ""sts"": 0.4}",NFCorpus,0.27064,-0.043889999999999985
43,mix_s040_c040_r020,"{""classification"": 0.4, ""retrieval"": 0.2, ""sts"": 0.4}",MassiveIntentClassification,0.6451910000000001,-0.02918799999999999
43,mix_s040_c040_r020,"{""classification"": 0.4, ""retrieval"": 0.2, ""sts"": 0.4}",AGNewsClassification,0.8809210526315789,0.012236842105263102
43,mix_s040_c040_r020,"{""classification"": 0.4, ""retrieval"": 0.2, ""sts"": 0.4}",MSMARCORerankingGate,0.9807609091571442,-0.0020834917249997753
43,mix_s040_c040_r020,"{""classification"": 0.4, ""retrieval"": 0.2, ""sts"": 0.4}",STSBenchmark.clean_exact,0.7757532361578915,-0.027309506954289353
43,mix_s040_c040_r020,"{""classification"": 0.4, ""retrieval"": 0.2, ""sts"": 0.4}",SICK-R.clean_exact,0.7363526534031113,-0.021468638484629654
43,mix_s040_c040_r020,"{""classification"": 0.4, ""retrieval"": 0.2, ""sts"": 0.4}",STS12.clean_exact,0.6577563368145679,-0.06541081017446448
43,mix_s040_c040_r020,"{""classification"": 0.4, ""retrieval"": 0.2, ""sts"": 0.4}",STS13.clean_exact,0.7429788627920184,-0.05749548609369581
43,mix_s040_c040_r020,"{""classification"": 0.4, ""retrieval"": 0.2, ""sts"": 0.4}",STS14.clean_exact,0.7173252097541271,-0.04184720700923994
43,mix_s040_c060_r000,"{""classification"": 0.6, ""retrieval"": 0.0, ""sts"": 0.4}",STS14,0.740851,-0.015039999999999942
43,mix_s040_c060_r000,"{""classification"": 0.6, ""retrieval"": 0.0, ""sts"": 0.4}",Banking77Classification,0.698084,-0.10233799999999993
43,mix_s040_c060_r000,"{""classification"": 0.6, ""retrieval"": 0.0, ""sts"": 0.4}",RedditClustering.v2,0.423983,-0.08668200000000004
43,mix_s040_c060_r000,"{""classification"": 0.6, ""retrieval"": 0.0, ""sts"": 0.4}",AmazonCounterfactualClassification,0.67489525,0.03948224999999994
43,mix_s040_c060_r000,"{""classification"": 0.6, ""retrieval"": 0.0, ""sts"": 0.4}",TwentyNewsgroupsClustering.v2,0.421865,-0.038320999999999994
43,mix_s040_c060_r000,"{""classification"": 0.6, ""retrieval"": 0.0, ""sts"": 0.4}",STSBenchmark,0.800874,-0.019450999999999996
43,mix_s040_c060_r000,"{""classification"": 0.6, ""retrieval"": 0.0, ""sts"": 0.4}",ArguAna,0.30267,-0.18497000000000002
43,mix_s040_c060_r000,"{""classification"": 0.6, ""retrieval"": 0.0, ""sts"": 0.4}",STS13,0.771363,-0.03466899999999995
43,mix_s040_c060_r000,"{""classification"": 0.6, ""retrieval"": 0.0, ""sts"": 0.4}",EmotionClassification,0.34895,-0.059350000000000014
43,mix_s040_c060_r000,"{""classification"": 0.6, ""retrieval"": 0.0, ""sts"": 0.4}",STS12,0.675288,-0.048402000000000056
43,mix_s040_c060_r000,"{""classification"": 0.6, ""retrieval"": 0.0, ""sts"": 0.4}",SciFact,0.51095,-0.11290999999999995
43,mix_s040_c060_r000,"{""classification"": 0.6, ""retrieval"": 0.0, ""sts"": 0.4}",BIOSSES,0.659732,-0.15667200000000003
43,mix_s040_c060_r000,"{""classification"": 0.6, ""retrieval"": 0.0, ""sts"": 0.4}",FiQA2018,0.21928,-0.14697999999999997
43,mix_s040_c060_r000,"{""classification"": 0.6, ""retrieval"": 0.0, ""sts"": 0.4}",SICK-R,0.755231,-0.020594
43,mix_s040_c060_r000,"{""classification"": 0.6, ""retrieval"": 0.0, ""sts"": 0.4}",NFCorpus,0.21216,-0.10236999999999999
43,mix_s040_c060_r000,"{""classification"": 0.6, ""retrieval"": 0.0, ""sts"": 0.4}",MassiveIntentClassification,0.610142,-0.0642370000000001
43,mix_s040_c060_r000,"{""classification"": 0.6, ""retrieval"": 0.0, ""sts"": 0.4}",AGNewsClassification,0.8840789473684211,0.015394736842105239
43,mix_s040_c060_r000,"{""classification"": 0.6, ""retrieval"": 0.0, ""sts"": 0.4}",MSMARCORerankingGate,0.9185178109363272,-0.06432658994581675
43,mix_s040_c060_r000,"{""classification"": 0.6, ""retrieval"": 0.0, ""sts"": 0.4}",STSBenchmark.clean_exact,0.7755024258319012,-0.027560317280279634
43,mix_s040_c060_r000,"{""classification"": 0.6, ""retrieval"": 0.0, ""sts"": 0.4}",SICK-R.clean_exact,0.7373047443492372,-0.020516547538503738
43,mix_s040_c060_r000,"{""classification"": 0.6, ""retrieval"": 0.0, ""sts"": 0.4}",STS12.clean_exact,0.6746803999464941,-0.0484867470425383
43,mix_s040_c060_r000,"{""classification"": 0.6, ""retrieval"": 0.0, ""sts"": 0.4}",STS13.clean_exact,0.7405598842453899,-0.05991446464032435
43,mix_s040_c060_r000,"{""classification"": 0.6, ""retrieval"": 0.0, ""sts"": 0.4}",STS14.clean_exact,0.7314821663146973,-0.027690250448669684
43,mix_s060_c000_r040,"{""classification"": 0.0, ""retrieval"": 0.4, ""sts"": 0.6}",STS14,0.774508,0.018616999999999995
43,mix_s060_c000_r040,"{""classification"": 0.0, ""retrieval"": 0.4, ""sts"": 0.6}",Banking77Classification,0.793279,-0.0071430000000000105
43,mix_s060_c000_r040,"{""classification"": 0.0, ""retrieval"": 0.4, ""sts"": 0.6}",RedditClustering.v2,0.459469,-0.05119600000000002
43,mix_s060_c000_r040,"{""classification"": 0.0, ""retrieval"": 0.4, ""sts"": 0.6}",AmazonCounterfactualClassification,0.67875975,0.04334674999999999
43,mix_s060_c000_r040,"{""classification"": 0.0, ""retrieval"": 0.4, ""sts"": 0.6}",TwentyNewsgroupsClustering.v2,0.435269,-0.024916999999999967
43,mix_s060_c000_r040,"{""classification"": 0.0, ""retrieval"": 0.4, ""sts"": 0.6}",STSBenchmark,0.826367,0.006041999999999992
43,mix_s060_c000_r040,"{""classification"": 0.0, ""retrieval"": 0.4, ""sts"": 0.6}",ArguAna,0.49597,0.008330000000000004
43,mix_s060_c000_r040,"{""classification"": 0.0, ""retrieval"": 0.4, ""sts"": 0.6}",STS13,0.794449,-0.01158300000000001
43,mix_s060_c000_r040,"{""classification"": 0.0, ""retrieval"": 0.4, ""sts"": 0.6}",EmotionClassification,0.4182,0.00990000000000002
43,mix_s060_c000_r040,"{""classification"": 0.0, ""retrieval"": 0.4, ""sts"": 0.6}",STS12,0.725535,0.0018449999999999855
43,mix_s060_c000_r040,"{""classification"": 0.0, ""retrieval"": 0.4, ""sts"": 0.6}",SciFact,0.6248,0.0009400000000000519
43,mix_s060_c000_r040,"{""classification"": 0.0, ""retrieval"": 0.4, ""sts"": 0.6}",BIOSSES,0.812657,-0.003747000000000056
43,mix_s060_c000_r040,"{""classification"": 0.0, ""retrieval"": 0.4, ""sts"": 0.6}",FiQA2018,0.3454,-0.02085999999999999
43,mix_s060_c000_r040,"{""classification"": 0.0, ""retrieval"": 0.4, ""sts"": 0.6}",SICK-R,0.778134,0.0023090000000000055
43,mix_s060_c000_r040,"{""classification"": 0.0, ""retrieval"": 0.4, ""sts"": 0.6}",NFCorpus,0.29454,-0.019989999999999952
43,mix_s060_c000_r040,"{""classification"": 0.0, ""retrieval"": 0.4, ""sts"": 0.6}",MassiveIntentClassification,0.677979,0.0035999999999999366
43,mix_s060_c000_r040,"{""classification"": 0.0, ""retrieval"": 0.4, ""sts"": 0.6}",AGNewsClassification,0.8721052631578947,0.0034210526315788803
43,mix_s060_c000_r040,"{""classification"": 0.0, ""retrieval"": 0.4, ""sts"": 0.6}",MSMARCORerankingGate,0.9901185950714291,0.007274194189285099
43,mix_s060_c000_r040,"{""classification"": 0.0, ""retrieval"": 0.4, ""sts"": 0.6}",STSBenchmark.clean_exact,0.8091320498668395,0.006069306754658665
43,mix_s060_c000_r040,"{""classification"": 0.0, ""retrieval"": 0.4, ""sts"": 0.6}",SICK-R.clean_exact,0.7583966103466839,0.0005753184589429861
43,mix_s060_c000_r040,"{""classification"": 0.0, ""retrieval"": 0.4, ""sts"": 0.6}",STS12.clean_exact,0.7250083681506121,0.001841221161579698
43,mix_s060_c000_r040,"{""classification"": 0.0, ""retrieval"": 0.4, ""sts"": 0.6}",STS13.clean_exact,0.7680122163463746,-0.032462132539339605
43,mix_s060_c000_r040,"{""classification"": 0.0, ""retrieval"": 0.4, ""sts"": 0.6}",STS14.clean_exact,0.7688125440388395,0.009640127275472476
43,mix_s060_c020_r020,"{""classification"": 0.2, ""retrieval"": 0.2, ""sts"": 0.6}",STS14,0.766768,0.010877000000000026
43,mix_s060_c020_r020,"{""classification"": 0.2, ""retrieval"": 0.2, ""sts"": 0.6}",Banking77Classification,0.762662,-0.037760000000000016
43,mix_s060_c020_r020,"{""classification"": 0.2, ""retrieval"": 0.2, ""sts"": 0.6}",RedditClustering.v2,0.455025,-0.05564000000000002
43,mix_s060_c020_r020,"{""classification"": 0.2, ""retrieval"": 0.2, ""sts"": 0.6}",AmazonCounterfactualClassification,0.67846325,0.04305024999999996
43,mix_s060_c020_r020,"{""classification"": 0.2, ""retrieval"": 0.2, ""sts"": 0.6}",TwentyNewsgroupsClustering.v2,0.43587,-0.024316000000000004
43,mix_s060_c020_r020,"{""classification"": 0.2, ""retrieval"": 0.2, ""sts"": 0.6}",STSBenchmark,0.825741,0.005415999999999976
43,mix_s060_c020_r020,"{""classification"": 0.2, ""retrieval"": 0.2, ""sts"": 0.6}",ArguAna,0.46127,-0.026370000000000005
43,mix_s060_c020_r020,"{""classification"": 0.2, ""retrieval"": 0.2, ""sts"": 0.6}",STS13,0.790034,-0.015997999999999957
43,mix_s060_c020_r020,"{""classification"": 0.2, ""retrieval"": 0.2, ""sts"": 0.6}",EmotionClassification,0.405,-0.0032999999999999696
43,mix_s060_c020_r020,"{""classification"": 0.2, ""retrieval"": 0.2, ""sts"": 0.6}",STS12,0.709069,-0.014621000000000106
43,mix_s060_c020_r020,"{""classification"": 0.2, ""retrieval"": 0.2, ""sts"": 0.6}",SciFact,0.60314,-0.02071999999999996
43,mix_s060_c020_r020,"{""classification"": 0.2, ""retrieval"": 0.2, ""sts"": 0.6}",BIOSSES,0.746246,-0.07015800000000005
43,mix_s060_c020_r020,"{""classification"": 0.2, ""retrieval"": 0.2, ""sts"": 0.6}",FiQA2018,0.31139,-0.054869999999999974
43,mix_s060_c020_r020,"{""classification"": 0.2, ""retrieval"": 0.2, ""sts"": 0.6}",SICK-R,0.769774,-0.006051000000000029
43,mix_s060_c020_r020,"{""classification"": 0.2, ""retrieval"": 0.2, ""sts"": 0.6}",NFCorpus,0.27765,-0.03687999999999997
43,mix_s060_c020_r020,"{""classification"": 0.2, ""retrieval"": 0.2, ""sts"": 0.6}",MassiveIntentClassification,0.6589560000000001,-0.015422999999999965
43,mix_s060_c020_r020,"{""classification"": 0.2, ""retrieval"": 0.2, ""sts"": 0.6}",AGNewsClassification,0.878421052631579,0.009736842105263155
43,mix_s060_c020_r020,"{""classification"": 0.2, ""retrieval"": 0.2, ""sts"": 0.6}",MSMARCORerankingGate,0.985320681867858,0.0024762809857140633
43,mix_s060_c020_r020,"{""classification"": 0.2, ""retrieval"": 0.2, ""sts"": 0.6}",STSBenchmark.clean_exact,0.8042947758656863,0.0012320327535054743
43,mix_s060_c020_r020,"{""classification"": 0.2, ""retrieval"": 0.2, ""sts"": 0.6}",SICK-R.clean_exact,0.7501362921100749,-0.007684999777666013
43,mix_s060_c020_r020,"{""classification"": 0.2, ""retrieval"": 0.2, ""sts"": 0.6}",STS12.clean_exact,0.7085106295842147,-0.01465651740481766
43,mix_s060_c020_r020,"{""classification"": 0.2, ""retrieval"": 0.2, ""sts"": 0.6}",STS13.clean_exact,0.7698078011161013,-0.030666547769612973
43,mix_s060_c020_r020,"{""classification"": 0.2, ""retrieval"": 0.2, ""sts"": 0.6}",STS14.clean_exact,0.7593765034264706,0.00020408666310356427
43,mix_s060_c040_r000,"{""classification"": 0.4, ""retrieval"": 0.0, ""sts"": 0.6}",STS14,0.778214,0.022322999999999982
43,mix_s060_c040_r000,"{""classification"": 0.4, ""retrieval"": 0.0, ""sts"": 0.6}",Banking77Classification,0.73,-0.07042199999999998
43,mix_s060_c040_r000,"{""classification"": 0.4, ""retrieval"": 0.0, ""sts"": 0.6}",RedditClustering.v2,0.438925,-0.07174000000000003
43,mix_s060_c040_r000,"{""classification"": 0.4, ""retrieval"": 0.0, ""sts"": 0.6}",AmazonCounterfactualClassification,0.6944929999999999,0.05907999999999991
43,mix_s060_c040_r000,"{""classification"": 0.4, ""retrieval"": 0.0, ""sts"": 0.6}",TwentyNewsgroupsClustering.v2,0.432661,-0.027524999999999966
43,mix_s060_c040_r000,"{""classification"": 0.4, ""retrieval"": 0.0, ""sts"": 0.6}",STSBenchmark,0.83027,0.009944999999999982
43,mix_s060_c040_r000,"{""classification"": 0.4, ""retrieval"": 0.0, ""sts"": 0.6}",ArguAna,0.39012,-0.09752
43,mix_s060_c040_r000,"{""classification"": 0.4, ""retrieval"": 0.0, ""sts"": 0.6}",STS13,0.80582,-0.00021199999999998997
43,mix_s060_c040_r000,"{""classification"": 0.4, ""retrieval"": 0.0, ""sts"": 0.6}",EmotionClassification,0.3819,-0.02639999999999998
43,mix_s060_c040_r000,"{""classification"": 0.4, ""retrieval"": 0.0, ""sts"": 0.6}",STS12,0.708862,-0.014828000000000063
43,mix_s060_c040_r000,"{""classification"": 0.4, ""retrieval"": 0.0, ""sts"": 0.6}",SciFact,0.53386,-0.08999999999999997
43,mix_s060_c040_r000,"{""classification"": 0.4, ""retrieval"": 0.0, ""sts"": 0.6}",BIOSSES,0.699004,-0.11740000000000006
43,mix_s060_c040_r000,"{""classification"": 0.4, ""retrieval"": 0.0, ""sts"": 0.6}",FiQA2018,0.25918,-0.10707999999999995
43,mix_s060_c040_r000,"{""classification"": 0.4, ""retrieval"": 0.0, ""sts"": 0.6}",SICK-R,0.766685,-0.009140000000000037
43,mix_s060_c040_r000,"{""classification"": 0.4, ""retrieval"": 0.0, ""sts"": 0.6}",NFCorpus,0.22874,-0.08578999999999998
43,mix_s060_c040_r000,"{""classification"": 0.4, ""retrieval"": 0.0, ""sts"": 0.6}",MassiveIntentClassification,0.6313249999999999,-0.04305400000000015
43,mix_s060_c040_r000,"{""classification"": 0.4, ""retrieval"": 0.0, ""sts"": 0.6}",AGNewsClassification,0.8807894736842106,0.01210526315789473
43,mix_s060_c040_r000,"{""classification"": 0.4, ""retrieval"": 0.0, ""sts"": 0.6}",MSMARCORerankingGate,0.9397358041421724,-0.04310859673997158
43,mix_s060_c040_r000,"{""classification"": 0.4, ""retrieval"": 0.0, ""sts"": 0.6}",STSBenchmark.clean_exact,0.8079967535992625,0.0049340104870816415
43,mix_s060_c040_r000,"{""classification"": 0.4, ""retrieval"": 0.0, ""sts"": 0.6}",SICK-R.clean_exact,0.7472578661689502,-0.010563425718790764
43,mix_s060_c040_r000,"{""classification"": 0.4, ""retrieval"": 0.0, ""sts"": 0.6}",STS12.clean_exact,0.7082989871112725,-0.014868159877759912
43,mix_s060_c040_r000,"{""classification"": 0.4, ""retrieval"": 0.0, ""sts"": 0.6}",STS13.clean_exact,0.7796066706568846,-0.020867678228829623
43,mix_s060_c040_r000,"{""classification"": 0.4, ""retrieval"": 0.0, ""sts"": 0.6}",STS14.clean_exact,0.7700672890521512,0.010894872288784163
43,mix_s080_c000_r020,"{""classification"": 0.0, ""retrieval"": 0.2, ""sts"": 0.8}",STS14,0.783054,0.027163000000000048
43,mix_s080_c000_r020,"{""classification"": 0.0, ""retrieval"": 0.2, ""sts"": 0.8}",Banking77Classification,0.770844,-0.029577999999999993
43,mix_s080_c000_r020,"{""classification"": 0.0, ""retrieval"": 0.2, ""sts"": 0.8}",RedditClustering.v2,0.454464,-0.056201000000000056
43,mix_s080_c000_r020,"{""classification"": 0.0, ""retrieval"": 0.2, ""sts"": 0.8}",AmazonCounterfactualClassification,0.67637525,0.04096224999999998
43,mix_s080_c000_r020,"{""classification"": 0.0, ""retrieval"": 0.2, ""sts"": 0.8}",TwentyNewsgroupsClustering.v2,0.424311,-0.03587499999999999
43,mix_s080_c000_r020,"{""classification"": 0.0, ""retrieval"": 0.2, ""sts"": 0.8}",STSBenchmark,0.839326,0.019001000000000046
43,mix_s080_c000_r020,"{""classification"": 0.0, ""retrieval"": 0.2, ""sts"": 0.8}",ArguAna,0.48783,0.00018999999999996797
43,mix_s080_c000_r020,"{""classification"": 0.0, ""retrieval"": 0.2, ""sts"": 0.8}",STS13,0.801166,-0.004865999999999926
43,mix_s080_c000_r020,"{""classification"": 0.0, ""retrieval"": 0.2, ""sts"": 0.8}",EmotionClassification,0.4111,0.0028000000000000247
43,mix_s080_c000_r020,"{""classification"": 0.0, ""retrieval"": 0.2, ""sts"": 0.8}",STS12,0.744404,0.0207139999999999
43,mix_s080_c000_r020,"{""classification"": 0.0, ""retrieval"": 0.2, ""sts"": 0.8}",SciFact,0.61243,-0.01142999999999994
43,mix_s080_c000_r020,"{""classification"": 0.0, ""retrieval"": 0.2, ""sts"": 0.8}",BIOSSES,0.794711,-0.021693000000000073
43,mix_s080_c000_r020,"{""classification"": 0.0, ""retrieval"": 0.2, ""sts"": 0.8}",FiQA2018,0.30559,-0.06067
43,mix_s080_c000_r020,"{""classification"": 0.0, ""retrieval"": 0.2, ""sts"": 0.8}",SICK-R,0.777136,0.0013110000000000621
43,mix_s080_c000_r020,"{""classification"": 0.0, ""retrieval"": 0.2, ""sts"": 0.8}",NFCorpus,0.27821,-0.03631999999999996
43,mix_s080_c000_r020,"{""classification"": 0.0, ""retrieval"": 0.2, ""sts"": 0.8}",MassiveIntentClassification,0.6677335,-0.006645500000000082
43,mix_s080_c000_r020,"{""classification"": 0.0, ""retrieval"": 0.2, ""sts"": 0.8}",AGNewsClassification,0.8735526315789474,0.004868421052631522
43,mix_s080_c000_r020,"{""classification"": 0.0, ""retrieval"": 0.2, ""sts"": 0.8}",MSMARCORerankingGate,0.9867969628535722,0.003952561971428237
43,mix_s080_c000_r020,"{""classification"": 0.0, ""retrieval"": 0.2, ""sts"": 0.8}",STSBenchmark.clean_exact,0.8214405726525129,0.01837782954033207
43,mix_s080_c000_r020,"{""classification"": 0.0, ""retrieval"": 0.2, ""sts"": 0.8}",SICK-R.clean_exact,0.7574846115388563,-0.000336680348884677
43,mix_s080_c000_r020,"{""classification"": 0.0, ""retrieval"": 0.2, ""sts"": 0.8}",STS12.clean_exact,0.7439306342399814,0.02076348725094901
43,mix_s080_c000_r020,"{""classification"": 0.0, ""retrieval"": 0.2, ""sts"": 0.8}",STS13.clean_exact,0.7695511537544045,-0.0309231951313097
43,mix_s080_c000_r020,"{""classification"": 0.0, ""retrieval"": 0.2, ""sts"": 0.8}",STS14.clean_exact,0.7744308091894881,0.015258392426121148
43,mix_s080_c020_r000,"{""classification"": 0.2, ""retrieval"": 0.0, ""sts"": 0.8}",STS14,0.795182,0.039291000000000076
43,mix_s080_c020_r000,"{""classification"": 0.2, ""retrieval"": 0.0, ""sts"": 0.8}",Banking77Classification,0.742208,-0.05821399999999999
43,mix_s080_c020_r000,"{""classification"": 0.2, ""retrieval"": 0.0, ""sts"": 0.8}",RedditClustering.v2,0.459813,-0.05085200000000001
43,mix_s080_c020_r000,"{""classification"": 0.2, ""retrieval"": 0.0, ""sts"": 0.8}",AmazonCounterfactualClassification,0.68411025,0.048697250000000025
43,mix_s080_c020_r000,"{""classification"": 0.2, ""retrieval"": 0.0, ""sts"": 0.8}",TwentyNewsgroupsClustering.v2,0.432892,-0.027293999999999985
43,mix_s080_c020_r000,"{""classification"": 0.2, ""retrieval"": 0.0, ""sts"": 0.8}",STSBenchmark,0.846157,0.025832000000000077
43,mix_s080_c020_r000,"{""classification"": 0.2, ""retrieval"": 0.0, ""sts"": 0.8}",ArguAna,0.44941,-0.03823000000000004
43,mix_s080_c020_r000,"{""classification"": 0.2, ""retrieval"": 0.0, ""sts"": 0.8}",STS13,0.816921,0.010889000000000038
43,mix_s080_c020_r000,"{""classification"": 0.2, ""retrieval"": 0.0, ""sts"": 0.8}",EmotionClassification,0.39975,-0.008550000000000002
43,mix_s080_c020_r000,"{""classification"": 0.2, ""retrieval"": 0.0, ""sts"": 0.8}",STS12,0.74225,0.01855999999999991
43,mix_s080_c020_r000,"{""classification"": 0.2, ""retrieval"": 0.0, ""sts"": 0.8}",SciFact,0.55984,-0.06401999999999997
43,mix_s080_c020_r000,"{""classification"": 0.2, ""retrieval"": 0.0, ""sts"": 0.8}",BIOSSES,0.748312,-0.06809200000000004
43,mix_s080_c020_r000,"{""classification"": 0.2, ""retrieval"": 0.0, ""sts"": 0.8}",FiQA2018,0.28212,-0.08413999999999999
43,mix_s080_c020_r000,"{""classification"": 0.2, ""retrieval"": 0.0, ""sts"": 0.8}",SICK-R,0.771942,-0.00388299999999997
43,mix_s080_c020_r000,"{""classification"": 0.2, ""retrieval"": 0.0, ""sts"": 0.8}",NFCorpus,0.24259,-0.07193999999999998
43,mix_s080_c020_r000,"{""classification"": 0.2, ""retrieval"": 0.0, ""sts"": 0.8}",MassiveIntentClassification,0.6440575,-0.030321500000000112
43,mix_s080_c020_r000,"{""classification"": 0.2, ""retrieval"": 0.0, ""sts"": 0.8}",AGNewsClassification,0.8772368421052632,0.008552631578947367
43,mix_s080_c020_r000,"{""classification"": 0.2, ""retrieval"": 0.0, ""sts"": 0.8}",MSMARCORerankingGate,0.963643197336647,-0.019201203545496925
43,mix_s080_c020_r000,"{""classification"": 0.2, ""retrieval"": 0.0, ""sts"": 0.8}",STSBenchmark.clean_exact,0.8264428858469911,0.02338014273481026
43,mix_s080_c020_r000,"{""classification"": 0.2, ""retrieval"": 0.0, ""sts"": 0.8}",SICK-R.clean_exact,0.7519358817786135,-0.005885410109127465
43,mix_s080_c020_r000,"{""classification"": 0.2, ""retrieval"": 0.0, ""sts"": 0.8}",STS12.clean_exact,0.7417693546034939,0.01860220761446152
43,mix_s080_c020_r000,"{""classification"": 0.2, ""retrieval"": 0.0, ""sts"": 0.8}",STS13.clean_exact,0.7876456782819186,-0.012828670603795667
43,mix_s080_c020_r000,"{""classification"": 0.2, ""retrieval"": 0.0, ""sts"": 0.8}",STS14.clean_exact,0.7870802623581957,0.02790784559482873
43,mix_s100_c000_r000,"{""classification"": 0.0, ""retrieval"": 0.0, ""sts"": 1.0}",STS14,0.807106,0.05121500000000001
43,mix_s100_c000_r000,"{""classification"": 0.0, ""retrieval"": 0.0, ""sts"": 1.0}",Banking77Classification,0.748214,-0.05220799999999992
43,mix_s100_c000_r000,"{""classification"": 0.0, ""retrieval"": 0.0, ""sts"": 1.0}",RedditClustering.v2,0.459157,-0.051508000000000054
43,mix_s100_c000_r000,"{""classification"": 0.0, ""retrieval"": 0.0, ""sts"": 1.0}",AmazonCounterfactualClassification,0.68563525,0.050222250000000024
43,mix_s100_c000_r000,"{""classification"": 0.0, ""retrieval"": 0.0, ""sts"": 1.0}",TwentyNewsgroupsClustering.v2,0.416659,-0.04352699999999998
43,mix_s100_c000_r000,"{""classification"": 0.0, ""retrieval"": 0.0, ""sts"": 1.0}",STSBenchmark,0.852946,0.03262100000000001
43,mix_s100_c000_r000,"{""classification"": 0.0, ""retrieval"": 0.0, ""sts"": 1.0}",ArguAna,0.48708,-0.0005600000000000049
43,mix_s100_c000_r000,"{""classification"": 0.0, ""retrieval"": 0.0, ""sts"": 1.0}",STS13,0.825905,0.01987300000000003
43,mix_s100_c000_r000,"{""classification"": 0.0, ""retrieval"": 0.0, ""sts"": 1.0}",EmotionClassification,0.41335,0.005049999999999999
43,mix_s100_c000_r000,"{""classification"": 0.0, ""retrieval"": 0.0, ""sts"": 1.0}",STS12,0.763553,0.03986299999999998
43,mix_s100_c000_r000,"{""classification"": 0.0, ""retrieval"": 0.0, ""sts"": 1.0}",SciFact,0.5855,-0.03835999999999995
43,mix_s100_c000_r000,"{""classification"": 0.0, ""retrieval"": 0.0, ""sts"": 1.0}",BIOSSES,0.789012,-0.027391999999999972
43,mix_s100_c000_r000,"{""classification"": 0.0, ""retrieval"": 0.0, ""sts"": 1.0}",FiQA2018,0.27618,-0.09008
43,mix_s100_c000_r000,"{""classification"": 0.0, ""retrieval"": 0.0, ""sts"": 1.0}",SICK-R,0.780948,0.005122999999999989
43,mix_s100_c000_r000,"{""classification"": 0.0, ""retrieval"": 0.0, ""sts"": 1.0}",NFCorpus,0.27146,-0.04307
43,mix_s100_c000_r000,"{""classification"": 0.0, ""retrieval"": 0.0, ""sts"": 1.0}",MassiveIntentClassification,0.6540865,-0.020292500000000047
43,mix_s100_c000_r000,"{""classification"": 0.0, ""retrieval"": 0.0, ""sts"": 1.0}",AGNewsClassification,0.8701315789473684,0.0014473684210525306
43,mix_s100_c000_r000,"{""classification"": 0.0, ""retrieval"": 0.0, ""sts"": 1.0}",MSMARCORerankingGate,0.9780464876785728,-0.004797913203571147
43,mix_s100_c000_r000,"{""classification"": 0.0, ""retrieval"": 0.0, ""sts"": 1.0}",STSBenchmark.clean_exact,0.8349960725463745,0.03193332943419369
43,mix_s100_c000_r000,"{""classification"": 0.0, ""retrieval"": 0.0, ""sts"": 1.0}",SICK-R.clean_exact,0.7601097150782394,0.0022884231904984897
43,mix_s100_c000_r000,"{""classification"": 0.0, ""retrieval"": 0.0, ""sts"": 1.0}",STS12.clean_exact,0.76310249349111,0.03993534650207764
43,mix_s100_c000_r000,"{""classification"": 0.0, ""retrieval"": 0.0, ""sts"": 1.0}",STS13.clean_exact,0.7954803265084167,-0.004994022377297513
43,mix_s100_c000_r000,"{""classification"": 0.0, ""retrieval"": 0.0, ""sts"": 1.0}",STS14.clean_exact,0.7987906832839043,0.03961826652053735
43,mix_s033_c033_r033,"{""classification"": 0.3333333333333333, ""retrieval"": 0.3333333333333333, ""sts"": 0.3333333333333333}",STS14,0.721298,-0.034592999999999985
43,mix_s033_c033_r033,"{""classification"": 0.3333333333333333, ""retrieval"": 0.3333333333333333, ""sts"": 0.3333333333333333}",Banking77Classification,0.769805,-0.030617000000000005
43,mix_s033_c033_r033,"{""classification"": 0.3333333333333333, ""retrieval"": 0.3333333333333333, ""sts"": 0.3333333333333333}",RedditClustering.v2,0.433185,-0.07748000000000005
43,mix_s033_c033_r033,"{""classification"": 0.3333333333333333, ""retrieval"": 0.3333333333333333, ""sts"": 0.3333333333333333}",AmazonCounterfactualClassification,0.67116625,0.03575324999999996
43,mix_s033_c033_r033,"{""classification"": 0.3333333333333333, ""retrieval"": 0.3333333333333333, ""sts"": 0.3333333333333333}",TwentyNewsgroupsClustering.v2,0.432673,-0.02751300000000001
43,mix_s033_c033_r033,"{""classification"": 0.3333333333333333, ""retrieval"": 0.3333333333333333, ""sts"": 0.3333333333333333}",STSBenchmark,0.789486,-0.03083899999999995
43,mix_s033_c033_r033,"{""classification"": 0.3333333333333333, ""retrieval"": 0.3333333333333333, ""sts"": 0.3333333333333333}",ArguAna,0.43615,-0.051490000000000036
43,mix_s033_c033_r033,"{""classification"": 0.3333333333333333, ""retrieval"": 0.3333333333333333, ""sts"": 0.3333333333333333}",STS13,0.759425,-0.046606999999999954
43,mix_s033_c033_r033,"{""classification"": 0.3333333333333333, ""retrieval"": 0.3333333333333333, ""sts"": 0.3333333333333333}",EmotionClassification,0.3862,-0.02210000000000001
43,mix_s033_c033_r033,"{""classification"": 0.3333333333333333, ""retrieval"": 0.3333333333333333, ""sts"": 0.3333333333333333}",STS12,0.648453,-0.07523700000000011
43,mix_s033_c033_r033,"{""classification"": 0.3333333333333333, ""retrieval"": 0.3333333333333333, ""sts"": 0.3333333333333333}",SciFact,0.60092,-0.02293999999999996
43,mix_s033_c033_r033,"{""classification"": 0.3333333333333333, ""retrieval"": 0.3333333333333333, ""sts"": 0.3333333333333333}",BIOSSES,0.711095,-0.10530899999999999
43,mix_s033_c033_r033,"{""classification"": 0.3333333333333333, ""retrieval"": 0.3333333333333333, ""sts"": 0.3333333333333333}",FiQA2018,0.31909,-0.04716999999999999
43,mix_s033_c033_r033,"{""classification"": 0.3333333333333333, ""retrieval"": 0.3333333333333333, ""sts"": 0.3333333333333333}",SICK-R,0.75585,-0.019974999999999965
43,mix_s033_c033_r033,"{""classification"": 0.3333333333333333, ""retrieval"": 0.3333333333333333, ""sts"": 0.3333333333333333}",NFCorpus,0.27753,-0.03699999999999998
43,mix_s033_c033_r033,"{""classification"": 0.3333333333333333, ""retrieval"": 0.3333333333333333, ""sts"": 0.3333333333333333}",MassiveIntentClassification,0.6590849999999999,-0.01529400000000014
43,mix_s033_c033_r033,"{""classification"": 0.3333333333333333, ""retrieval"": 0.3333333333333333, ""sts"": 0.3333333333333333}",AGNewsClassification,0.8786842105263157,0.009999999999999898
43,mix_s033_c033_r033,"{""classification"": 0.3333333333333333, ""retrieval"": 0.3333333333333333, ""sts"": 0.3333333333333333}",MSMARCORerankingGate,0.9879041735928579,0.0050597727107138946
43,mix_s033_c033_r033,"{""classification"": 0.3333333333333333, ""retrieval"": 0.3333333333333333, ""sts"": 0.3333333333333333}",STSBenchmark.clean_exact,0.7647815023461515,-0.038281240766029345
43,mix_s033_c033_r033,"{""classification"": 0.3333333333333333, ""retrieval"": 0.3333333333333333, ""sts"": 0.3333333333333333}",SICK-R.clean_exact,0.7374435038162092,-0.02037778807153179
43,mix_s033_c033_r033,"{""classification"": 0.3333333333333333, ""retrieval"": 0.3333333333333333, ""sts"": 0.3333333333333333}",STS12.clean_exact,0.6478303801006793,-0.07533676688835311
43,mix_s033_c033_r033,"{""classification"": 0.3333333333333333, ""retrieval"": 0.3333333333333333, ""sts"": 0.3333333333333333}",STS13.clean_exact,0.7472822171196897,-0.05319213176602455
43,mix_s033_c033_r033,"{""classification"": 0.3333333333333333, ""retrieval"": 0.3333333333333333, ""sts"": 0.3333333333333333}",STS14.clean_exact,0.7136243689959152,-0.045548047767451805
44,m0,"{""m0"": 1.0}",STS14,0.755891,0.0
44,m0,"{""m0"": 1.0}",Banking77Classification,0.800422,0.0
44,m0,"{""m0"": 1.0}",RedditClustering.v2,0.510665,0.0
44,m0,"{""m0"": 1.0}",AmazonCounterfactualClassification,0.635413,0.0
44,m0,"{""m0"": 1.0}",TwentyNewsgroupsClustering.v2,0.460186,0.0
44,m0,"{""m0"": 1.0}",STSBenchmark,0.820325,0.0
44,m0,"{""m0"": 1.0}",ArguAna,0.48764,0.0
44,m0,"{""m0"": 1.0}",STS13,0.806032,0.0
44,m0,"{""m0"": 1.0}",EmotionClassification,0.4083,0.0
44,m0,"{""m0"": 1.0}",STS12,0.72369,0.0
44,m0,"{""m0"": 1.0}",SciFact,0.62386,0.0
44,m0,"{""m0"": 1.0}",BIOSSES,0.816404,0.0
44,m0,"{""m0"": 1.0}",FiQA2018,0.36626,0.0
44,m0,"{""m0"": 1.0}",SICK-R,0.775825,0.0
44,m0,"{""m0"": 1.0}",NFCorpus,0.31453,0.0
44,m0,"{""m0"": 1.0}",MassiveIntentClassification,0.6743790000000001,0.0
44,m0,"{""m0"": 1.0}",AGNewsClassification,0.8686842105263158,0.0
44,m0,"{""m0"": 1.0}",MSMARCORerankingGate,0.9832371901428583,0.0
44,m0,"{""m0"": 1.0}",STSBenchmark.clean_exact,0.8030627431121808,0.0
44,m0,"{""m0"": 1.0}",SICK-R.clean_exact,0.7578212918877409,0.0
44,m0,"{""m0"": 1.0}",STS12.clean_exact,0.7231671469890324,0.0
44,m0,"{""m0"": 1.0}",STS13.clean_exact,0.8004743488857142,0.0
44,m0,"{""m0"": 1.0}",STS14.clean_exact,0.759172416763367,0.0
44,control,"{""control"": 1.0}",STS14,0.767327,0.011436000000000002
44,control,"{""control"": 1.0}",Banking77Classification,0.805617,0.005195000000000061
44,control,"{""control"": 1.0}",RedditClustering.v2,0.480337,-0.03032800000000002
44,control,"{""control"": 1.0}",AmazonCounterfactualClassification,0.65491275,0.019499750000000038
44,control,"{""control"": 1.0}",TwentyNewsgroupsClustering.v2,0.446457,-0.013728999999999991
44,control,"{""control"": 1.0}",STSBenchmark,0.829685,0.009360000000000035
44,control,"{""control"": 1.0}",ArguAna,0.47751,-0.010130000000000028
44,control,"{""control"": 1.0}",STS13,0.818775,0.01274300000000006
44,control,"{""control"": 1.0}",EmotionClassification,0.4211,0.012799999999999978
44,control,"{""control"": 1.0}",STS12,0.730304,0.006613999999999898
44,control,"{""control"": 1.0}",SciFact,0.6275,0.0036399999999999766
44,control,"{""control"": 1.0}",BIOSSES,0.83582,0.01941599999999999
44,control,"{""control"": 1.0}",FiQA2018,0.36512,-0.0011399999999999744
44,control,"{""control"": 1.0}",SICK-R,0.774921,-0.0009040000000000159
44,control,"{""control"": 1.0}",NFCorpus,0.31849,0.003960000000000019
44,control,"{""control"": 1.0}",MassiveIntentClassification,0.674622,0.00024299999999999322
44,control,"{""control"": 1.0}",AGNewsClassification,0.8611842105263158,-0.007500000000000062
44,control,"{""control"": 1.0}",MSMARCORerankingGate,0.9837371901428582,0.0004999999999999449
44,control,"{""control"": 1.0}",STSBenchmark.clean_exact,0.8149067167392545,0.011843973627073678
44,control,"{""control"": 1.0}",SICK-R.clean_exact,0.7562533538562312,-0.0015679380315097857
44,control,"{""control"": 1.0}",STS12.clean_exact,0.7298025218664862,0.0066353748774538035
44,control,"{""control"": 1.0}",STS13.clean_exact,0.8139638466782988,0.01348949779258457
44,control,"{""control"": 1.0}",STS14.clean_exact,0.7691861820635506,0.010013765300183608
44,mix_s000_c000_r100,"{""classification"": 0.0, ""retrieval"": 1.0, ""sts"": 0.0}",STS14,0.760366,0.004475000000000007
44,mix_s000_c000_r100,"{""classification"": 0.0, ""retrieval"": 1.0, ""sts"": 0.0}",Banking77Classification,0.807825,0.007403000000000048
44,mix_s000_c000_r100,"{""classification"": 0.0, ""retrieval"": 1.0, ""sts"": 0.0}",RedditClustering.v2,0.455091,-0.05557400000000001
44,mix_s000_c000_r100,"{""classification"": 0.0, ""retrieval"": 1.0, ""sts"": 0.0}",AmazonCounterfactualClassification,0.64975125,0.014338249999999997
44,mix_s000_c000_r100,"{""classification"": 0.0, ""retrieval"": 1.0, ""sts"": 0.0}",TwentyNewsgroupsClustering.v2,0.40606,-0.05412600000000001
44,mix_s000_c000_r100,"{""classification"": 0.0, ""retrieval"": 1.0, ""sts"": 0.0}",STSBenchmark,0.823497,0.0031720000000000637
44,mix_s000_c000_r100,"{""classification"": 0.0, ""retrieval"": 1.0, ""sts"": 0.0}",ArguAna,0.48806,0.00041999999999997595
44,mix_s000_c000_r100,"{""classification"": 0.0, ""retrieval"": 1.0, ""sts"": 0.0}",STS13,0.799672,-0.006359999999999921
44,mix_s000_c000_r100,"{""classification"": 0.0, ""retrieval"": 1.0, ""sts"": 0.0}",EmotionClassification,0.4193,0.01100000000000001
44,mix_s000_c000_r100,"{""classification"": 0.0, ""retrieval"": 1.0, ""sts"": 0.0}",STS12,0.720222,-0.0034680000000000266
44,mix_s000_c000_r100,"{""classification"": 0.0, ""retrieval"": 1.0, ""sts"": 0.0}",SciFact,0.61345,-0.01040999999999992
44,mix_s000_c000_r100,"{""classification"": 0.0, ""retrieval"": 1.0, ""sts"": 0.0}",BIOSSES,0.828657,0.012252999999999958
44,mix_s000_c000_r100,"{""classification"": 0.0, ""retrieval"": 1.0, ""sts"": 0.0}",FiQA2018,0.36847,0.0022100000000000453
44,mix_s000_c000_r100,"{""classification"": 0.0, ""retrieval"": 1.0, ""sts"": 0.0}",SICK-R,0.775952,0.00012699999999998823
44,mix_s000_c000_r100,"{""classification"": 0.0, ""retrieval"": 1.0, ""sts"": 0.0}",NFCorpus,0.30322,-0.011309999999999987
44,mix_s000_c000_r100,"{""classification"": 0.0, ""retrieval"": 1.0, ""sts"": 0.0}",MassiveIntentClassification,0.676588,0.0022089999999999055
44,mix_s000_c000_r100,"{""classification"": 0.0, ""retrieval"": 1.0, ""sts"": 0.0}",AGNewsClassification,0.8613157894736843,-0.00736842105263158
44,mix_s000_c000_r100,"{""classification"": 0.0, ""retrieval"": 1.0, ""sts"": 0.0}",MSMARCORerankingGate,0.9929876653178578,0.009750475174999496
44,mix_s000_c000_r100,"{""classification"": 0.0, ""retrieval"": 1.0, ""sts"": 0.0}",STSBenchmark.clean_exact,0.8088562351246131,0.005793492012432289
44,mix_s000_c000_r100,"{""classification"": 0.0, ""retrieval"": 1.0, ""sts"": 0.0}",SICK-R.clean_exact,0.7578418576210307,2.0565733289790167e-05
44,mix_s000_c000_r100,"{""classification"": 0.0, ""retrieval"": 1.0, ""sts"": 0.0}",STS12.clean_exact,0.7196607229734645,-0.0035064240155678883
44,mix_s000_c000_r100,"{""classification"": 0.0, ""retrieval"": 1.0, ""sts"": 0.0}",STS13.clean_exact,0.7851794454568595,-0.015294903428854756
44,mix_s000_c000_r100,"{""classification"": 0.0, ""retrieval"": 1.0, ""sts"": 0.0}",STS14.clean_exact,0.759905725492134,0.0007333087287669793
44,mix_s000_c020_r080,"{""classification"": 0.2, ""retrieval"": 0.8, ""sts"": 0.0}",STS14,0.758702,0.002811000000000008
44,mix_s000_c020_r080,"{""classification"": 0.2, ""retrieval"": 0.8, ""sts"": 0.0}",Banking77Classification,0.801948,0.0015260000000000273
44,mix_s000_c020_r080,"{""classification"": 0.2, ""retrieval"": 0.8, ""sts"": 0.0}",RedditClustering.v2,0.445115,-0.06555000000000005
44,mix_s000_c020_r080,"{""classification"": 0.2, ""retrieval"": 0.8, ""sts"": 0.0}",AmazonCounterfactualClassification,0.659479,0.024066000000000032
44,mix_s000_c020_r080,"{""classification"": 0.2, ""retrieval"": 0.8, ""sts"": 0.0}",TwentyNewsgroupsClustering.v2,0.428126,-0.03205999999999998
44,mix_s000_c020_r080,"{""classification"": 0.2, ""retrieval"": 0.8, ""sts"": 0.0}",STSBenchmark,0.816384,-0.003940999999999972
44,mix_s000_c020_r080,"{""classification"": 0.2, ""retrieval"": 0.8, ""sts"": 0.0}",ArguAna,0.47133,-0.01630999999999999
44,mix_s000_c020_r080,"{""classification"": 0.2, ""retrieval"": 0.8, ""sts"": 0.0}",STS13,0.788251,-0.017780999999999936
44,mix_s000_c020_r080,"{""classification"": 0.2, ""retrieval"": 0.8, ""sts"": 0.0}",EmotionClassification,0.41225,0.003950000000000009
44,mix_s000_c020_r080,"{""classification"": 0.2, ""retrieval"": 0.8, ""sts"": 0.0}",STS12,0.709934,-0.013756000000000101
44,mix_s000_c020_r080,"{""classification"": 0.2, ""retrieval"": 0.8, ""sts"": 0.0}",SciFact,0.61831,-0.005549999999999944
44,mix_s000_c020_r080,"{""classification"": 0.2, ""retrieval"": 0.8, ""sts"": 0.0}",BIOSSES,0.810067,-0.006337000000000037
44,mix_s000_c020_r080,"{""classification"": 0.2, ""retrieval"": 0.8, ""sts"": 0.0}",FiQA2018,0.35869,-0.007569999999999966
44,mix_s000_c020_r080,"{""classification"": 0.2, ""retrieval"": 0.8, ""sts"": 0.0}",SICK-R,0.766529,-0.009295999999999971
44,mix_s000_c020_r080,"{""classification"": 0.2, ""retrieval"": 0.8, ""sts"": 0.0}",NFCorpus,0.3055,-0.009029999999999982
44,mix_s000_c020_r080,"{""classification"": 0.2, ""retrieval"": 0.8, ""sts"": 0.0}",MassiveIntentClassification,0.6721785,-0.0022005000000000496
44,mix_s000_c020_r080,"{""classification"": 0.2, ""retrieval"": 0.8, ""sts"": 0.0}",AGNewsClassification,0.873421052631579,0.00473684210526315
44,mix_s000_c020_r080,"{""classification"": 0.2, ""retrieval"": 0.8, ""sts"": 0.0}",MSMARCORerankingGate,0.991380454578572,0.008143264435713782
44,mix_s000_c020_r080,"{""classification"": 0.2, ""retrieval"": 0.8, ""sts"": 0.0}",STSBenchmark.clean_exact,0.7974605754823001,-0.00560216762988075
44,mix_s000_c020_r080,"{""classification"": 0.2, ""retrieval"": 0.8, ""sts"": 0.0}",SICK-R.clean_exact,0.7488276691606693,-0.008993622727071604
44,mix_s000_c020_r080,"{""classification"": 0.2, ""retrieval"": 0.8, ""sts"": 0.0}",STS12.clean_exact,0.7093550841577067,-0.013812062831325744
44,mix_s000_c020_r080,"{""classification"": 0.2, ""retrieval"": 0.8, ""sts"": 0.0}",STS13.clean_exact,0.7764379371961733,-0.02403641168954096
44,mix_s000_c020_r080,"{""classification"": 0.2, ""retrieval"": 0.8, ""sts"": 0.0}",STS14.clean_exact,0.7574190396184282,-0.0017533771449388391
44,mix_s000_c040_r060,"{""classification"": 0.4, ""retrieval"": 0.6, ""sts"": 0.0}",STS14,0.716581,-0.039309999999999956
44,mix_s000_c040_r060,"{""classification"": 0.4, ""retrieval"": 0.6, ""sts"": 0.0}",Banking77Classification,0.789416,-0.01100599999999996
44,mix_s000_c040_r060,"{""classification"": 0.4, ""retrieval"": 0.6, ""sts"": 0.0}",RedditClustering.v2,0.419495,-0.09117000000000003
44,mix_s000_c040_r060,"{""classification"": 0.4, ""retrieval"": 0.6, ""sts"": 0.0}",AmazonCounterfactualClassification,0.6586995,0.023286499999999988
44,mix_s000_c040_r060,"{""classification"": 0.4, ""retrieval"": 0.6, ""sts"": 0.0}",TwentyNewsgroupsClustering.v2,0.413526,-0.04665999999999998
44,mix_s000_c040_r060,"{""classification"": 0.4, ""retrieval"": 0.6, ""sts"": 0.0}",STSBenchmark,0.776959,-0.043366000000000016
44,mix_s000_c040_r060,"{""classification"": 0.4, ""retrieval"": 0.6, ""sts"": 0.0}",ArguAna,0.44657,-0.041069999999999995
44,mix_s000_c040_r060,"{""classification"": 0.4, ""retrieval"": 0.6, ""sts"": 0.0}",STS13,0.752891,-0.053140999999999994
44,mix_s000_c040_r060,"{""classification"": 0.4, ""retrieval"": 0.6, ""sts"": 0.0}",EmotionClassification,0.38715,-0.021150000000000002
44,mix_s000_c040_r060,"{""classification"": 0.4, ""retrieval"": 0.6, ""sts"": 0.0}",STS12,0.660565,-0.0631250000000001
44,mix_s000_c040_r060,"{""classification"": 0.4, ""retrieval"": 0.6, ""sts"": 0.0}",SciFact,0.62029,-0.003569999999999962
44,mix_s000_c040_r060,"{""classification"": 0.4, ""retrieval"": 0.6, ""sts"": 0.0}",BIOSSES,0.733294,-0.08311000000000002
44,mix_s000_c040_r060,"{""classification"": 0.4, ""retrieval"": 0.6, ""sts"": 0.0}",FiQA2018,0.34215,-0.024109999999999965
44,mix_s000_c040_r060,"{""classification"": 0.4, ""retrieval"": 0.6, ""sts"": 0.0}",SICK-R,0.751501,-0.024324000000000012
44,mix_s000_c040_r060,"{""classification"": 0.4, ""retrieval"": 0.6, ""sts"": 0.0}",NFCorpus,0.29381,-0.02071999999999996
44,mix_s000_c040_r060,"{""classification"": 0.4, ""retrieval"": 0.6, ""sts"": 0.0}",MassiveIntentClassification,0.66717,-0.007209000000000021
44,mix_s000_c040_r060,"{""classification"": 0.4, ""retrieval"": 0.6, ""sts"": 0.0}",AGNewsClassification,0.8785526315789474,0.009868421052631526
44,mix_s000_c040_r060,"{""classification"": 0.4, ""retrieval"": 0.6, ""sts"": 0.0}",MSMARCORerankingGate,0.9891660331000008,0.005928842957142577
44,mix_s000_c040_r060,"{""classification"": 0.4, ""retrieval"": 0.6, ""sts"": 0.0}",STSBenchmark.clean_exact,0.752333750140713,-0.05072899297146782
44,mix_s000_c040_r060,"{""classification"": 0.4, ""retrieval"": 0.6, ""sts"": 0.0}",SICK-R.clean_exact,0.7353210805515834,-0.02250021133615754
44,mix_s000_c040_r060,"{""classification"": 0.4, ""retrieval"": 0.6, ""sts"": 0.0}",STS12.clean_exact,0.6599159350396502,-0.06325121194938221
44,mix_s000_c040_r060,"{""classification"": 0.4, ""retrieval"": 0.6, ""sts"": 0.0}",STS13.clean_exact,0.7545961377903427,-0.04587821109537149
44,mix_s000_c040_r060,"{""classification"": 0.4, ""retrieval"": 0.6, ""sts"": 0.0}",STS14.clean_exact,0.7168032372653224,-0.04236917949804464
44,mix_s000_c060_r040,"{""classification"": 0.6, ""retrieval"": 0.4, ""sts"": 0.0}",STS14,0.666242,-0.08964899999999998
44,mix_s000_c060_r040,"{""classification"": 0.6, ""retrieval"": 0.4, ""sts"": 0.0}",Banking77Classification,0.768149,-0.032272999999999996
44,mix_s000_c060_r040,"{""classification"": 0.6, ""retrieval"": 0.4, ""sts"": 0.0}",RedditClustering.v2,0.401013,-0.10965200000000003
44,mix_s000_c060_r040,"{""classification"": 0.6, ""retrieval"": 0.4, ""sts"": 0.0}",AmazonCounterfactualClassification,0.648789,0.013375999999999943
44,mix_s000_c060_r040,"{""classification"": 0.6, ""retrieval"": 0.4, ""sts"": 0.0}",TwentyNewsgroupsClustering.v2,0.416272,-0.04391400000000001
44,mix_s000_c060_r040,"{""classification"": 0.6, ""retrieval"": 0.4, ""sts"": 0.0}",STSBenchmark,0.740628,-0.07969700000000002
44,mix_s000_c060_r040,"{""classification"": 0.6, ""retrieval"": 0.4, ""sts"": 0.0}",ArguAna,0.41247,-0.07517000000000001
44,mix_s000_c060_r040,"{""classification"": 0.6, ""retrieval"": 0.4, ""sts"": 0.0}",STS13,0.713058,-0.092974
44,mix_s000_c060_r040,"{""classification"": 0.6, ""retrieval"": 0.4, ""sts"": 0.0}",EmotionClassification,0.3588,-0.04949999999999999
44,mix_s000_c060_r040,"{""classification"": 0.6, ""retrieval"": 0.4, ""sts"": 0.0}",STS12,0.615703,-0.10798700000000006
44,mix_s000_c060_r040,"{""classification"": 0.6, ""retrieval"": 0.4, ""sts"": 0.0}",SciFact,0.58612,-0.037739999999999996
44,mix_s000_c060_r040,"{""classification"": 0.6, ""retrieval"": 0.4, ""sts"": 0.0}",BIOSSES,0.668636,-0.147768
44,mix_s000_c060_r040,"{""classification"": 0.6, ""retrieval"": 0.4, ""sts"": 0.0}",FiQA2018,0.3143,-0.05195999999999995
44,mix_s000_c060_r040,"{""classification"": 0.6, ""retrieval"": 0.4, ""sts"": 0.0}",SICK-R,0.733205,-0.04261999999999999
44,mix_s000_c060_r040,"{""classification"": 0.6, ""retrieval"": 0.4, ""sts"": 0.0}",NFCorpus,0.28567,-0.028859999999999997
44,mix_s000_c060_r040,"{""classification"": 0.6, ""retrieval"": 0.4, ""sts"": 0.0}",MassiveIntentClassification,0.65324,-0.02113900000000002
44,mix_s000_c060_r040,"{""classification"": 0.6, ""retrieval"": 0.4, ""sts"": 0.0}",AGNewsClassification,0.8838157894736842,0.015131578947368385
44,mix_s000_c060_r040,"{""classification"": 0.6, ""retrieval"": 0.4, ""sts"": 0.0}",MSMARCORerankingGate,0.9837371901428582,0.0004999999999999449
44,mix_s000_c060_r040,"{""classification"": 0.6, ""retrieval"": 0.4, ""sts"": 0.0}",STSBenchmark.clean_exact,0.7120059197663976,-0.09105682334578324
44,mix_s000_c060_r040,"{""classification"": 0.6, ""retrieval"": 0.4, ""sts"": 0.0}",SICK-R.clean_exact,0.7185980099616767,-0.03922328192606428
44,mix_s000_c060_r040,"{""classification"": 0.6, ""retrieval"": 0.4, ""sts"": 0.0}",STS12.clean_exact,0.6149399286990697,-0.10822721828996273
44,mix_s000_c060_r040,"{""classification"": 0.6, ""retrieval"": 0.4, ""sts"": 0.0}",STS13.clean_exact,0.720280767848531,-0.08019358103718321
44,mix_s000_c060_r040,"{""classification"": 0.6, ""retrieval"": 0.4, ""sts"": 0.0}",STS14.clean_exact,0.667293522918295,-0.09187889384507197
44,mix_s000_c080_r020,"{""classification"": 0.8, ""retrieval"": 0.2, ""sts"": 0.0}",STS14,0.617625,-0.138266
44,mix_s000_c080_r020,"{""classification"": 0.8, ""retrieval"": 0.2, ""sts"": 0.0}",Banking77Classification,0.741299,-0.059122999999999926
44,mix_s000_c080_r020,"{""classification"": 0.8, ""retrieval"": 0.2, ""sts"": 0.0}",RedditClustering.v2,0.401378,-0.10928700000000002
44,mix_s000_c080_r020,"{""classification"": 0.8, ""retrieval"": 0.2, ""sts"": 0.0}",AmazonCounterfactualClassification,0.65285225,0.017439250000000017
44,mix_s000_c080_r020,"{""classification"": 0.8, ""retrieval"": 0.2, ""sts"": 0.0}",TwentyNewsgroupsClustering.v2,0.40411,-0.05607599999999996
44,mix_s000_c080_r020,"{""classification"": 0.8, ""retrieval"": 0.2, ""sts"": 0.0}",STSBenchmark,0.705918,-0.11440699999999993
44,mix_s000_c080_r020,"{""classification"": 0.8, ""retrieval"": 0.2, ""sts"": 0.0}",ArguAna,0.33268,-0.15496000000000004
44,mix_s000_c080_r020,"{""classification"": 0.8, ""retrieval"": 0.2, ""sts"": 0.0}",STS13,0.667229,-0.138803
44,mix_s000_c080_r020,"{""classification"": 0.8, ""retrieval"": 0.2, ""sts"": 0.0}",EmotionClassification,0.3352,-0.0731
44,mix_s000_c080_r020,"{""classification"": 0.8, ""retrieval"": 0.2, ""sts"": 0.0}",STS12,0.588101,-0.13558900000000007
44,mix_s000_c080_r020,"{""classification"": 0.8, ""retrieval"": 0.2, ""sts"": 0.0}",SciFact,0.55278,-0.07107999999999992
44,mix_s000_c080_r020,"{""classification"": 0.8, ""retrieval"": 0.2, ""sts"": 0.0}",BIOSSES,0.613381,-0.20302300000000006
44,mix_s000_c080_r020,"{""classification"": 0.8, ""retrieval"": 0.2, ""sts"": 0.0}",FiQA2018,0.27484,-0.09142
44,mix_s000_c080_r020,"{""classification"": 0.8, ""retrieval"": 0.2, ""sts"": 0.0}",SICK-R,0.712008,-0.06381700000000001
44,mix_s000_c080_r020,"{""classification"": 0.8, ""retrieval"": 0.2, ""sts"": 0.0}",NFCorpus,0.2715,-0.04302999999999996
44,mix_s000_c080_r020,"{""classification"": 0.8, ""retrieval"": 0.2, ""sts"": 0.0}",MassiveIntentClassification,0.6397525,-0.034626500000000116
44,mix_s000_c080_r020,"{""classification"": 0.8, ""retrieval"": 0.2, ""sts"": 0.0}",AGNewsClassification,0.886578947368421,0.017894736842105186
44,mix_s000_c080_r020,"{""classification"": 0.8, ""retrieval"": 0.2, ""sts"": 0.0}",MSMARCORerankingGate,0.9689506612714308,-0.01428652887142745
44,mix_s000_c080_r020,"{""classification"": 0.8, ""retrieval"": 0.2, ""sts"": 0.0}",STSBenchmark.clean_exact,0.6743200297788229,-0.12874271333335796
44,mix_s000_c080_r020,"{""classification"": 0.8, ""retrieval"": 0.2, ""sts"": 0.0}",SICK-R.clean_exact,0.7003766764397782,-0.057444615447962755
44,mix_s000_c080_r020,"{""classification"": 0.8, ""retrieval"": 0.2, ""sts"": 0.0}",STS12.clean_exact,0.5873130972661065,-0.13585404972292592
44,mix_s000_c080_r020,"{""classification"": 0.8, ""retrieval"": 0.2, ""sts"": 0.0}",STS13.clean_exact,0.6837461240186523,-0.11672822486706191
44,mix_s000_c080_r020,"{""classification"": 0.8, ""retrieval"": 0.2, ""sts"": 0.0}",STS14.clean_exact,0.6265997476538723,-0.13257266910949472
44,mix_s000_c100_r000,"{""classification"": 1.0, ""retrieval"": 0.0, ""sts"": 0.0}",STS14,0.573226,-0.18266499999999997
44,mix_s000_c100_r000,"{""classification"": 1.0, ""retrieval"": 0.0, ""sts"": 0.0}",Banking77Classification,0.653864,-0.14655799999999997
44,mix_s000_c100_r000,"{""classification"": 1.0, ""retrieval"": 0.0, ""sts"": 0.0}",RedditClustering.v2,0.377015,-0.13365000000000005
44,mix_s000_c100_r000,"{""classification"": 1.0, ""retrieval"": 0.0, ""sts"": 0.0}",AmazonCounterfactualClassification,0.6655997499999999,0.03018674999999993
44,mix_s000_c100_r000,"{""classification"": 1.0, ""retrieval"": 0.0, ""sts"": 0.0}",TwentyNewsgroupsClustering.v2,0.395666,-0.06451999999999997
44,mix_s000_c100_r000,"{""classification"": 1.0, ""retrieval"": 0.0, ""sts"": 0.0}",STSBenchmark,0.651044,-0.16928100000000001
44,mix_s000_c100_r000,"{""classification"": 1.0, ""retrieval"": 0.0, ""sts"": 0.0}",ArguAna,0.19922,-0.28842
44,mix_s000_c100_r000,"{""classification"": 1.0, ""retrieval"": 0.0, ""sts"": 0.0}",STS13,0.616475,-0.18955699999999998
44,mix_s000_c100_r000,"{""classification"": 1.0, ""retrieval"": 0.0, ""sts"": 0.0}",EmotionClassification,0.3006,-0.10770000000000002
44,mix_s000_c100_r000,"{""classification"": 1.0, ""retrieval"": 0.0, ""sts"": 0.0}",STS12,0.568405,-0.155285
44,mix_s000_c100_r000,"{""classification"": 1.0, ""retrieval"": 0.0, ""sts"": 0.0}",SciFact,0.35274,-0.27111999999999997
44,mix_s000_c100_r000,"{""classification"": 1.0, ""retrieval"": 0.0, ""sts"": 0.0}",BIOSSES,0.510325,-0.306079
44,mix_s000_c100_r000,"{""classification"": 1.0, ""retrieval"": 0.0, ""sts"": 0.0}",FiQA2018,0.1343,-0.23195999999999997
44,mix_s000_c100_r000,"{""classification"": 1.0, ""retrieval"": 0.0, ""sts"": 0.0}",SICK-R,0.662275,-0.11355000000000004
44,mix_s000_c100_r000,"{""classification"": 1.0, ""retrieval"": 0.0, ""sts"": 0.0}",NFCorpus,0.12804,-0.18649
44,mix_s000_c100_r000,"{""classification"": 1.0, ""retrieval"": 0.0, ""sts"": 0.0}",MassiveIntentClassification,0.5837565,-0.09062250000000005
44,mix_s000_c100_r000,"{""classification"": 1.0, ""retrieval"": 0.0, ""sts"": 0.0}",AGNewsClassification,0.8898684210526315,0.021184210526315694
44,mix_s000_c100_r000,"{""classification"": 1.0, ""retrieval"": 0.0, ""sts"": 0.0}",MSMARCORerankingGate,0.8425838657126137,-0.1406533244302446
44,mix_s000_c100_r000,"{""classification"": 1.0, ""retrieval"": 0.0, ""sts"": 0.0}",STSBenchmark.clean_exact,0.615930100065859,-0.18713264304632182
44,mix_s000_c100_r000,"{""classification"": 1.0, ""retrieval"": 0.0, ""sts"": 0.0}",SICK-R.clean_exact,0.6579333950176047,-0.09988789687013622
44,mix_s000_c100_r000,"{""classification"": 1.0, ""retrieval"": 0.0, ""sts"": 0.0}",STS12.clean_exact,0.5675862784133062,-0.15558086857572617
44,mix_s000_c100_r000,"{""classification"": 1.0, ""retrieval"": 0.0, ""sts"": 0.0}",STS13.clean_exact,0.6076681476368335,-0.1928062012488807
44,mix_s000_c100_r000,"{""classification"": 1.0, ""retrieval"": 0.0, ""sts"": 0.0}",STS14.clean_exact,0.5904238237441012,-0.1687485930192658
44,mix_s020_c000_r080,"{""classification"": 0.0, ""retrieval"": 0.8, ""sts"": 0.2}",STS14,0.767121,0.011230000000000073
44,mix_s020_c000_r080,"{""classification"": 0.0, ""retrieval"": 0.8, ""sts"": 0.2}",Banking77Classification,0.806688,0.006265999999999994
44,mix_s020_c000_r080,"{""classification"": 0.0, ""retrieval"": 0.8, ""sts"": 0.2}",RedditClustering.v2,0.473029,-0.03763600000000006
44,mix_s020_c000_r080,"{""classification"": 0.0, ""retrieval"": 0.8, ""sts"": 0.2}",AmazonCounterfactualClassification,0.65890375,0.023490750000000005
44,mix_s020_c000_r080,"{""classification"": 0.0, ""retrieval"": 0.8, ""sts"": 0.2}",TwentyNewsgroupsClustering.v2,0.4413,-0.01888599999999996
44,mix_s020_c000_r080,"{""classification"": 0.0, ""retrieval"": 0.8, ""sts"": 0.2}",STSBenchmark,0.824636,0.004311000000000065
44,mix_s020_c000_r080,"{""classification"": 0.0, ""retrieval"": 0.8, ""sts"": 0.2}",ArguAna,0.49755,0.009909999999999974
44,mix_s020_c000_r080,"{""classification"": 0.0, ""retrieval"": 0.8, ""sts"": 0.2}",STS13,0.800852,-0.005179999999999962
44,mix_s020_c000_r080,"{""classification"": 0.0, ""retrieval"": 0.8, ""sts"": 0.2}",EmotionClassification,0.41745,0.009149999999999991
44,mix_s020_c000_r080,"{""classification"": 0.0, ""retrieval"": 0.8, ""sts"": 0.2}",STS12,0.715914,-0.007776000000000005
44,mix_s020_c000_r080,"{""classification"": 0.0, ""retrieval"": 0.8, ""sts"": 0.2}",SciFact,0.62778,0.003920000000000035
44,mix_s020_c000_r080,"{""classification"": 0.0, ""retrieval"": 0.8, ""sts"": 0.2}",BIOSSES,0.835242,0.01883800000000002
44,mix_s020_c000_r080,"{""classification"": 0.0, ""retrieval"": 0.8, ""sts"": 0.2}",FiQA2018,0.37038,0.0041200000000000125
44,mix_s020_c000_r080,"{""classification"": 0.0, ""retrieval"": 0.8, ""sts"": 0.2}",SICK-R,0.776801,0.0009759999999999769
44,mix_s020_c000_r080,"{""classification"": 0.0, ""retrieval"": 0.8, ""sts"": 0.2}",NFCorpus,0.3056,-0.008929999999999993
44,mix_s020_c000_r080,"{""classification"": 0.0, ""retrieval"": 0.8, ""sts"": 0.2}",MassiveIntentClassification,0.6753175,0.0009384999999999533
44,mix_s020_c000_r080,"{""classification"": 0.0, ""retrieval"": 0.8, ""sts"": 0.2}",AGNewsClassification,0.87,0.001315789473684159
44,mix_s020_c000_r080,"{""classification"": 0.0, ""retrieval"": 0.8, ""sts"": 0.2}",MSMARCORerankingGate,0.9918804545785721,0.008643264435713838
44,mix_s020_c000_r080,"{""classification"": 0.0, ""retrieval"": 0.8, ""sts"": 0.2}",STSBenchmark.clean_exact,0.8095882420123859,0.00652549890020504
44,mix_s020_c000_r080,"{""classification"": 0.0, ""retrieval"": 0.8, ""sts"": 0.2}",SICK-R.clean_exact,0.7581533360398585,0.0003320441521175166
44,mix_s020_c000_r080,"{""classification"": 0.0, ""retrieval"": 0.8, ""sts"": 0.2}",STS12.clean_exact,0.7153838568638976,-0.00778329012513479
44,mix_s020_c000_r080,"{""classification"": 0.0, ""retrieval"": 0.8, ""sts"": 0.2}",STS13.clean_exact,0.7821820382445519,-0.018292310641162324
44,mix_s020_c000_r080,"{""classification"": 0.0, ""retrieval"": 0.8, ""sts"": 0.2}",STS14.clean_exact,0.7636005512527267,0.004428134489359747
44,mix_s020_c020_r060,"{""classification"": 0.2, ""retrieval"": 0.6, ""sts"": 0.2}",STS14,0.753206,-0.0026849999999999374
44,mix_s020_c020_r060,"{""classification"": 0.2, ""retrieval"": 0.6, ""sts"": 0.2}",Banking77Classification,0.798117,-0.0023050000000000015
44,mix_s020_c020_r060,"{""classification"": 0.2, ""retrieval"": 0.6, ""sts"": 0.2}",RedditClustering.v2,0.449665,-0.061000000000000054
44,mix_s020_c020_r060,"{""classification"": 0.2, ""retrieval"": 0.6, ""sts"": 0.2}",AmazonCounterfactualClassification,0.66833975,0.032926750000000005
44,mix_s020_c020_r060,"{""classification"": 0.2, ""retrieval"": 0.6, ""sts"": 0.2}",TwentyNewsgroupsClustering.v2,0.44024,-0.019945999999999964
44,mix_s020_c020_r060,"{""classification"": 0.2, ""retrieval"": 0.6, ""sts"": 0.2}",STSBenchmark,0.808909,-0.011415999999999982
44,mix_s020_c020_r060,"{""classification"": 0.2, ""retrieval"": 0.6, ""sts"": 0.2}",ArguAna,0.48273,-0.0049100000000000255
44,mix_s020_c020_r060,"{""classification"": 0.2, ""retrieval"": 0.6, ""sts"": 0.2}",STS13,0.780404,-0.025627999999999984
44,mix_s020_c020_r060,"{""classification"": 0.2, ""retrieval"": 0.6, ""sts"": 0.2}",EmotionClassification,0.4099,0.0015999999999999903
44,mix_s020_c020_r060,"{""classification"": 0.2, ""retrieval"": 0.6, ""sts"": 0.2}",STS12,0.682699,-0.04099100000000011
44,mix_s020_c020_r060,"{""classification"": 0.2, ""retrieval"": 0.6, ""sts"": 0.2}",SciFact,0.62986,0.006000000000000005
44,mix_s020_c020_r060,"{""classification"": 0.2, ""retrieval"": 0.6, ""sts"": 0.2}",BIOSSES,0.805494,-0.010909999999999975
44,mix_s020_c020_r060,"{""classification"": 0.2, ""retrieval"": 0.6, ""sts"": 0.2}",FiQA2018,0.35327,-0.012990000000000002
44,mix_s020_c020_r060,"{""classification"": 0.2, ""retrieval"": 0.6, ""sts"": 0.2}",SICK-R,0.772346,-0.00347900000000001
44,mix_s020_c020_r060,"{""classification"": 0.2, ""retrieval"": 0.6, ""sts"": 0.2}",NFCorpus,0.30093,-0.013600000000000001
44,mix_s020_c020_r060,"{""classification"": 0.2, ""retrieval"": 0.6, ""sts"": 0.2}",MassiveIntentClassification,0.672318,-0.0020610000000000905
44,mix_s020_c020_r060,"{""classification"": 0.2, ""retrieval"": 0.6, ""sts"": 0.2}",AGNewsClassification,0.8771052631578947,0.008421052631578885
44,mix_s020_c020_r060,"{""classification"": 0.2, ""retrieval"": 0.6, ""sts"": 0.2}",MSMARCORerankingGate,0.990642314085715,0.007405123942856751
44,mix_s020_c020_r060,"{""classification"": 0.2, ""retrieval"": 0.6, ""sts"": 0.2}",STSBenchmark.clean_exact,0.7888429793526524,-0.014219763759528492
44,mix_s020_c020_r060,"{""classification"": 0.2, ""retrieval"": 0.6, ""sts"": 0.2}",SICK-R.clean_exact,0.7539138070812725,-0.003907484806468409
44,mix_s020_c020_r060,"{""classification"": 0.2, ""retrieval"": 0.6, ""sts"": 0.2}",STS12.clean_exact,0.6821059417554952,-0.04106120523353718
44,mix_s020_c020_r060,"{""classification"": 0.2, ""retrieval"": 0.6, ""sts"": 0.2}",STS13.clean_exact,0.7691666637135693,-0.03130768517214488
44,mix_s020_c020_r060,"{""classification"": 0.2, ""retrieval"": 0.6, ""sts"": 0.2}",STS14.clean_exact,0.7489335828257602,-0.010238833937606828
44,mix_s020_c040_r040,"{""classification"": 0.4, ""retrieval"": 0.4, ""sts"": 0.2}",STS14,0.707491,-0.0484
44,mix_s020_c040_r040,"{""classification"": 0.4, ""retrieval"": 0.4, ""sts"": 0.2}",Banking77Classification,0.775097,-0.02532499999999993
44,mix_s020_c040_r040,"{""classification"": 0.4, ""retrieval"": 0.4, ""sts"": 0.2}",RedditClustering.v2,0.43707,-0.07359500000000002
44,mix_s020_c040_r040,"{""classification"": 0.4, ""retrieval"": 0.4, ""sts"": 0.2}",AmazonCounterfactualClassification,0.6684905000000001,0.03307750000000009
44,mix_s020_c040_r040,"{""classification"": 0.4, ""retrieval"": 0.4, ""sts"": 0.2}",TwentyNewsgroupsClustering.v2,0.431291,-0.028895000000000004
44,mix_s020_c040_r040,"{""classification"": 0.4, ""retrieval"": 0.4, ""sts"": 0.2}",STSBenchmark,0.78028,-0.040045
44,mix_s020_c040_r040,"{""classification"": 0.4, ""retrieval"": 0.4, ""sts"": 0.2}",ArguAna,0.43708,-0.050559999999999994
44,mix_s020_c040_r040,"{""classification"": 0.4, ""retrieval"": 0.4, ""sts"": 0.2}",STS13,0.745686,-0.06034600000000001
44,mix_s020_c040_r040,"{""classification"": 0.4, ""retrieval"": 0.4, ""sts"": 0.2}",EmotionClassification,0.38265,-0.025650000000000006
44,mix_s020_c040_r040,"{""classification"": 0.4, ""retrieval"": 0.4, ""sts"": 0.2}",STS12,0.629427,-0.0942630000000001
44,mix_s020_c040_r040,"{""classification"": 0.4, ""retrieval"": 0.4, ""sts"": 0.2}",SciFact,0.60974,-0.014120000000000021
44,mix_s020_c040_r040,"{""classification"": 0.4, ""retrieval"": 0.4, ""sts"": 0.2}",BIOSSES,0.714034,-0.10237000000000007
44,mix_s020_c040_r040,"{""classification"": 0.4, ""retrieval"": 0.4, ""sts"": 0.2}",FiQA2018,0.3248,-0.04146
44,mix_s020_c040_r040,"{""classification"": 0.4, ""retrieval"": 0.4, ""sts"": 0.2}",SICK-R,0.75602,-0.01980499999999996
44,mix_s020_c040_r040,"{""classification"": 0.4, ""retrieval"": 0.4, ""sts"": 0.2}",NFCorpus,0.29008,-0.024449999999999972
44,mix_s020_c040_r040,"{""classification"": 0.4, ""retrieval"": 0.4, ""sts"": 0.2}",MassiveIntentClassification,0.661223,-0.013156000000000057
44,mix_s020_c040_r040,"{""classification"": 0.4, ""retrieval"": 0.4, ""sts"": 0.2}",AGNewsClassification,0.8798684210526316,0.011184210526315796
44,mix_s020_c040_r040,"{""classification"": 0.4, ""retrieval"": 0.4, ""sts"": 0.2}",MSMARCORerankingGate,0.9879278926071436,0.004690702464285379
44,mix_s020_c040_r040,"{""classification"": 0.4, ""retrieval"": 0.4, ""sts"": 0.2}",STSBenchmark.clean_exact,0.7539598528125184,-0.049102890299662416
44,mix_s020_c040_r040,"{""classification"": 0.4, ""retrieval"": 0.4, ""sts"": 0.2}",SICK-R.clean_exact,0.7385739664136597,-0.019247325474081256
44,mix_s020_c040_r040,"{""classification"": 0.4, ""retrieval"": 0.4, ""sts"": 0.2}",STS12.clean_exact,0.6287303552830437,-0.09443679170598873
44,mix_s020_c040_r040,"{""classification"": 0.4, ""retrieval"": 0.4, ""sts"": 0.2}",STS13.clean_exact,0.7376834343061098,-0.0627909145796044
44,mix_s020_c040_r040,"{""classification"": 0.4, ""retrieval"": 0.4, ""sts"": 0.2}",STS14.clean_exact,0.6990142656017725,-0.06015815116159451
44,mix_s020_c060_r020,"{""classification"": 0.6, ""retrieval"": 0.2, ""sts"": 0.2}",STS14,0.663659,-0.09223199999999998
44,mix_s020_c060_r020,"{""classification"": 0.6, ""retrieval"": 0.2, ""sts"": 0.2}",Banking77Classification,0.740552,-0.05986999999999998
44,mix_s020_c060_r020,"{""classification"": 0.6, ""retrieval"": 0.2, ""sts"": 0.2}",RedditClustering.v2,0.416523,-0.09414200000000006
44,mix_s020_c060_r020,"{""classification"": 0.6, ""retrieval"": 0.2, ""sts"": 0.2}",AmazonCounterfactualClassification,0.660318,0.024904999999999955
44,mix_s020_c060_r020,"{""classification"": 0.6, ""retrieval"": 0.2, ""sts"": 0.2}",TwentyNewsgroupsClustering.v2,0.415946,-0.04424
44,mix_s020_c060_r020,"{""classification"": 0.6, ""retrieval"": 0.2, ""sts"": 0.2}",STSBenchmark,0.748602,-0.07172299999999998
44,mix_s020_c060_r020,"{""classification"": 0.6, ""retrieval"": 0.2, ""sts"": 0.2}",ArguAna,0.38509,-0.10255000000000003
44,mix_s020_c060_r020,"{""classification"": 0.6, ""retrieval"": 0.2, ""sts"": 0.2}",STS13,0.70595,-0.100082
44,mix_s020_c060_r020,"{""classification"": 0.6, ""retrieval"": 0.2, ""sts"": 0.2}",EmotionClassification,0.3466,-0.06169999999999998
44,mix_s020_c060_r020,"{""classification"": 0.6, ""retrieval"": 0.2, ""sts"": 0.2}",STS12,0.588078,-0.13561200000000007
44,mix_s020_c060_r020,"{""classification"": 0.6, ""retrieval"": 0.2, ""sts"": 0.2}",SciFact,0.56223,-0.06162999999999996
44,mix_s020_c060_r020,"{""classification"": 0.6, ""retrieval"": 0.2, ""sts"": 0.2}",BIOSSES,0.663118,-0.15328600000000003
44,mix_s020_c060_r020,"{""classification"": 0.6, ""retrieval"": 0.2, ""sts"": 0.2}",FiQA2018,0.27995,-0.08631
44,mix_s020_c060_r020,"{""classification"": 0.6, ""retrieval"": 0.2, ""sts"": 0.2}",SICK-R,0.73608,-0.03974500000000003
44,mix_s020_c060_r020,"{""classification"": 0.6, ""retrieval"": 0.2, ""sts"": 0.2}",NFCorpus,0.26671,-0.047819999999999974
44,mix_s020_c060_r020,"{""classification"": 0.6, ""retrieval"": 0.2, ""sts"": 0.2}",MassiveIntentClassification,0.640235,-0.03414400000000006
44,mix_s020_c060_r020,"{""classification"": 0.6, ""retrieval"": 0.2, ""sts"": 0.2}",AGNewsClassification,0.8847368421052632,0.01605263157894732
44,mix_s020_c060_r020,"{""classification"": 0.6, ""retrieval"": 0.2, ""sts"": 0.2}",MSMARCORerankingGate,0.9796536984178585,-0.003583491724999721
44,mix_s020_c060_r020,"{""classification"": 0.6, ""retrieval"": 0.2, ""sts"": 0.2}",STSBenchmark.clean_exact,0.7179489469321811,-0.0851137961799997
44,mix_s020_c060_r020,"{""classification"": 0.6, ""retrieval"": 0.2, ""sts"": 0.2}",SICK-R.clean_exact,0.719327842519274,-0.03849344936846699
44,mix_s020_c060_r020,"{""classification"": 0.6, ""retrieval"": 0.2, ""sts"": 0.2}",STS12.clean_exact,0.5873630549306799,-0.13580409205835253
44,mix_s020_c060_r020,"{""classification"": 0.6, ""retrieval"": 0.2, ""sts"": 0.2}",STS13.clean_exact,0.6971725691342292,-0.10330177975148502
44,mix_s020_c060_r020,"{""classification"": 0.6, ""retrieval"": 0.2, ""sts"": 0.2}",STS14.clean_exact,0.6535763232546509,-0.10559609350871613
44,mix_s020_c080_r000,"{""classification"": 0.8, ""retrieval"": 0.0, ""sts"": 0.2}",STS14,0.673511,-0.08238000000000001
44,mix_s020_c080_r000,"{""classification"": 0.8, ""retrieval"": 0.0, ""sts"": 0.2}",Banking77Classification,0.665162,-0.13525999999999994
44,mix_s020_c080_r000,"{""classification"": 0.8, ""retrieval"": 0.0, ""sts"": 0.2}",RedditClustering.v2,0.408816,-0.10184900000000002
44,mix_s020_c080_r000,"{""classification"": 0.8, ""retrieval"": 0.0, ""sts"": 0.2}",AmazonCounterfactualClassification,0.66959875,0.034185750000000015
44,mix_s020_c080_r000,"{""classification"": 0.8, ""retrieval"": 0.0, ""sts"": 0.2}",TwentyNewsgroupsClustering.v2,0.418452,-0.04173399999999999
44,mix_s020_c080_r000,"{""classification"": 0.8, ""retrieval"": 0.0, ""sts"": 0.2}",STSBenchmark,0.74305,-0.07727499999999998
44,mix_s020_c080_r000,"{""classification"": 0.8, ""retrieval"": 0.0, ""sts"": 0.2}",ArguAna,0.27506,-0.21258
44,mix_s020_c080_r000,"{""classification"": 0.8, ""retrieval"": 0.0, ""sts"": 0.2}",STS13,0.714947,-0.09108499999999997
44,mix_s020_c080_r000,"{""classification"": 0.8, ""retrieval"": 0.0, ""sts"": 0.2}",EmotionClassification,0.3187,-0.08960000000000001
44,mix_s020_c080_r000,"{""classification"": 0.8, ""retrieval"": 0.0, ""sts"": 0.2}",STS12,0.613399,-0.11029100000000003
44,mix_s020_c080_r000,"{""classification"": 0.8, ""retrieval"": 0.0, ""sts"": 0.2}",SciFact,0.42717,-0.19668999999999998
44,mix_s020_c080_r000,"{""classification"": 0.8, ""retrieval"": 0.0, ""sts"": 0.2}",BIOSSES,0.621864,-0.19454000000000005
44,mix_s020_c080_r000,"{""classification"": 0.8, ""retrieval"": 0.0, ""sts"": 0.2}",FiQA2018,0.18272,-0.18353999999999998
44,mix_s020_c080_r000,"{""classification"": 0.8, ""retrieval"": 0.0, ""sts"": 0.2}",SICK-R,0.725379,-0.05044599999999999
44,mix_s020_c080_r000,"{""classification"": 0.8, ""retrieval"": 0.0, ""sts"": 0.2}",NFCorpus,0.16641,-0.14811999999999997
44,mix_s020_c080_r000,"{""classification"": 0.8, ""retrieval"": 0.0, ""sts"": 0.2}",MassiveIntentClassification,0.592327,-0.08205200000000001
44,mix_s020_c080_r000,"{""classification"": 0.8, ""retrieval"": 0.0, ""sts"": 0.2}",AGNewsClassification,0.886578947368421,0.017894736842105186
44,mix_s020_c080_r000,"{""classification"": 0.8, ""retrieval"": 0.0, ""sts"": 0.2}",MSMARCORerankingGate,0.8868595699162124,-0.09637762022664587
44,mix_s020_c080_r000,"{""classification"": 0.8, ""retrieval"": 0.0, ""sts"": 0.2}",STSBenchmark.clean_exact,0.7098773090105643,-0.0931854341016165
44,mix_s020_c080_r000,"{""classification"": 0.8, ""retrieval"": 0.0, ""sts"": 0.2}",SICK-R.clean_exact,0.7101529322838666,-0.04766835960387439
44,mix_s020_c080_r000,"{""classification"": 0.8, ""retrieval"": 0.0, ""sts"": 0.2}",STS12.clean_exact,0.6127237012430929,-0.11044344574593945
44,mix_s020_c080_r000,"{""classification"": 0.8, ""retrieval"": 0.0, ""sts"": 0.2}",STS13.clean_exact,0.6872896358856702,-0.11318471300004407
44,mix_s020_c080_r000,"{""classification"": 0.8, ""retrieval"": 0.0, ""sts"": 0.2}",STS14.clean_exact,0.6669441066545498,-0.09222831010881716
44,mix_s040_c000_r060,"{""classification"": 0.0, ""retrieval"": 0.6, ""sts"": 0.4}",STS14,0.774147,0.01825600000000005
44,mix_s040_c000_r060,"{""classification"": 0.0, ""retrieval"": 0.6, ""sts"": 0.4}",Banking77Classification,0.803344,0.00292199999999998
44,mix_s040_c000_r060,"{""classification"": 0.0, ""retrieval"": 0.6, ""sts"": 0.4}",RedditClustering.v2,0.472871,-0.03779400000000005
44,mix_s040_c000_r060,"{""classification"": 0.0, ""retrieval"": 0.6, ""sts"": 0.4}",AmazonCounterfactualClassification,0.66579975,0.030386750000000018
44,mix_s040_c000_r060,"{""classification"": 0.0, ""retrieval"": 0.6, ""sts"": 0.4}",TwentyNewsgroupsClustering.v2,0.429793,-0.030393000000000003
44,mix_s040_c000_r060,"{""classification"": 0.0, ""retrieval"": 0.6, ""sts"": 0.4}",STSBenchmark,0.828718,0.008392999999999984
44,mix_s040_c000_r060,"{""classification"": 0.0, ""retrieval"": 0.6, ""sts"": 0.4}",ArguAna,0.50805,0.020409999999999984
44,mix_s040_c000_r060,"{""classification"": 0.0, ""retrieval"": 0.6, ""sts"": 0.4}",STS13,0.801269,-0.004762999999999962
44,mix_s040_c000_r060,"{""classification"": 0.0, ""retrieval"": 0.6, ""sts"": 0.4}",EmotionClassification,0.4202,0.011900000000000022
44,mix_s040_c000_r060,"{""classification"": 0.0, ""retrieval"": 0.6, ""sts"": 0.4}",STS12,0.718684,-0.005006000000000066
44,mix_s040_c000_r060,"{""classification"": 0.0, ""retrieval"": 0.6, ""sts"": 0.4}",SciFact,0.62506,0.0011999999999999789
44,mix_s040_c000_r060,"{""classification"": 0.0, ""retrieval"": 0.6, ""sts"": 0.4}",BIOSSES,0.828332,0.011927999999999939
44,mix_s040_c000_r060,"{""classification"": 0.0, ""retrieval"": 0.6, ""sts"": 0.4}",FiQA2018,0.36299,-0.003269999999999995
44,mix_s040_c000_r060,"{""classification"": 0.0, ""retrieval"": 0.6, ""sts"": 0.4}",SICK-R,0.775798,-2.6999999999999247e-05
44,mix_s040_c000_r060,"{""classification"": 0.0, ""retrieval"": 0.6, ""sts"": 0.4}",NFCorpus,0.30679,-0.007739999999999969
44,mix_s040_c000_r060,"{""classification"": 0.0, ""retrieval"": 0.6, ""sts"": 0.4}",MassiveIntentClassification,0.676944,0.0025649999999999284
44,mix_s040_c000_r060,"{""classification"": 0.0, ""retrieval"": 0.6, ""sts"": 0.4}",AGNewsClassification,0.8709210526315789,0.0022368421052630927
44,mix_s040_c000_r060,"{""classification"": 0.0, ""retrieval"": 0.6, ""sts"": 0.4}",MSMARCORerankingGate,0.9918804545785721,0.008643264435713838
44,mix_s040_c000_r060,"{""classification"": 0.0, ""retrieval"": 0.6, ""sts"": 0.4}",STSBenchmark.clean_exact,0.8129921446191897,0.009929401507008828
44,mix_s040_c000_r060,"{""classification"": 0.0, ""retrieval"": 0.6, ""sts"": 0.4}",SICK-R.clean_exact,0.7568585584380692,-0.0009627334496717932
44,mix_s040_c000_r060,"{""classification"": 0.0, ""retrieval"": 0.6, ""sts"": 0.4}",STS12.clean_exact,0.7181589941594152,-0.005008152829617196
44,mix_s040_c000_r060,"{""classification"": 0.0, ""retrieval"": 0.6, ""sts"": 0.4}",STS13.clean_exact,0.7789725189819856,-0.02150182990372862
44,mix_s040_c000_r060,"{""classification"": 0.0, ""retrieval"": 0.6, ""sts"": 0.4}",STS14.clean_exact,0.7690939040442928,0.00992148728092579
44,mix_s040_c020_r040,"{""classification"": 0.2, ""retrieval"": 0.4, ""sts"": 0.4}",STS14,0.748685,-0.007205999999999935
44,mix_s040_c020_r040,"{""classification"": 0.2, ""retrieval"": 0.4, ""sts"": 0.4}",Banking77Classification,0.784286,-0.016135999999999928
44,mix_s040_c020_r040,"{""classification"": 0.2, ""retrieval"": 0.4, ""sts"": 0.4}",RedditClustering.v2,0.447033,-0.06363200000000002
44,mix_s040_c020_r040,"{""classification"": 0.2, ""retrieval"": 0.4, ""sts"": 0.4}",AmazonCounterfactualClassification,0.68053425,0.04512125
44,mix_s040_c020_r040,"{""classification"": 0.2, ""retrieval"": 0.4, ""sts"": 0.4}",TwentyNewsgroupsClustering.v2,0.436105,-0.024080999999999964
44,mix_s040_c020_r040,"{""classification"": 0.2, ""retrieval"": 0.4, ""sts"": 0.4}",STSBenchmark,0.812389,-0.007935999999999943
44,mix_s040_c020_r040,"{""classification"": 0.2, ""retrieval"": 0.4, ""sts"": 0.4}",ArguAna,0.47215,-0.015490000000000004
44,mix_s040_c020_r040,"{""classification"": 0.2, ""retrieval"": 0.4, ""sts"": 0.4}",STS13,0.769791,-0.03624099999999997
44,mix_s040_c020_r040,"{""classification"": 0.2, ""retrieval"": 0.4, ""sts"": 0.4}",EmotionClassification,0.40915,0.0008500000000000174
44,mix_s040_c020_r040,"{""classification"": 0.2, ""retrieval"": 0.4, ""sts"": 0.4}",STS12,0.684476,-0.03921400000000008
44,mix_s040_c020_r040,"{""classification"": 0.2, ""retrieval"": 0.4, ""sts"": 0.4}",SciFact,0.62654,0.0026800000000000157
44,mix_s040_c020_r040,"{""classification"": 0.2, ""retrieval"": 0.4, ""sts"": 0.4}",BIOSSES,0.771198,-0.04520599999999997
44,mix_s040_c020_r040,"{""classification"": 0.2, ""retrieval"": 0.4, ""sts"": 0.4}",FiQA2018,0.33454,-0.03171999999999997
44,mix_s040_c020_r040,"{""classification"": 0.2, ""retrieval"": 0.4, ""sts"": 0.4}",SICK-R,0.770224,-0.005600999999999967
44,mix_s040_c020_r040,"{""classification"": 0.2, ""retrieval"": 0.4, ""sts"": 0.4}",NFCorpus,0.29001,-0.024519999999999986
44,mix_s040_c020_r040,"{""classification"": 0.2, ""retrieval"": 0.4, ""sts"": 0.4}",MassiveIntentClassification,0.6681285,-0.006250500000000048
44,mix_s040_c020_r040,"{""classification"": 0.2, ""retrieval"": 0.4, ""sts"": 0.4}",AGNewsClassification,0.8767105263157895,0.00802631578947366
44,mix_s040_c020_r040,"{""classification"": 0.2, ""retrieval"": 0.4, ""sts"": 0.4}",MSMARCORerankingGate,0.990380454578572,0.007143264435713781
44,mix_s040_c020_r040,"{""classification"": 0.2, ""retrieval"": 0.4, ""sts"": 0.4}",STSBenchmark.clean_exact,0.7907724292044761,-0.012290313907704742
44,mix_s040_c020_r040,"{""classification"": 0.2, ""retrieval"": 0.4, ""sts"": 0.4}",SICK-R.clean_exact,0.7516174155032327,-0.006203876384508256
44,mix_s040_c020_r040,"{""classification"": 0.2, ""retrieval"": 0.4, ""sts"": 0.4}",STS12.clean_exact,0.6839043708055246,-0.03926277618350782
44,mix_s040_c020_r040,"{""classification"": 0.2, ""retrieval"": 0.4, ""sts"": 0.4}",STS13.clean_exact,0.7525349331188251,-0.04793941576688909
44,mix_s040_c020_r040,"{""classification"": 0.2, ""retrieval"": 0.4, ""sts"": 0.4}",STS14.clean_exact,0.741978801816538,-0.017193614946829028
44,mix_s040_c040_r020,"{""classification"": 0.4, ""retrieval"": 0.2, ""sts"": 0.4}",STS14,0.721719,-0.03417199999999998
44,mix_s040_c040_r020,"{""classification"": 0.4, ""retrieval"": 0.2, ""sts"": 0.4}",Banking77Classification,0.74789,-0.05253199999999991
44,mix_s040_c040_r020,"{""classification"": 0.4, ""retrieval"": 0.2, ""sts"": 0.4}",RedditClustering.v2,0.435293,-0.07537200000000005
44,mix_s040_c040_r020,"{""classification"": 0.4, ""retrieval"": 0.2, ""sts"": 0.4}",AmazonCounterfactualClassification,0.67711225,0.041699249999999966
44,mix_s040_c040_r020,"{""classification"": 0.4, ""retrieval"": 0.2, ""sts"": 0.4}",TwentyNewsgroupsClustering.v2,0.429143,-0.031042999999999987
44,mix_s040_c040_r020,"{""classification"": 0.4, ""retrieval"": 0.2, ""sts"": 0.4}",STSBenchmark,0.796268,-0.024056999999999995
44,mix_s040_c040_r020,"{""classification"": 0.4, ""retrieval"": 0.2, ""sts"": 0.4}",ArguAna,0.42177,-0.06587000000000004
44,mix_s040_c040_r020,"{""classification"": 0.4, ""retrieval"": 0.2, ""sts"": 0.4}",STS13,0.746129,-0.05990299999999993
44,mix_s040_c040_r020,"{""classification"": 0.4, ""retrieval"": 0.2, ""sts"": 0.4}",EmotionClassification,0.37235,-0.03594999999999998
44,mix_s040_c040_r020,"{""classification"": 0.4, ""retrieval"": 0.2, ""sts"": 0.4}",STS12,0.65691,-0.06678000000000006
44,mix_s040_c040_r020,"{""classification"": 0.4, ""retrieval"": 0.2, ""sts"": 0.4}",SciFact,0.58157,-0.04228999999999994
44,mix_s040_c040_r020,"{""classification"": 0.4, ""retrieval"": 0.2, ""sts"": 0.4}",BIOSSES,0.708396,-0.10800799999999999
44,mix_s040_c040_r020,"{""classification"": 0.4, ""retrieval"": 0.2, ""sts"": 0.4}",FiQA2018,0.29873,-0.06752999999999998
44,mix_s040_c040_r020,"{""classification"": 0.4, ""retrieval"": 0.2, ""sts"": 0.4}",SICK-R,0.754914,-0.020911000000000013
44,mix_s040_c040_r020,"{""classification"": 0.4, ""retrieval"": 0.2, ""sts"": 0.4}",NFCorpus,0.26433,-0.05019999999999997
44,mix_s040_c040_r020,"{""classification"": 0.4, ""retrieval"": 0.2, ""sts"": 0.4}",MassiveIntentClassification,0.6457235,-0.028655500000000056
44,mix_s040_c040_r020,"{""classification"": 0.4, ""retrieval"": 0.2, ""sts"": 0.4}",AGNewsClassification,0.8818421052631579,0.013157894736842035
44,mix_s040_c040_r020,"{""classification"": 0.4, ""retrieval"": 0.2, ""sts"": 0.4}",MSMARCORerankingGate,0.9808918389107156,-0.002345351232142634
44,mix_s040_c040_r020,"{""classification"": 0.4, ""retrieval"": 0.2, ""sts"": 0.4}",STSBenchmark.clean_exact,0.7703757376841207,-0.032687005428060134
44,mix_s040_c040_r020,"{""classification"": 0.4, ""retrieval"": 0.2, ""sts"": 0.4}",SICK-R.clean_exact,0.7372682398459367,-0.020553052041804243
44,mix_s040_c040_r020,"{""classification"": 0.4, ""retrieval"": 0.2, ""sts"": 0.4}",STS12.clean_exact,0.6563200077423927,-0.06684713924663965
44,mix_s040_c040_r020,"{""classification"": 0.4, ""retrieval"": 0.2, ""sts"": 0.4}",STS13.clean_exact,0.7257630827346502,-0.07471126615106405
44,mix_s040_c040_r020,"{""classification"": 0.4, ""retrieval"": 0.2, ""sts"": 0.4}",STS14.clean_exact,0.7118121221097553,-0.04736029465361169
44,mix_s040_c060_r000,"{""classification"": 0.6, ""retrieval"": 0.0, ""sts"": 0.4}",STS14,0.740911,-0.014979999999999993
44,mix_s040_c060_r000,"{""classification"": 0.6, ""retrieval"": 0.0, ""sts"": 0.4}",Banking77Classification,0.692435,-0.10798699999999994
44,mix_s040_c060_r000,"{""classification"": 0.6, ""retrieval"": 0.0, ""sts"": 0.4}",RedditClustering.v2,0.431872,-0.07879300000000006
44,mix_s040_c060_r000,"{""classification"": 0.6, ""retrieval"": 0.0, ""sts"": 0.4}",AmazonCounterfactualClassification,0.67390225,0.03848925000000003
44,mix_s040_c060_r000,"{""classification"": 0.6, ""retrieval"": 0.0, ""sts"": 0.4}",TwentyNewsgroupsClustering.v2,0.424632,-0.035553999999999975
44,mix_s040_c060_r000,"{""classification"": 0.6, ""retrieval"": 0.0, ""sts"": 0.4}",STSBenchmark,0.801623,-0.018701999999999996
44,mix_s040_c060_r000,"{""classification"": 0.6, ""retrieval"": 0.0, ""sts"": 0.4}",ArguAna,0.35116,-0.13648
44,mix_s040_c060_r000,"{""classification"": 0.6, ""retrieval"": 0.0, ""sts"": 0.4}",STS13,0.770187,-0.035845000000000016
44,mix_s040_c060_r000,"{""classification"": 0.6, ""retrieval"": 0.0, ""sts"": 0.4}",EmotionClassification,0.3495,-0.05880000000000002
44,mix_s040_c060_r000,"{""classification"": 0.6, ""retrieval"": 0.0, ""sts"": 0.4}",STS12,0.684098,-0.03959200000000007
44,mix_s040_c060_r000,"{""classification"": 0.6, ""retrieval"": 0.0, ""sts"": 0.4}",SciFact,0.5084,-0.11546000000000001
44,mix_s040_c060_r000,"{""classification"": 0.6, ""retrieval"": 0.0, ""sts"": 0.4}",BIOSSES,0.697889,-0.11851500000000004
44,mix_s040_c060_r000,"{""classification"": 0.6, ""retrieval"": 0.0, ""sts"": 0.4}",FiQA2018,0.22866,-0.13759999999999997
44,mix_s040_c060_r000,"{""classification"": 0.6, ""retrieval"": 0.0, ""sts"": 0.4}",SICK-R,0.7464,-0.029425000000000034
44,mix_s040_c060_r000,"{""classification"": 0.6, ""retrieval"": 0.0, ""sts"": 0.4}",NFCorpus,0.21314,-0.10138999999999998
44,mix_s040_c060_r000,"{""classification"": 0.6, ""retrieval"": 0.0, ""sts"": 0.4}",MassiveIntentClassification,0.608304,-0.0660750000000001
44,mix_s040_c060_r000,"{""classification"": 0.6, ""retrieval"": 0.0, ""sts"": 0.4}",AGNewsClassification,0.8825,0.013815789473684115
44,mix_s040_c060_r000,"{""classification"": 0.6, ""retrieval"": 0.0, ""sts"": 0.4}",MSMARCORerankingGate,0.9247038157864529,-0.05853337435640538
44,mix_s040_c060_r000,"{""classification"": 0.6, ""retrieval"": 0.0, ""sts"": 0.4}",STSBenchmark.clean_exact,0.7744087938755415,-0.02865394923663933
44,mix_s040_c060_r000,"{""classification"": 0.6, ""retrieval"": 0.0, ""sts"": 0.4}",SICK-R.clean_exact,0.7289177310228446,-0.028903560864896316
44,mix_s040_c060_r000,"{""classification"": 0.6, ""retrieval"": 0.0, ""sts"": 0.4}",STS12.clean_exact,0.6834847385970539,-0.03968240839197845
44,mix_s040_c060_r000,"{""classification"": 0.6, ""retrieval"": 0.0, ""sts"": 0.4}",STS13.clean_exact,0.7412757863753717,-0.0591985625103425
44,mix_s040_c060_r000,"{""classification"": 0.6, ""retrieval"": 0.0, ""sts"": 0.4}",STS14.clean_exact,0.7330059965792751,-0.026166420184091876
44,mix_s060_c000_r040,"{""classification"": 0.0, ""retrieval"": 0.4, ""sts"": 0.6}",STS14,0.776976,0.02108500000000002
44,mix_s060_c000_r040,"{""classification"": 0.0, ""retrieval"": 0.4, ""sts"": 0.6}",Banking77Classification,0.792045,-0.008376999999999968
44,mix_s060_c000_r040,"{""classification"": 0.0, ""retrieval"": 0.4, ""sts"": 0.6}",RedditClustering.v2,0.463179,-0.04748600000000003
44,mix_s060_c000_r040,"{""classification"": 0.0, ""retrieval"": 0.4, ""sts"": 0.6}",AmazonCounterfactualClassification,0.6800897499999999,0.04467674999999993
44,mix_s060_c000_r040,"{""classification"": 0.0, ""retrieval"": 0.4, ""sts"": 0.6}",TwentyNewsgroupsClustering.v2,0.429854,-0.03033199999999997
44,mix_s060_c000_r040,"{""classification"": 0.0, ""retrieval"": 0.4, ""sts"": 0.6}",STSBenchmark,0.832488,0.012163000000000035
44,mix_s060_c000_r040,"{""classification"": 0.0, ""retrieval"": 0.4, ""sts"": 0.6}",ArguAna,0.50187,0.01423000000000002
44,mix_s060_c000_r040,"{""classification"": 0.0, ""retrieval"": 0.4, ""sts"": 0.6}",STS13,0.793252,-0.012780000000000014
44,mix_s060_c000_r040,"{""classification"": 0.0, ""retrieval"": 0.4, ""sts"": 0.6}",EmotionClassification,0.41775,0.009450000000000014
44,mix_s060_c000_r040,"{""classification"": 0.0, ""retrieval"": 0.4, ""sts"": 0.6}",STS12,0.728664,0.004973999999999923
44,mix_s060_c000_r040,"{""classification"": 0.0, ""retrieval"": 0.4, ""sts"": 0.6}",SciFact,0.62568,0.0018200000000000438
44,mix_s060_c000_r040,"{""classification"": 0.0, ""retrieval"": 0.4, ""sts"": 0.6}",BIOSSES,0.81594,-0.00046400000000001995
44,mix_s060_c000_r040,"{""classification"": 0.0, ""retrieval"": 0.4, ""sts"": 0.6}",FiQA2018,0.3438,-0.02245999999999998
44,mix_s060_c000_r040,"{""classification"": 0.0, ""retrieval"": 0.4, ""sts"": 0.6}",SICK-R,0.776268,0.0004429999999999712
44,mix_s060_c000_r040,"{""classification"": 0.0, ""retrieval"": 0.4, ""sts"": 0.6}",NFCorpus,0.29398,-0.020549999999999957
44,mix_s060_c000_r040,"{""classification"": 0.0, ""retrieval"": 0.4, ""sts"": 0.6}",MassiveIntentClassification,0.677618,0.003238999999999992
44,mix_s060_c000_r040,"{""classification"": 0.0, ""retrieval"": 0.4, ""sts"": 0.6}",AGNewsClassification,0.8706578947368421,0.0019736842105262387
44,mix_s060_c000_r040,"{""classification"": 0.0, ""retrieval"": 0.4, ""sts"": 0.6}",MSMARCORerankingGate,0.9913804545785719,0.00814326443571367
44,mix_s060_c000_r040,"{""classification"": 0.0, ""retrieval"": 0.4, ""sts"": 0.6}",STSBenchmark.clean_exact,0.8151947900995323,0.012132046987351486
44,mix_s060_c000_r040,"{""classification"": 0.0, ""retrieval"": 0.4, ""sts"": 0.6}",SICK-R.clean_exact,0.7568111528370042,-0.0010101390507367691
44,mix_s060_c000_r040,"{""classification"": 0.0, ""retrieval"": 0.4, ""sts"": 0.6}",STS12.clean_exact,0.7281662216627942,0.004999074673761816
44,mix_s060_c000_r040,"{""classification"": 0.0, ""retrieval"": 0.4, ""sts"": 0.6}",STS13.clean_exact,0.7666934324424419,-0.0337809164432723
44,mix_s060_c000_r040,"{""classification"": 0.0, ""retrieval"": 0.4, ""sts"": 0.6}",STS14.clean_exact,0.7713570151102495,0.012184598346882458
44,mix_s060_c020_r020,"{""classification"": 0.2, ""retrieval"": 0.2, ""sts"": 0.6}",STS14,0.757428,0.0015370000000000106
44,mix_s060_c020_r020,"{""classification"": 0.2, ""retrieval"": 0.2, ""sts"": 0.6}",Banking77Classification,0.761266,-0.03915599999999997
44,mix_s060_c020_r020,"{""classification"": 0.2, ""retrieval"": 0.2, ""sts"": 0.6}",RedditClustering.v2,0.45074,-0.05992500000000006
44,mix_s060_c020_r020,"{""classification"": 0.2, ""retrieval"": 0.2, ""sts"": 0.6}",AmazonCounterfactualClassification,0.68433625,0.048923249999999974
44,mix_s060_c020_r020,"{""classification"": 0.2, ""retrieval"": 0.2, ""sts"": 0.6}",TwentyNewsgroupsClustering.v2,0.432031,-0.028154999999999986
44,mix_s060_c020_r020,"{""classification"": 0.2, ""retrieval"": 0.2, ""sts"": 0.6}",STSBenchmark,0.828844,0.008519000000000054
44,mix_s060_c020_r020,"{""classification"": 0.2, ""retrieval"": 0.2, ""sts"": 0.6}",ArguAna,0.46968,-0.01796000000000003
44,mix_s060_c020_r020,"{""classification"": 0.2, ""retrieval"": 0.2, ""sts"": 0.6}",STS13,0.775544,-0.03048799999999996
44,mix_s060_c020_r020,"{""classification"": 0.2, ""retrieval"": 0.2, ""sts"": 0.6}",EmotionClassification,0.39935,-0.008950000000000014
44,mix_s060_c020_r020,"{""classification"": 0.2, ""retrieval"": 0.2, ""sts"": 0.6}",STS12,0.701997,-0.021693000000000073
44,mix_s060_c020_r020,"{""classification"": 0.2, ""retrieval"": 0.2, ""sts"": 0.6}",SciFact,0.60778,-0.016079999999999983
44,mix_s060_c020_r020,"{""classification"": 0.2, ""retrieval"": 0.2, ""sts"": 0.6}",BIOSSES,0.749192,-0.06721200000000005
44,mix_s060_c020_r020,"{""classification"": 0.2, ""retrieval"": 0.2, ""sts"": 0.6}",FiQA2018,0.30955,-0.05670999999999998
44,mix_s060_c020_r020,"{""classification"": 0.2, ""retrieval"": 0.2, ""sts"": 0.6}",SICK-R,0.771483,-0.004341999999999957
44,mix_s060_c020_r020,"{""classification"": 0.2, ""retrieval"": 0.2, ""sts"": 0.6}",NFCorpus,0.27233,-0.04219999999999996
44,mix_s060_c020_r020,"{""classification"": 0.2, ""retrieval"": 0.2, ""sts"": 0.6}",MassiveIntentClassification,0.657812,-0.01656700000000011
44,mix_s060_c020_r020,"{""classification"": 0.2, ""retrieval"": 0.2, ""sts"": 0.6}",AGNewsClassification,0.8768421052631579,0.00815789473684203
44,mix_s060_c020_r020,"{""classification"": 0.2, ""retrieval"": 0.2, ""sts"": 0.6}",MSMARCORerankingGate,0.9864278926071438,0.003190702464285544
44,mix_s060_c020_r020,"{""classification"": 0.2, ""retrieval"": 0.2, ""sts"": 0.6}",STSBenchmark.clean_exact,0.8083952586203232,0.005332515508142399
44,mix_s060_c020_r020,"{""classification"": 0.2, ""retrieval"": 0.2, ""sts"": 0.6}",SICK-R.clean_exact,0.7523926542874595,-0.00542863760028145
44,mix_s060_c020_r020,"{""classification"": 0.2, ""retrieval"": 0.2, ""sts"": 0.6}",STS12.clean_exact,0.7014294057478618,-0.02173774124117056
44,mix_s060_c020_r020,"{""classification"": 0.2, ""retrieval"": 0.2, ""sts"": 0.6}",STS13.clean_exact,0.7506432112252108,-0.0498311376605034
44,mix_s060_c020_r020,"{""classification"": 0.2, ""retrieval"": 0.2, ""sts"": 0.6}",STS14.clean_exact,0.7491569877573943,-0.010015429005972742
44,mix_s060_c040_r000,"{""classification"": 0.4, ""retrieval"": 0.0, ""sts"": 0.6}",STS14,0.778362,0.02247100000000002
44,mix_s060_c040_r000,"{""classification"": 0.4, ""retrieval"": 0.0, ""sts"": 0.6}",Banking77Classification,0.722987,-0.07743499999999992
44,mix_s060_c040_r000,"{""classification"": 0.4, ""retrieval"": 0.0, ""sts"": 0.6}",RedditClustering.v2,0.450708,-0.05995700000000004
44,mix_s060_c040_r000,"{""classification"": 0.4, ""retrieval"": 0.0, ""sts"": 0.6}",AmazonCounterfactualClassification,0.6925494999999999,0.05713649999999992
44,mix_s060_c040_r000,"{""classification"": 0.4, ""retrieval"": 0.0, ""sts"": 0.6}",TwentyNewsgroupsClustering.v2,0.436466,-0.023719999999999963
44,mix_s060_c040_r000,"{""classification"": 0.4, ""retrieval"": 0.0, ""sts"": 0.6}",STSBenchmark,0.83426,0.01393500000000003
44,mix_s060_c040_r000,"{""classification"": 0.4, ""retrieval"": 0.0, ""sts"": 0.6}",ArguAna,0.40271,-0.08493
44,mix_s060_c040_r000,"{""classification"": 0.4, ""retrieval"": 0.0, ""sts"": 0.6}",STS13,0.810568,0.0045359999999999845
44,mix_s060_c040_r000,"{""classification"": 0.4, ""retrieval"": 0.0, ""sts"": 0.6}",EmotionClassification,0.3815,-0.02679999999999999
44,mix_s060_c040_r000,"{""classification"": 0.4, ""retrieval"": 0.0, ""sts"": 0.6}",STS12,0.725518,0.0018279999999999408
44,mix_s060_c040_r000,"{""classification"": 0.4, ""retrieval"": 0.0, ""sts"": 0.6}",SciFact,0.52543,-0.09843000000000002
44,mix_s060_c040_r000,"{""classification"": 0.4, ""retrieval"": 0.0, ""sts"": 0.6}",BIOSSES,0.718348,-0.09805600000000003
44,mix_s060_c040_r000,"{""classification"": 0.4, ""retrieval"": 0.0, ""sts"": 0.6}",FiQA2018,0.26039,-0.10586999999999996
44,mix_s060_c040_r000,"{""classification"": 0.4, ""retrieval"": 0.0, ""sts"": 0.6}",SICK-R,0.762235,-0.013589999999999991
44,mix_s060_c040_r000,"{""classification"": 0.4, ""retrieval"": 0.0, ""sts"": 0.6}",NFCorpus,0.2244,-0.09012999999999999
44,mix_s060_c040_r000,"{""classification"": 0.4, ""retrieval"": 0.0, ""sts"": 0.6}",MassiveIntentClassification,0.6288825,-0.04549650000000005
44,mix_s060_c040_r000,"{""classification"": 0.4, ""retrieval"": 0.0, ""sts"": 0.6}",AGNewsClassification,0.8802631578947369,0.011578947368421022
44,mix_s060_c040_r000,"{""classification"": 0.4, ""retrieval"": 0.0, ""sts"": 0.6}",MSMARCORerankingGate,0.9430743539130315,-0.04016283622982675
44,mix_s060_c040_r000,"{""classification"": 0.4, ""retrieval"": 0.0, ""sts"": 0.6}",STSBenchmark.clean_exact,0.8125584585302222,0.009495715418041395
44,mix_s060_c040_r000,"{""classification"": 0.4, ""retrieval"": 0.0, ""sts"": 0.6}",SICK-R.clean_exact,0.7430672237204781,-0.01475406816726288
44,mix_s060_c040_r000,"{""classification"": 0.4, ""retrieval"": 0.0, ""sts"": 0.6}",STS12.clean_exact,0.7250091123552559,0.001841965366223497
44,mix_s060_c040_r000,"{""classification"": 0.4, ""retrieval"": 0.0, ""sts"": 0.6}",STS13.clean_exact,0.7877516295143124,-0.012722719371401792
44,mix_s060_c040_r000,"{""classification"": 0.4, ""retrieval"": 0.0, ""sts"": 0.6}",STS14.clean_exact,0.7713064719197528,0.01213405515638577
44,mix_s080_c000_r020,"{""classification"": 0.0, ""retrieval"": 0.2, ""sts"": 0.8}",STS14,0.775812,0.019920999999999967
44,mix_s080_c000_r020,"{""classification"": 0.0, ""retrieval"": 0.2, ""sts"": 0.8}",Banking77Classification,0.772468,-0.027953999999999923
44,mix_s080_c000_r020,"{""classification"": 0.0, ""retrieval"": 0.2, ""sts"": 0.8}",RedditClustering.v2,0.44961,-0.061055000000000026
44,mix_s080_c000_r020,"{""classification"": 0.0, ""retrieval"": 0.2, ""sts"": 0.8}",AmazonCounterfactualClassification,0.67905075,0.04363775000000003
44,mix_s080_c000_r020,"{""classification"": 0.0, ""retrieval"": 0.2, ""sts"": 0.8}",TwentyNewsgroupsClustering.v2,0.430052,-0.030133999999999994
44,mix_s080_c000_r020,"{""classification"": 0.0, ""retrieval"": 0.2, ""sts"": 0.8}",STSBenchmark,0.837029,0.016704000000000052
44,mix_s080_c000_r020,"{""classification"": 0.0, ""retrieval"": 0.2, ""sts"": 0.8}",ArguAna,0.49631,0.008669999999999956
44,mix_s080_c000_r020,"{""classification"": 0.0, ""retrieval"": 0.2, ""sts"": 0.8}",STS13,0.789038,-0.016993999999999954
44,mix_s080_c000_r020,"{""classification"": 0.0, ""retrieval"": 0.2, ""sts"": 0.8}",EmotionClassification,0.40685,-0.0014500000000000068
44,mix_s080_c000_r020,"{""classification"": 0.0, ""retrieval"": 0.2, ""sts"": 0.8}",STS12,0.73613,0.012439999999999896
44,mix_s080_c000_r020,"{""classification"": 0.0, ""retrieval"": 0.2, ""sts"": 0.8}",SciFact,0.61606,-0.007799999999999918
44,mix_s080_c000_r020,"{""classification"": 0.0, ""retrieval"": 0.2, ""sts"": 0.8}",BIOSSES,0.794048,-0.022356000000000043
44,mix_s080_c000_r020,"{""classification"": 0.0, ""retrieval"": 0.2, ""sts"": 0.8}",FiQA2018,0.30154,-0.06472
44,mix_s080_c000_r020,"{""classification"": 0.0, ""retrieval"": 0.2, ""sts"": 0.8}",SICK-R,0.774247,-0.0015779999999999683
44,mix_s080_c000_r020,"{""classification"": 0.0, ""retrieval"": 0.2, ""sts"": 0.8}",NFCorpus,0.27957,-0.03495999999999999
44,mix_s080_c000_r020,"{""classification"": 0.0, ""retrieval"": 0.2, ""sts"": 0.8}",MassiveIntentClassification,0.6693175,-0.005061500000000052
44,mix_s080_c000_r020,"{""classification"": 0.0, ""retrieval"": 0.2, ""sts"": 0.8}",AGNewsClassification,0.8725,0.003815789473684217
44,mix_s080_c000_r020,"{""classification"": 0.0, ""retrieval"": 0.2, ""sts"": 0.8}",MSMARCORerankingGate,0.9869278926071438,0.003690702464285489
44,mix_s080_c000_r020,"{""classification"": 0.0, ""retrieval"": 0.2, ""sts"": 0.8}",STSBenchmark.clean_exact,0.8190715405829307,0.016008797470749903
44,mix_s080_c000_r020,"{""classification"": 0.0, ""retrieval"": 0.2, ""sts"": 0.8}",SICK-R.clean_exact,0.7545096507519713,-0.0033116411357696496
44,mix_s080_c000_r020,"{""classification"": 0.0, ""retrieval"": 0.2, ""sts"": 0.8}",STS12.clean_exact,0.7356492184518635,0.01248207146283109
44,mix_s080_c000_r020,"{""classification"": 0.0, ""retrieval"": 0.2, ""sts"": 0.8}",STS13.clean_exact,0.7599435065203621,-0.04053084236535209
44,mix_s080_c000_r020,"{""classification"": 0.0, ""retrieval"": 0.2, ""sts"": 0.8}",STS14.clean_exact,0.7693822745203552,0.010209857756988239
44,mix_s080_c020_r000,"{""classification"": 0.2, ""retrieval"": 0.0, ""sts"": 0.8}",STS14,0.794924,0.039032999999999984
44,mix_s080_c020_r000,"{""classification"": 0.2, ""retrieval"": 0.0, ""sts"": 0.8}",Banking77Classification,0.739838,-0.06058399999999997
44,mix_s080_c020_r000,"{""classification"": 0.2, ""retrieval"": 0.0, ""sts"": 0.8}",RedditClustering.v2,0.456096,-0.054569000000000034
44,mix_s080_c020_r000,"{""classification"": 0.2, ""retrieval"": 0.0, ""sts"": 0.8}",AmazonCounterfactualClassification,0.6952034999999999,0.05979049999999986
44,mix_s080_c020_r000,"{""classification"": 0.2, ""retrieval"": 0.0, ""sts"": 0.8}",TwentyNewsgroupsClustering.v2,0.432925,-0.02726099999999998
44,mix_s080_c020_r000,"{""classification"": 0.2, ""retrieval"": 0.0, ""sts"": 0.8}",STSBenchmark,0.849786,0.02946100000000007
44,mix_s080_c020_r000,"{""classification"": 0.2, ""retrieval"": 0.0, ""sts"": 0.8}",ArguAna,0.45009,-0.03755000000000003
44,mix_s080_c020_r000,"{""classification"": 0.2, ""retrieval"": 0.0, ""sts"": 0.8}",STS13,0.814401,0.00836900000000007
44,mix_s080_c020_r000,"{""classification"": 0.2, ""retrieval"": 0.0, ""sts"": 0.8}",EmotionClassification,0.3954,-0.012900000000000023
44,mix_s080_c020_r000,"{""classification"": 0.2, ""retrieval"": 0.0, ""sts"": 0.8}",STS12,0.745791,0.022100999999999926
44,mix_s080_c020_r000,"{""classification"": 0.2, ""retrieval"": 0.0, ""sts"": 0.8}",SciFact,0.56393,-0.05992999999999993
44,mix_s080_c020_r000,"{""classification"": 0.2, ""retrieval"": 0.0, ""sts"": 0.8}",BIOSSES,0.74524,-0.071164
44,mix_s080_c020_r000,"{""classification"": 0.2, ""retrieval"": 0.0, ""sts"": 0.8}",FiQA2018,0.27635,-0.08990999999999999
44,mix_s080_c020_r000,"{""classification"": 0.2, ""retrieval"": 0.0, ""sts"": 0.8}",SICK-R,0.771574,-0.004251000000000005
44,mix_s080_c020_r000,"{""classification"": 0.2, ""retrieval"": 0.0, ""sts"": 0.8}",NFCorpus,0.23944,-0.07508999999999999
44,mix_s080_c020_r000,"{""classification"": 0.2, ""retrieval"": 0.0, ""sts"": 0.8}",MassiveIntentClassification,0.6407585,-0.03362050000000005
44,mix_s080_c020_r000,"{""classification"": 0.2, ""retrieval"": 0.0, ""sts"": 0.8}",AGNewsClassification,0.8778947368421053,0.009210526315789447
44,mix_s080_c020_r000,"{""classification"": 0.2, ""retrieval"": 0.0, ""sts"": 0.8}",MSMARCORerankingGate,0.9587060957502777,-0.02453109439258061
44,mix_s080_c020_r000,"{""classification"": 0.2, ""retrieval"": 0.0, ""sts"": 0.8}",STSBenchmark.clean_exact,0.8310274573783795,0.02796471426619862
44,mix_s080_c020_r000,"{""classification"": 0.2, ""retrieval"": 0.0, ""sts"": 0.8}",SICK-R.clean_exact,0.7512758276154,-0.006545464272340928
44,mix_s080_c020_r000,"{""classification"": 0.2, ""retrieval"": 0.0, ""sts"": 0.8}",STS12.clean_exact,0.745313564980631,0.022146417991598555
44,mix_s080_c020_r000,"{""classification"": 0.2, ""retrieval"": 0.0, ""sts"": 0.8}",STS13.clean_exact,0.7872385832004778,-0.013235765685236434
44,mix_s080_c020_r000,"{""classification"": 0.2, ""retrieval"": 0.0, ""sts"": 0.8}",STS14.clean_exact,0.7882531174282984,0.029080700664931403
44,mix_s100_c000_r000,"{""classification"": 0.0, ""retrieval"": 0.0, ""sts"": 1.0}",STS14,0.804696,0.04880499999999999
44,mix_s100_c000_r000,"{""classification"": 0.0, ""retrieval"": 0.0, ""sts"": 1.0}",Banking77Classification,0.745195,-0.055226999999999915
44,mix_s100_c000_r000,"{""classification"": 0.0, ""retrieval"": 0.0, ""sts"": 1.0}",RedditClustering.v2,0.450695,-0.05997000000000002
44,mix_s100_c000_r000,"{""classification"": 0.0, ""retrieval"": 0.0, ""sts"": 1.0}",AmazonCounterfactualClassification,0.68400575,0.04859274999999996
44,mix_s100_c000_r000,"{""classification"": 0.0, ""retrieval"": 0.0, ""sts"": 1.0}",TwentyNewsgroupsClustering.v2,0.418645,-0.041540999999999995
44,mix_s100_c000_r000,"{""classification"": 0.0, ""retrieval"": 0.0, ""sts"": 1.0}",STSBenchmark,0.852082,0.031757000000000035
44,mix_s100_c000_r000,"{""classification"": 0.0, ""retrieval"": 0.0, ""sts"": 1.0}",ArguAna,0.49261,0.0049699999999999744
44,mix_s100_c000_r000,"{""classification"": 0.0, ""retrieval"": 0.0, ""sts"": 1.0}",STS13,0.820044,0.014012000000000024
44,mix_s100_c000_r000,"{""classification"": 0.0, ""retrieval"": 0.0, ""sts"": 1.0}",EmotionClassification,0.4095,0.0011999999999999789
44,mix_s100_c000_r000,"{""classification"": 0.0, ""retrieval"": 0.0, ""sts"": 1.0}",STS12,0.758192,0.03450199999999992
44,mix_s100_c000_r000,"{""classification"": 0.0, ""retrieval"": 0.0, ""sts"": 1.0}",SciFact,0.58865,-0.035209999999999964
44,mix_s100_c000_r000,"{""classification"": 0.0, ""retrieval"": 0.0, ""sts"": 1.0}",BIOSSES,0.782988,-0.033416
44,mix_s100_c000_r000,"{""classification"": 0.0, ""retrieval"": 0.0, ""sts"": 1.0}",FiQA2018,0.27544,-0.09081999999999996
44,mix_s100_c000_r000,"{""classification"": 0.0, ""retrieval"": 0.0, ""sts"": 1.0}",SICK-R,0.781932,0.0061069999999999736
44,mix_s100_c000_r000,"{""classification"": 0.0, ""retrieval"": 0.0, ""sts"": 1.0}",NFCorpus,0.26241,-0.05212
44,mix_s100_c000_r000,"{""classification"": 0.0, ""retrieval"": 0.0, ""sts"": 1.0}",MassiveIntentClassification,0.654053,-0.020326000000000066
44,mix_s100_c000_r000,"{""classification"": 0.0, ""retrieval"": 0.0, ""sts"": 1.0}",AGNewsClassification,0.87,0.001315789473684159
44,mix_s100_c000_r000,"{""classification"": 0.0, ""retrieval"": 0.0, ""sts"": 1.0}",MSMARCORerankingGate,0.9792390237437891,-0.003998166399069136
44,mix_s100_c000_r000,"{""classification"": 0.0, ""retrieval"": 0.0, ""sts"": 1.0}",STSBenchmark.clean_exact,0.8346262903335067,0.031563547221325816
44,mix_s100_c000_r000,"{""classification"": 0.0, ""retrieval"": 0.0, ""sts"": 1.0}",SICK-R.clean_exact,0.7614558919161354,0.0036346000283944413
44,mix_s100_c000_r000,"{""classification"": 0.0, ""retrieval"": 0.0, ""sts"": 1.0}",STS12.clean_exact,0.7577186124850632,0.03455146549603083
44,mix_s100_c000_r000,"{""classification"": 0.0, ""retrieval"": 0.0, ""sts"": 1.0}",STS13.clean_exact,0.7883113582024538,-0.012162990683260433
44,mix_s100_c000_r000,"{""classification"": 0.0, ""retrieval"": 0.0, ""sts"": 1.0}",STS14.clean_exact,0.7970166335638781,0.03784421680051109
44,mix_s033_c033_r033,"{""classification"": 0.3333333333333333, ""retrieval"": 0.3333333333333333, ""sts"": 0.3333333333333333}",STS14,0.727017,-0.028873999999999955
44,mix_s033_c033_r033,"{""classification"": 0.3333333333333333, ""retrieval"": 0.3333333333333333, ""sts"": 0.3333333333333333}",Banking77Classification,0.770065,-0.030356999999999967
44,mix_s033_c033_r033,"{""classification"": 0.3333333333333333, ""retrieval"": 0.3333333333333333, ""sts"": 0.3333333333333333}",RedditClustering.v2,0.435296,-0.07536900000000002
44,mix_s033_c033_r033,"{""classification"": 0.3333333333333333, ""retrieval"": 0.3333333333333333, ""sts"": 0.3333333333333333}",AmazonCounterfactualClassification,0.67403825,0.038625249999999944
44,mix_s033_c033_r033,"{""classification"": 0.3333333333333333, ""retrieval"": 0.3333333333333333, ""sts"": 0.3333333333333333}",TwentyNewsgroupsClustering.v2,0.432425,-0.02776099999999998
44,mix_s033_c033_r033,"{""classification"": 0.3333333333333333, ""retrieval"": 0.3333333333333333, ""sts"": 0.3333333333333333}",STSBenchmark,0.796042,-0.024282999999999944
44,mix_s033_c033_r033,"{""classification"": 0.3333333333333333, ""retrieval"": 0.3333333333333333, ""sts"": 0.3333333333333333}",ArguAna,0.44499,-0.04265000000000002
44,mix_s033_c033_r033,"{""classification"": 0.3333333333333333, ""retrieval"": 0.3333333333333333, ""sts"": 0.3333333333333333}",STS13,0.749613,-0.056419
44,mix_s033_c033_r033,"{""classification"": 0.3333333333333333, ""retrieval"": 0.3333333333333333, ""sts"": 0.3333333333333333}",EmotionClassification,0.3911,-0.017199999999999993
44,mix_s033_c033_r033,"{""classification"": 0.3333333333333333, ""retrieval"": 0.3333333333333333, ""sts"": 0.3333333333333333}",STS12,0.656074,-0.06761600000000001
44,mix_s033_c033_r033,"{""classification"": 0.3333333333333333, ""retrieval"": 0.3333333333333333, ""sts"": 0.3333333333333333}",SciFact,0.6094,-0.014459999999999917
44,mix_s033_c033_r033,"{""classification"": 0.3333333333333333, ""retrieval"": 0.3333333333333333, ""sts"": 0.3333333333333333}",BIOSSES,0.726691,-0.08971300000000004
44,mix_s033_c033_r033,"{""classification"": 0.3333333333333333, ""retrieval"": 0.3333333333333333, ""sts"": 0.3333333333333333}",FiQA2018,0.32209,-0.04416999999999999
44,mix_s033_c033_r033,"{""classification"": 0.3333333333333333, ""retrieval"": 0.3333333333333333, ""sts"": 0.3333333333333333}",SICK-R,0.757347,-0.018477999999999994
44,mix_s033_c033_r033,"{""classification"": 0.3333333333333333, ""retrieval"": 0.3333333333333333, ""sts"": 0.3333333333333333}",NFCorpus,0.28395,-0.030579999999999996
44,mix_s033_c033_r033,"{""classification"": 0.3333333333333333, ""retrieval"": 0.3333333333333333, ""sts"": 0.3333333333333333}",MassiveIntentClassification,0.6570285,-0.017350500000000046
44,mix_s033_c033_r033,"{""classification"": 0.3333333333333333, ""retrieval"": 0.3333333333333333, ""sts"": 0.3333333333333333}",AGNewsClassification,0.8790789473684211,0.010394736842105234
44,mix_s033_c033_r033,"{""classification"": 0.3333333333333333, ""retrieval"": 0.3333333333333333, ""sts"": 0.3333333333333333}",MSMARCORerankingGate,0.9871660331000007,0.003928842957142464
44,mix_s033_c033_r033,"{""classification"": 0.3333333333333333, ""retrieval"": 0.3333333333333333, ""sts"": 0.3333333333333333}",STSBenchmark.clean_exact,0.7704324962516003,-0.03263024686058058
44,mix_s033_c033_r033,"{""classification"": 0.3333333333333333, ""retrieval"": 0.3333333333333333, ""sts"": 0.3333333333333333}",SICK-R.clean_exact,0.7397164202293227,-0.01810487165841823
44,mix_s033_c033_r033,"{""classification"": 0.3333333333333333, ""retrieval"": 0.3333333333333333, ""sts"": 0.3333333333333333}",STS12.clean_exact,0.6554297520868062,-0.06773739490222619
44,mix_s033_c033_r033,"{""classification"": 0.3333333333333333, ""retrieval"": 0.3333333333333333, ""sts"": 0.3333333333333333}",STS13.clean_exact,0.7358197041351978,-0.06465464475051641
44,mix_s033_c033_r033,"{""classification"": 0.3333333333333333, ""retrieval"": 0.3333333333333333, ""sts"": 0.3333333333333333}",STS14.clean_exact,0.7201459864549382,-0.03902643030842878
