seed,branch,weights,task,score
42,m0,"{""m0"": 1.0}",STS14,0.755891
42,m0,"{""m0"": 1.0}",Banking77Classification,0.800422
42,m0,"{""m0"": 1.0}",RedditClustering.v2,0.510665
42,m0,"{""m0"": 1.0}",AmazonCounterfactualClassification,0.635413
42,m0,"{""m0"": 1.0}",TwentyNewsgroupsClustering.v2,0.460186
42,m0,"{""m0"": 1.0}",STSBenchmark,0.820325
42,m0,"{""m0"": 1.0}",ArguAna,0.48764
42,m0,"{""m0"": 1.0}",STS13,0.806032
42,m0,"{""m0"": 1.0}",EmotionClassification,0.4083
42,m0,"{""m0"": 1.0}",STS12,0.72369
42,m0,"{""m0"": 1.0}",SciFact,0.62386
42,m0,"{""m0"": 1.0}",BIOSSES,0.816404
42,m0,"{""m0"": 1.0}",FiQA2018,0.36626
42,m0,"{""m0"": 1.0}",SICK-R,0.775825
42,m0,"{""m0"": 1.0}",NFCorpus,0.31453
42,m0,"{""m0"": 1.0}",MassiveIntentClassification,0.6743790000000001
42,m0,"{""m0"": 1.0}",AGNewsClassification,0.8686842105263158
42,m0,"{""m0"": 1.0}",MSMARCORerankingGate,0.9838681198964297
42,m0,"{""m0"": 1.0}",STSBenchmark.clean_exact,0.8030627431121808
42,m0,"{""m0"": 1.0}",SICK-R.clean_exact,0.7578212918877409
42,m0,"{""m0"": 1.0}",STS12.clean_exact,0.7231671469890324
42,m0,"{""m0"": 1.0}",STS13.clean_exact,0.8004743488857142
42,m0,"{""m0"": 1.0}",STS14.clean_exact,0.759172416763367
42,control,"{""control"": 1.0}",STS14,0.771786
42,control,"{""control"": 1.0}",Banking77Classification,0.808117
42,control,"{""control"": 1.0}",RedditClustering.v2,0.445682
42,control,"{""control"": 1.0}",AmazonCounterfactualClassification,0.678119
42,control,"{""control"": 1.0}",TwentyNewsgroupsClustering.v2,0.422878
42,control,"{""control"": 1.0}",STSBenchmark,0.833054
42,control,"{""control"": 1.0}",ArguAna,0.48862
42,control,"{""control"": 1.0}",STS13,0.818407
42,control,"{""control"": 1.0}",EmotionClassification,0.4325
42,control,"{""control"": 1.0}",STS12,0.730634
42,control,"{""control"": 1.0}",SciFact,0.61314
42,control,"{""control"": 1.0}",BIOSSES,0.86161
42,control,"{""control"": 1.0}",FiQA2018,0.36242
42,control,"{""control"": 1.0}",SICK-R,0.765935
42,control,"{""control"": 1.0}",NFCorpus,0.31474
42,control,"{""control"": 1.0}",MassiveIntentClassification,0.6735065
42,control,"{""control"": 1.0}",AGNewsClassification,0.8526315789473684
42,control,"{""control"": 1.0}",MSMARCORerankingGate,0.982522768664287
42,control,"{""control"": 1.0}",STSBenchmark.clean_exact,0.8201031216132703
42,control,"{""control"": 1.0}",SICK-R.clean_exact,0.7474243102090491
42,control,"{""control"": 1.0}",STS12.clean_exact,0.7301442547431417
42,control,"{""control"": 1.0}",STS13.clean_exact,0.8100051604908486
42,control,"{""control"": 1.0}",STS14.clean_exact,0.7717177678810189
42,mix_s000_c000_r100,"{""classification"": 0.0, ""retrieval"": 1.0, ""sts"": 0.0}",STS14,0.760767
42,mix_s000_c000_r100,"{""classification"": 0.0, ""retrieval"": 1.0, ""sts"": 0.0}",Banking77Classification,0.806786
42,mix_s000_c000_r100,"{""classification"": 0.0, ""retrieval"": 1.0, ""sts"": 0.0}",RedditClustering.v2,0.461501
42,mix_s000_c000_r100,"{""classification"": 0.0, ""retrieval"": 1.0, ""sts"": 0.0}",AmazonCounterfactualClassification,0.645885
42,mix_s000_c000_r100,"{""classification"": 0.0, ""retrieval"": 1.0, ""sts"": 0.0}",TwentyNewsgroupsClustering.v2,0.426859
42,mix_s000_c000_r100,"{""classification"": 0.0, ""retrieval"": 1.0, ""sts"": 0.0}",STSBenchmark,0.823462
42,mix_s000_c000_r100,"{""classification"": 0.0, ""retrieval"": 1.0, ""sts"": 0.0}",ArguAna,0.49439
42,mix_s000_c000_r100,"{""classification"": 0.0, ""retrieval"": 1.0, ""sts"": 0.0}",STS13,0.798976
42,mix_s000_c000_r100,"{""classification"": 0.0, ""retrieval"": 1.0, ""sts"": 0.0}",EmotionClassification,0.4175
42,mix_s000_c000_r100,"{""classification"": 0.0, ""retrieval"": 1.0, ""sts"": 0.0}",STS12,0.724583
42,mix_s000_c000_r100,"{""classification"": 0.0, ""retrieval"": 1.0, ""sts"": 0.0}",SciFact,0.61406
42,mix_s000_c000_r100,"{""classification"": 0.0, ""retrieval"": 1.0, ""sts"": 0.0}",BIOSSES,0.829597
42,mix_s000_c000_r100,"{""classification"": 0.0, ""retrieval"": 1.0, ""sts"": 0.0}",FiQA2018,0.3658
42,mix_s000_c000_r100,"{""classification"": 0.0, ""retrieval"": 1.0, ""sts"": 0.0}",SICK-R,0.77619
42,mix_s000_c000_r100,"{""classification"": 0.0, ""retrieval"": 1.0, ""sts"": 0.0}",NFCorpus,0.30644
42,mix_s000_c000_r100,"{""classification"": 0.0, ""retrieval"": 1.0, ""sts"": 0.0}",MassiveIntentClassification,0.675751
42,mix_s000_c000_r100,"{""classification"": 0.0, ""retrieval"": 1.0, ""sts"": 0.0}",AGNewsClassification,0.8632894736842105
42,mix_s000_c000_r100,"{""classification"": 0.0, ""retrieval"": 1.0, ""sts"": 0.0}",MSMARCORerankingGate,0.9928567355642863
42,mix_s000_c000_r100,"{""classification"": 0.0, ""retrieval"": 1.0, ""sts"": 0.0}",STSBenchmark.clean_exact,0.8085714054679568
42,mix_s000_c000_r100,"{""classification"": 0.0, ""retrieval"": 1.0, ""sts"": 0.0}",SICK-R.clean_exact,0.7580267075063818
42,mix_s000_c000_r100,"{""classification"": 0.0, ""retrieval"": 1.0, ""sts"": 0.0}",STS12.clean_exact,0.7240728122785175
42,mix_s000_c000_r100,"{""classification"": 0.0, ""retrieval"": 1.0, ""sts"": 0.0}",STS13.clean_exact,0.7829577552120611
42,mix_s000_c000_r100,"{""classification"": 0.0, ""retrieval"": 1.0, ""sts"": 0.0}",STS14.clean_exact,0.7602724050587066
42,mix_s000_c020_r080,"{""classification"": 0.2, ""retrieval"": 0.8, ""sts"": 0.0}",STS14,0.760073
42,mix_s000_c020_r080,"{""classification"": 0.2, ""retrieval"": 0.8, ""sts"": 0.0}",Banking77Classification,0.80237
42,mix_s000_c020_r080,"{""classification"": 0.2, ""retrieval"": 0.8, ""sts"": 0.0}",RedditClustering.v2,0.435601
42,mix_s000_c020_r080,"{""classification"": 0.2, ""retrieval"": 0.8, ""sts"": 0.0}",AmazonCounterfactualClassification,0.65856575
42,mix_s000_c020_r080,"{""classification"": 0.2, ""retrieval"": 0.8, ""sts"": 0.0}",TwentyNewsgroupsClustering.v2,0.427154
42,mix_s000_c020_r080,"{""classification"": 0.2, ""retrieval"": 0.8, ""sts"": 0.0}",STSBenchmark,0.818408
42,mix_s000_c020_r080,"{""classification"": 0.2, ""retrieval"": 0.8, ""sts"": 0.0}",ArguAna,0.47253
42,mix_s000_c020_r080,"{""classification"": 0.2, ""retrieval"": 0.8, ""sts"": 0.0}",STS13,0.790597
42,mix_s000_c020_r080,"{""classification"": 0.2, ""retrieval"": 0.8, ""sts"": 0.0}",EmotionClassification,0.4143
42,mix_s000_c020_r080,"{""classification"": 0.2, ""retrieval"": 0.8, ""sts"": 0.0}",STS12,0.711485
42,mix_s000_c020_r080,"{""classification"": 0.2, ""retrieval"": 0.8, ""sts"": 0.0}",SciFact,0.6166
42,mix_s000_c020_r080,"{""classification"": 0.2, ""retrieval"": 0.8, ""sts"": 0.0}",BIOSSES,0.814934
42,mix_s000_c020_r080,"{""classification"": 0.2, ""retrieval"": 0.8, ""sts"": 0.0}",FiQA2018,0.36073
42,mix_s000_c020_r080,"{""classification"": 0.2, ""retrieval"": 0.8, ""sts"": 0.0}",SICK-R,0.766918
42,mix_s000_c020_r080,"{""classification"": 0.2, ""retrieval"": 0.8, ""sts"": 0.0}",NFCorpus,0.30619
42,mix_s000_c020_r080,"{""classification"": 0.2, ""retrieval"": 0.8, ""sts"": 0.0}",MassiveIntentClassification,0.6703465
42,mix_s000_c020_r080,"{""classification"": 0.2, ""retrieval"": 0.8, ""sts"": 0.0}",AGNewsClassification,0.871578947368421
42,mix_s000_c020_r080,"{""classification"": 0.2, ""retrieval"": 0.8, ""sts"": 0.0}",MSMARCORerankingGate,0.9917495248250007
42,mix_s000_c020_r080,"{""classification"": 0.2, ""retrieval"": 0.8, ""sts"": 0.0}",STSBenchmark.clean_exact,0.8006097453384516
42,mix_s000_c020_r080,"{""classification"": 0.2, ""retrieval"": 0.8, ""sts"": 0.0}",SICK-R.clean_exact,0.7492294408110746
42,mix_s000_c020_r080,"{""classification"": 0.2, ""retrieval"": 0.8, ""sts"": 0.0}",STS12.clean_exact,0.7109529785151607
42,mix_s000_c020_r080,"{""classification"": 0.2, ""retrieval"": 0.8, ""sts"": 0.0}",STS13.clean_exact,0.779587504113348
42,mix_s000_c020_r080,"{""classification"": 0.2, ""retrieval"": 0.8, ""sts"": 0.0}",STS14.clean_exact,0.758786453425459
42,mix_s000_c040_r060,"{""classification"": 0.4, ""retrieval"": 0.6, ""sts"": 0.0}",STS14,0.717559
42,mix_s000_c040_r060,"{""classification"": 0.4, ""retrieval"": 0.6, ""sts"": 0.0}",Banking77Classification,0.788929
42,mix_s000_c040_r060,"{""classification"": 0.4, ""retrieval"": 0.6, ""sts"": 0.0}",RedditClustering.v2,0.416532
42,mix_s000_c040_r060,"{""classification"": 0.4, ""retrieval"": 0.6, ""sts"": 0.0}",AmazonCounterfactualClassification,0.6594544999999999
42,mix_s000_c040_r060,"{""classification"": 0.4, ""retrieval"": 0.6, ""sts"": 0.0}",TwentyNewsgroupsClustering.v2,0.417357
42,mix_s000_c040_r060,"{""classification"": 0.4, ""retrieval"": 0.6, ""sts"": 0.0}",STSBenchmark,0.774866
42,mix_s000_c040_r060,"{""classification"": 0.4, ""retrieval"": 0.6, ""sts"": 0.0}",ArguAna,0.45006
42,mix_s000_c040_r060,"{""classification"": 0.4, ""retrieval"": 0.6, ""sts"": 0.0}",STS13,0.751518
42,mix_s000_c040_r060,"{""classification"": 0.4, ""retrieval"": 0.6, ""sts"": 0.0}",EmotionClassification,0.38845
42,mix_s000_c040_r060,"{""classification"": 0.4, ""retrieval"": 0.6, ""sts"": 0.0}",STS12,0.659812
42,mix_s000_c040_r060,"{""classification"": 0.4, ""retrieval"": 0.6, ""sts"": 0.0}",SciFact,0.61907
42,mix_s000_c040_r060,"{""classification"": 0.4, ""retrieval"": 0.6, ""sts"": 0.0}",BIOSSES,0.723167
42,mix_s000_c040_r060,"{""classification"": 0.4, ""retrieval"": 0.6, ""sts"": 0.0}",FiQA2018,0.3414
42,mix_s000_c040_r060,"{""classification"": 0.4, ""retrieval"": 0.6, ""sts"": 0.0}",SICK-R,0.752264
42,mix_s000_c040_r060,"{""classification"": 0.4, ""retrieval"": 0.6, ""sts"": 0.0}",NFCorpus,0.29042
42,mix_s000_c040_r060,"{""classification"": 0.4, ""retrieval"": 0.6, ""sts"": 0.0}",MassiveIntentClassification,0.6653255
42,mix_s000_c040_r060,"{""classification"": 0.4, ""retrieval"": 0.6, ""sts"": 0.0}",AGNewsClassification,0.8796052631578948
42,mix_s000_c040_r060,"{""classification"": 0.4, ""retrieval"": 0.6, ""sts"": 0.0}",MSMARCORerankingGate,0.9892732438392865
42,mix_s000_c040_r060,"{""classification"": 0.4, ""retrieval"": 0.6, ""sts"": 0.0}",STSBenchmark.clean_exact,0.7500277267016865
42,mix_s000_c040_r060,"{""classification"": 0.4, ""retrieval"": 0.6, ""sts"": 0.0}",SICK-R.clean_exact,0.736305899159472
42,mix_s000_c040_r060,"{""classification"": 0.4, ""retrieval"": 0.6, ""sts"": 0.0}",STS12.clean_exact,0.6591463271028873
42,mix_s000_c040_r060,"{""classification"": 0.4, ""retrieval"": 0.6, ""sts"": 0.0}",STS13.clean_exact,0.7511906937515199
42,mix_s000_c040_r060,"{""classification"": 0.4, ""retrieval"": 0.6, ""sts"": 0.0}",STS14.clean_exact,0.718060051764437
42,mix_s000_c060_r040,"{""classification"": 0.6, ""retrieval"": 0.4, ""sts"": 0.0}",STS14,0.664436
42,mix_s000_c060_r040,"{""classification"": 0.6, ""retrieval"": 0.4, ""sts"": 0.0}",Banking77Classification,0.768312
42,mix_s000_c060_r040,"{""classification"": 0.6, ""retrieval"": 0.4, ""sts"": 0.0}",RedditClustering.v2,0.401525
42,mix_s000_c060_r040,"{""classification"": 0.6, ""retrieval"": 0.4, ""sts"": 0.0}",AmazonCounterfactualClassification,0.6542142499999999
42,mix_s000_c060_r040,"{""classification"": 0.6, ""retrieval"": 0.4, ""sts"": 0.0}",TwentyNewsgroupsClustering.v2,0.424072
42,mix_s000_c060_r040,"{""classification"": 0.6, ""retrieval"": 0.4, ""sts"": 0.0}",STSBenchmark,0.739501
42,mix_s000_c060_r040,"{""classification"": 0.6, ""retrieval"": 0.4, ""sts"": 0.0}",ArguAna,0.4021
42,mix_s000_c060_r040,"{""classification"": 0.6, ""retrieval"": 0.4, ""sts"": 0.0}",STS13,0.712725
42,mix_s000_c060_r040,"{""classification"": 0.6, ""retrieval"": 0.4, ""sts"": 0.0}",EmotionClassification,0.36235
42,mix_s000_c060_r040,"{""classification"": 0.6, ""retrieval"": 0.4, ""sts"": 0.0}",STS12,0.613279
42,mix_s000_c060_r040,"{""classification"": 0.6, ""retrieval"": 0.4, ""sts"": 0.0}",SciFact,0.59282
42,mix_s000_c060_r040,"{""classification"": 0.6, ""retrieval"": 0.4, ""sts"": 0.0}",BIOSSES,0.649443
42,mix_s000_c060_r040,"{""classification"": 0.6, ""retrieval"": 0.4, ""sts"": 0.0}",FiQA2018,0.31437
42,mix_s000_c060_r040,"{""classification"": 0.6, ""retrieval"": 0.4, ""sts"": 0.0}",SICK-R,0.731956
42,mix_s000_c060_r040,"{""classification"": 0.6, ""retrieval"": 0.4, ""sts"": 0.0}",NFCorpus,0.28473
42,mix_s000_c060_r040,"{""classification"": 0.6, ""retrieval"": 0.4, ""sts"": 0.0}",MassiveIntentClassification,0.654793
42,mix_s000_c060_r040,"{""classification"": 0.6, ""retrieval"": 0.4, ""sts"": 0.0}",AGNewsClassification,0.885
42,mix_s000_c060_r040,"{""classification"": 0.6, ""retrieval"": 0.4, ""sts"": 0.0}",MSMARCORerankingGate,0.9834753306357155
42,mix_s000_c060_r040,"{""classification"": 0.6, ""retrieval"": 0.4, ""sts"": 0.0}",STSBenchmark.clean_exact,0.710473534214899
42,mix_s000_c060_r040,"{""classification"": 0.6, ""retrieval"": 0.4, ""sts"": 0.0}",SICK-R.clean_exact,0.7178316630207894
42,mix_s000_c060_r040,"{""classification"": 0.6, ""retrieval"": 0.4, ""sts"": 0.0}",STS12.clean_exact,0.6125192935791582
42,mix_s000_c060_r040,"{""classification"": 0.6, ""retrieval"": 0.4, ""sts"": 0.0}",STS13.clean_exact,0.7230115642481278
42,mix_s000_c060_r040,"{""classification"": 0.6, ""retrieval"": 0.4, ""sts"": 0.0}",STS14.clean_exact,0.66652151817904
42,mix_s000_c080_r020,"{""classification"": 0.8, ""retrieval"": 0.2, ""sts"": 0.0}",STS14,0.61697
42,mix_s000_c080_r020,"{""classification"": 0.8, ""retrieval"": 0.2, ""sts"": 0.0}",Banking77Classification,0.736266
42,mix_s000_c080_r020,"{""classification"": 0.8, ""retrieval"": 0.2, ""sts"": 0.0}",RedditClustering.v2,0.399858
42,mix_s000_c080_r020,"{""classification"": 0.8, ""retrieval"": 0.2, ""sts"": 0.0}",AmazonCounterfactualClassification,0.652584
42,mix_s000_c080_r020,"{""classification"": 0.8, ""retrieval"": 0.2, ""sts"": 0.0}",TwentyNewsgroupsClustering.v2,0.406244
42,mix_s000_c080_r020,"{""classification"": 0.8, ""retrieval"": 0.2, ""sts"": 0.0}",STSBenchmark,0.701363
42,mix_s000_c080_r020,"{""classification"": 0.8, ""retrieval"": 0.2, ""sts"": 0.0}",ArguAna,0.32616
42,mix_s000_c080_r020,"{""classification"": 0.8, ""retrieval"": 0.2, ""sts"": 0.0}",STS13,0.66611
42,mix_s000_c080_r020,"{""classification"": 0.8, ""retrieval"": 0.2, ""sts"": 0.0}",EmotionClassification,0.3363
42,mix_s000_c080_r020,"{""classification"": 0.8, ""retrieval"": 0.2, ""sts"": 0.0}",STS12,0.581405
42,mix_s000_c080_r020,"{""classification"": 0.8, ""retrieval"": 0.2, ""sts"": 0.0}",SciFact,0.55801
42,mix_s000_c080_r020,"{""classification"": 0.8, ""retrieval"": 0.2, ""sts"": 0.0}",BIOSSES,0.59552
42,mix_s000_c080_r020,"{""classification"": 0.8, ""retrieval"": 0.2, ""sts"": 0.0}",FiQA2018,0.27372
42,mix_s000_c080_r020,"{""classification"": 0.8, ""retrieval"": 0.2, ""sts"": 0.0}",SICK-R,0.707936
42,mix_s000_c080_r020,"{""classification"": 0.8, ""retrieval"": 0.2, ""sts"": 0.0}",NFCorpus,0.2702
42,mix_s000_c080_r020,"{""classification"": 0.8, ""retrieval"": 0.2, ""sts"": 0.0}",MassiveIntentClassification,0.6324915
42,mix_s000_c080_r020,"{""classification"": 0.8, ""retrieval"": 0.2, ""sts"": 0.0}",AGNewsClassification,0.8876315789473684
42,mix_s000_c080_r020,"{""classification"": 0.8, ""retrieval"": 0.2, ""sts"": 0.0}",MSMARCORerankingGate,0.9689648295545039
42,mix_s000_c080_r020,"{""classification"": 0.8, ""retrieval"": 0.2, ""sts"": 0.0}",STSBenchmark.clean_exact,0.6699088052139514
42,mix_s000_c080_r020,"{""classification"": 0.8, ""retrieval"": 0.2, ""sts"": 0.0}",SICK-R.clean_exact,0.6968688061528272
42,mix_s000_c080_r020,"{""classification"": 0.8, ""retrieval"": 0.2, ""sts"": 0.0}",STS12.clean_exact,0.5806323590516727
42,mix_s000_c080_r020,"{""classification"": 0.8, ""retrieval"": 0.2, ""sts"": 0.0}",STS13.clean_exact,0.678226892158801
42,mix_s000_c080_r020,"{""classification"": 0.8, ""retrieval"": 0.2, ""sts"": 0.0}",STS14.clean_exact,0.6251169097881653
42,mix_s000_c100_r000,"{""classification"": 1.0, ""retrieval"": 0.0, ""sts"": 0.0}",STS14,0.567914
42,mix_s000_c100_r000,"{""classification"": 1.0, ""retrieval"": 0.0, ""sts"": 0.0}",Banking77Classification,0.651656
42,mix_s000_c100_r000,"{""classification"": 1.0, ""retrieval"": 0.0, ""sts"": 0.0}",RedditClustering.v2,0.375068
42,mix_s000_c100_r000,"{""classification"": 1.0, ""retrieval"": 0.0, ""sts"": 0.0}",AmazonCounterfactualClassification,0.66799875
42,mix_s000_c100_r000,"{""classification"": 1.0, ""retrieval"": 0.0, ""sts"": 0.0}",TwentyNewsgroupsClustering.v2,0.392936
42,mix_s000_c100_r000,"{""classification"": 1.0, ""retrieval"": 0.0, ""sts"": 0.0}",STSBenchmark,0.646256
42,mix_s000_c100_r000,"{""classification"": 1.0, ""retrieval"": 0.0, ""sts"": 0.0}",ArguAna,0.18491
42,mix_s000_c100_r000,"{""classification"": 1.0, ""retrieval"": 0.0, ""sts"": 0.0}",STS13,0.613148
42,mix_s000_c100_r000,"{""classification"": 1.0, ""retrieval"": 0.0, ""sts"": 0.0}",EmotionClassification,0.29875
42,mix_s000_c100_r000,"{""classification"": 1.0, ""retrieval"": 0.0, ""sts"": 0.0}",STS12,0.561151
42,mix_s000_c100_r000,"{""classification"": 1.0, ""retrieval"": 0.0, ""sts"": 0.0}",SciFact,0.31353
42,mix_s000_c100_r000,"{""classification"": 1.0, ""retrieval"": 0.0, ""sts"": 0.0}",BIOSSES,0.478288
42,mix_s000_c100_r000,"{""classification"": 1.0, ""retrieval"": 0.0, ""sts"": 0.0}",FiQA2018,0.12405
42,mix_s000_c100_r000,"{""classification"": 1.0, ""retrieval"": 0.0, ""sts"": 0.0}",SICK-R,0.65318
42,mix_s000_c100_r000,"{""classification"": 1.0, ""retrieval"": 0.0, ""sts"": 0.0}",NFCorpus,0.11678
42,mix_s000_c100_r000,"{""classification"": 1.0, ""retrieval"": 0.0, ""sts"": 0.0}",MassiveIntentClassification,0.5797515
42,mix_s000_c100_r000,"{""classification"": 1.0, ""retrieval"": 0.0, ""sts"": 0.0}",AGNewsClassification,0.8907894736842106
42,mix_s000_c100_r000,"{""classification"": 1.0, ""retrieval"": 0.0, ""sts"": 0.0}",MSMARCORerankingGate,0.834500600905746
42,mix_s000_c100_r000,"{""classification"": 1.0, ""retrieval"": 0.0, ""sts"": 0.0}",STSBenchmark.clean_exact,0.6111271202149341
42,mix_s000_c100_r000,"{""classification"": 1.0, ""retrieval"": 0.0, ""sts"": 0.0}",SICK-R.clean_exact,0.650326791377815
42,mix_s000_c100_r000,"{""classification"": 1.0, ""retrieval"": 0.0, ""sts"": 0.0}",STS12.clean_exact,0.5603270072094689
42,mix_s000_c100_r000,"{""classification"": 1.0, ""retrieval"": 0.0, ""sts"": 0.0}",STS13.clean_exact,0.606729680064067
42,mix_s000_c100_r000,"{""classification"": 1.0, ""retrieval"": 0.0, ""sts"": 0.0}",STS14.clean_exact,0.5862915288520432
42,mix_s020_c000_r080,"{""classification"": 0.0, ""retrieval"": 0.8, ""sts"": 0.2}",STS14,0.7685
42,mix_s020_c000_r080,"{""classification"": 0.0, ""retrieval"": 0.8, ""sts"": 0.2}",Banking77Classification,0.806656
42,mix_s020_c000_r080,"{""classification"": 0.0, ""retrieval"": 0.8, ""sts"": 0.2}",RedditClustering.v2,0.476566
42,mix_s020_c000_r080,"{""classification"": 0.0, ""retrieval"": 0.8, ""sts"": 0.2}",AmazonCounterfactualClassification,0.65862425
42,mix_s020_c000_r080,"{""classification"": 0.0, ""retrieval"": 0.8, ""sts"": 0.2}",TwentyNewsgroupsClustering.v2,0.428319
42,mix_s020_c000_r080,"{""classification"": 0.0, ""retrieval"": 0.8, ""sts"": 0.2}",STSBenchmark,0.827534
42,mix_s020_c000_r080,"{""classification"": 0.0, ""retrieval"": 0.8, ""sts"": 0.2}",ArguAna,0.50107
42,mix_s020_c000_r080,"{""classification"": 0.0, ""retrieval"": 0.8, ""sts"": 0.2}",STS13,0.806082
42,mix_s020_c000_r080,"{""classification"": 0.0, ""retrieval"": 0.8, ""sts"": 0.2}",EmotionClassification,0.4202
42,mix_s020_c000_r080,"{""classification"": 0.0, ""retrieval"": 0.8, ""sts"": 0.2}",STS12,0.720088
42,mix_s020_c000_r080,"{""classification"": 0.0, ""retrieval"": 0.8, ""sts"": 0.2}",SciFact,0.62363
42,mix_s020_c000_r080,"{""classification"": 0.0, ""retrieval"": 0.8, ""sts"": 0.2}",BIOSSES,0.834061
42,mix_s020_c000_r080,"{""classification"": 0.0, ""retrieval"": 0.8, ""sts"": 0.2}",FiQA2018,0.36697
42,mix_s020_c000_r080,"{""classification"": 0.0, ""retrieval"": 0.8, ""sts"": 0.2}",SICK-R,0.779109
42,mix_s020_c000_r080,"{""classification"": 0.0, ""retrieval"": 0.8, ""sts"": 0.2}",NFCorpus,0.31038
42,mix_s020_c000_r080,"{""classification"": 0.0, ""retrieval"": 0.8, ""sts"": 0.2}",MassiveIntentClassification,0.678526
42,mix_s020_c000_r080,"{""classification"": 0.0, ""retrieval"": 0.8, ""sts"": 0.2}",AGNewsClassification,0.8671052631578947
42,mix_s020_c000_r080,"{""classification"": 0.0, ""retrieval"": 0.8, ""sts"": 0.2}",MSMARCORerankingGate,0.9928567355642863
42,mix_s020_c000_r080,"{""classification"": 0.0, ""retrieval"": 0.8, ""sts"": 0.2}",STSBenchmark.clean_exact,0.8129800900338435
42,mix_s020_c000_r080,"{""classification"": 0.0, ""retrieval"": 0.8, ""sts"": 0.2}",SICK-R.clean_exact,0.7605269450373272
42,mix_s020_c000_r080,"{""classification"": 0.0, ""retrieval"": 0.8, ""sts"": 0.2}",STS12.clean_exact,0.7195439848556586
42,mix_s020_c000_r080,"{""classification"": 0.0, ""retrieval"": 0.8, ""sts"": 0.2}",STS13.clean_exact,0.7873800764000664
42,mix_s020_c000_r080,"{""classification"": 0.0, ""retrieval"": 0.8, ""sts"": 0.2}",STS14.clean_exact,0.7654809924556427
42,mix_s020_c020_r060,"{""classification"": 0.2, ""retrieval"": 0.6, ""sts"": 0.2}",STS14,0.749211
42,mix_s020_c020_r060,"{""classification"": 0.2, ""retrieval"": 0.6, ""sts"": 0.2}",Banking77Classification,0.795097
42,mix_s020_c020_r060,"{""classification"": 0.2, ""retrieval"": 0.6, ""sts"": 0.2}",RedditClustering.v2,0.438626
42,mix_s020_c020_r060,"{""classification"": 0.2, ""retrieval"": 0.6, ""sts"": 0.2}",AmazonCounterfactualClassification,0.67569275
42,mix_s020_c020_r060,"{""classification"": 0.2, ""retrieval"": 0.6, ""sts"": 0.2}",TwentyNewsgroupsClustering.v2,0.431437
42,mix_s020_c020_r060,"{""classification"": 0.2, ""retrieval"": 0.6, ""sts"": 0.2}",STSBenchmark,0.807034
42,mix_s020_c020_r060,"{""classification"": 0.2, ""retrieval"": 0.6, ""sts"": 0.2}",ArguAna,0.471
42,mix_s020_c020_r060,"{""classification"": 0.2, ""retrieval"": 0.6, ""sts"": 0.2}",STS13,0.777249
42,mix_s020_c020_r060,"{""classification"": 0.2, ""retrieval"": 0.6, ""sts"": 0.2}",EmotionClassification,0.41095
42,mix_s020_c020_r060,"{""classification"": 0.2, ""retrieval"": 0.6, ""sts"": 0.2}",STS12,0.673909
42,mix_s020_c020_r060,"{""classification"": 0.2, ""retrieval"": 0.6, ""sts"": 0.2}",SciFact,0.62077
42,mix_s020_c020_r060,"{""classification"": 0.2, ""retrieval"": 0.6, ""sts"": 0.2}",BIOSSES,0.786518
42,mix_s020_c020_r060,"{""classification"": 0.2, ""retrieval"": 0.6, ""sts"": 0.2}",FiQA2018,0.35515
42,mix_s020_c020_r060,"{""classification"": 0.2, ""retrieval"": 0.6, ""sts"": 0.2}",SICK-R,0.774902
42,mix_s020_c020_r060,"{""classification"": 0.2, ""retrieval"": 0.6, ""sts"": 0.2}",NFCorpus,0.29956
42,mix_s020_c020_r060,"{""classification"": 0.2, ""retrieval"": 0.6, ""sts"": 0.2}",MassiveIntentClassification,0.672632
42,mix_s020_c020_r060,"{""classification"": 0.2, ""retrieval"": 0.6, ""sts"": 0.2}",AGNewsClassification,0.8760526315789474
42,mix_s020_c020_r060,"{""classification"": 0.2, ""retrieval"": 0.6, ""sts"": 0.2}",MSMARCORerankingGate,0.9921185950714291
42,mix_s020_c020_r060,"{""classification"": 0.2, ""retrieval"": 0.6, ""sts"": 0.2}",STSBenchmark.clean_exact,0.7876640825451238
42,mix_s020_c020_r060,"{""classification"": 0.2, ""retrieval"": 0.6, ""sts"": 0.2}",SICK-R.clean_exact,0.7568133613264326
42,mix_s020_c020_r060,"{""classification"": 0.2, ""retrieval"": 0.6, ""sts"": 0.2}",STS12.clean_exact,0.6733200900829669
42,mix_s020_c020_r060,"{""classification"": 0.2, ""retrieval"": 0.6, ""sts"": 0.2}",STS13.clean_exact,0.7640965009948372
42,mix_s020_c020_r060,"{""classification"": 0.2, ""retrieval"": 0.6, ""sts"": 0.2}",STS14.clean_exact,0.7443424640269033
42,mix_s020_c040_r040,"{""classification"": 0.4, ""retrieval"": 0.4, ""sts"": 0.2}",STS14,0.70639
42,mix_s020_c040_r040,"{""classification"": 0.4, ""retrieval"": 0.4, ""sts"": 0.2}",Banking77Classification,0.771948
42,mix_s020_c040_r040,"{""classification"": 0.4, ""retrieval"": 0.4, ""sts"": 0.2}",RedditClustering.v2,0.432838
42,mix_s020_c040_r040,"{""classification"": 0.4, ""retrieval"": 0.4, ""sts"": 0.2}",AmazonCounterfactualClassification,0.6690327500000001
42,mix_s020_c040_r040,"{""classification"": 0.4, ""retrieval"": 0.4, ""sts"": 0.2}",TwentyNewsgroupsClustering.v2,0.439072
42,mix_s020_c040_r040,"{""classification"": 0.4, ""retrieval"": 0.4, ""sts"": 0.2}",STSBenchmark,0.778512
42,mix_s020_c040_r040,"{""classification"": 0.4, ""retrieval"": 0.4, ""sts"": 0.2}",ArguAna,0.4447
42,mix_s020_c040_r040,"{""classification"": 0.4, ""retrieval"": 0.4, ""sts"": 0.2}",STS13,0.742461
42,mix_s020_c040_r040,"{""classification"": 0.4, ""retrieval"": 0.4, ""sts"": 0.2}",EmotionClassification,0.3788
42,mix_s020_c040_r040,"{""classification"": 0.4, ""retrieval"": 0.4, ""sts"": 0.2}",STS12,0.625683
42,mix_s020_c040_r040,"{""classification"": 0.4, ""retrieval"": 0.4, ""sts"": 0.2}",SciFact,0.61242
42,mix_s020_c040_r040,"{""classification"": 0.4, ""retrieval"": 0.4, ""sts"": 0.2}",BIOSSES,0.705914
42,mix_s020_c040_r040,"{""classification"": 0.4, ""retrieval"": 0.4, ""sts"": 0.2}",FiQA2018,0.32624
42,mix_s020_c040_r040,"{""classification"": 0.4, ""retrieval"": 0.4, ""sts"": 0.2}",SICK-R,0.761196
42,mix_s020_c040_r040,"{""classification"": 0.4, ""retrieval"": 0.4, ""sts"": 0.2}",NFCorpus,0.28751
42,mix_s020_c040_r040,"{""classification"": 0.4, ""retrieval"": 0.4, ""sts"": 0.2}",MassiveIntentClassification,0.660353
42,mix_s020_c040_r040,"{""classification"": 0.4, ""retrieval"": 0.4, ""sts"": 0.2}",AGNewsClassification,0.8796052631578948
42,mix_s020_c040_r040,"{""classification"": 0.4, ""retrieval"": 0.4, ""sts"": 0.2}",MSMARCORerankingGate,0.9879278926071438
42,mix_s020_c040_r040,"{""classification"": 0.4, ""retrieval"": 0.4, ""sts"": 0.2}",STSBenchmark.clean_exact,0.7539371598933342
42,mix_s020_c040_r040,"{""classification"": 0.4, ""retrieval"": 0.4, ""sts"": 0.2}",SICK-R.clean_exact,0.7441442815474247
42,mix_s020_c040_r040,"{""classification"": 0.4, ""retrieval"": 0.4, ""sts"": 0.2}",STS12.clean_exact,0.6250224499835505
42,mix_s020_c040_r040,"{""classification"": 0.4, ""retrieval"": 0.4, ""sts"": 0.2}",STS13.clean_exact,0.7360956794950447
42,mix_s020_c040_r040,"{""classification"": 0.4, ""retrieval"": 0.4, ""sts"": 0.2}",STS14.clean_exact,0.699439093888521
42,mix_s020_c060_r020,"{""classification"": 0.6, ""retrieval"": 0.2, ""sts"": 0.2}",STS14,0.666645
42,mix_s020_c060_r020,"{""classification"": 0.6, ""retrieval"": 0.2, ""sts"": 0.2}",Banking77Classification,0.735682
42,mix_s020_c060_r020,"{""classification"": 0.6, ""retrieval"": 0.2, ""sts"": 0.2}",RedditClustering.v2,0.41926
42,mix_s020_c060_r020,"{""classification"": 0.6, ""retrieval"": 0.2, ""sts"": 0.2}",AmazonCounterfactualClassification,0.66624575
42,mix_s020_c060_r020,"{""classification"": 0.6, ""retrieval"": 0.2, ""sts"": 0.2}",TwentyNewsgroupsClustering.v2,0.417312
42,mix_s020_c060_r020,"{""classification"": 0.6, ""retrieval"": 0.2, ""sts"": 0.2}",STSBenchmark,0.747354
42,mix_s020_c060_r020,"{""classification"": 0.6, ""retrieval"": 0.2, ""sts"": 0.2}",ArguAna,0.37364
42,mix_s020_c060_r020,"{""classification"": 0.6, ""retrieval"": 0.2, ""sts"": 0.2}",STS13,0.709414
42,mix_s020_c060_r020,"{""classification"": 0.6, ""retrieval"": 0.2, ""sts"": 0.2}",EmotionClassification,0.35025
42,mix_s020_c060_r020,"{""classification"": 0.6, ""retrieval"": 0.2, ""sts"": 0.2}",STS12,0.586954
42,mix_s020_c060_r020,"{""classification"": 0.6, ""retrieval"": 0.2, ""sts"": 0.2}",SciFact,0.56469
42,mix_s020_c060_r020,"{""classification"": 0.6, ""retrieval"": 0.2, ""sts"": 0.2}",BIOSSES,0.634924
42,mix_s020_c060_r020,"{""classification"": 0.6, ""retrieval"": 0.2, ""sts"": 0.2}",FiQA2018,0.2854
42,mix_s020_c060_r020,"{""classification"": 0.6, ""retrieval"": 0.2, ""sts"": 0.2}",SICK-R,0.739695
42,mix_s020_c060_r020,"{""classification"": 0.6, ""retrieval"": 0.2, ""sts"": 0.2}",NFCorpus,0.2684
42,mix_s020_c060_r020,"{""classification"": 0.6, ""retrieval"": 0.2, ""sts"": 0.2}",MassiveIntentClassification,0.6382905
42,mix_s020_c060_r020,"{""classification"": 0.6, ""retrieval"": 0.2, ""sts"": 0.2}",AGNewsClassification,0.8855263157894737
42,mix_s020_c060_r020,"{""classification"": 0.6, ""retrieval"": 0.2, ""sts"": 0.2}",MSMARCORerankingGate,0.9762390237437891
42,mix_s020_c060_r020,"{""classification"": 0.6, ""retrieval"": 0.2, ""sts"": 0.2}",STSBenchmark.clean_exact,0.7164601161173736
42,mix_s020_c060_r020,"{""classification"": 0.6, ""retrieval"": 0.2, ""sts"": 0.2}",SICK-R.clean_exact,0.7232162289602966
42,mix_s020_c060_r020,"{""classification"": 0.6, ""retrieval"": 0.2, ""sts"": 0.2}",STS12.clean_exact,0.5861947441799245
42,mix_s020_c060_r020,"{""classification"": 0.6, ""retrieval"": 0.2, ""sts"": 0.2}",STS13.clean_exact,0.7022273361228735
42,mix_s020_c060_r020,"{""classification"": 0.6, ""retrieval"": 0.2, ""sts"": 0.2}",STS14.clean_exact,0.6593846250610749
42,mix_s020_c080_r000,"{""classification"": 0.8, ""retrieval"": 0.0, ""sts"": 0.2}",STS14,0.671481
42,mix_s020_c080_r000,"{""classification"": 0.8, ""retrieval"": 0.0, ""sts"": 0.2}",Banking77Classification,0.660455
42,mix_s020_c080_r000,"{""classification"": 0.8, ""retrieval"": 0.0, ""sts"": 0.2}",RedditClustering.v2,0.408686
42,mix_s020_c080_r000,"{""classification"": 0.8, ""retrieval"": 0.0, ""sts"": 0.2}",AmazonCounterfactualClassification,0.6690814999999999
42,mix_s020_c080_r000,"{""classification"": 0.8, ""retrieval"": 0.0, ""sts"": 0.2}",TwentyNewsgroupsClustering.v2,0.410123
42,mix_s020_c080_r000,"{""classification"": 0.8, ""retrieval"": 0.0, ""sts"": 0.2}",STSBenchmark,0.741439
42,mix_s020_c080_r000,"{""classification"": 0.8, ""retrieval"": 0.0, ""sts"": 0.2}",ArguAna,0.25072
42,mix_s020_c080_r000,"{""classification"": 0.8, ""retrieval"": 0.0, ""sts"": 0.2}",STS13,0.712978
42,mix_s020_c080_r000,"{""classification"": 0.8, ""retrieval"": 0.0, ""sts"": 0.2}",EmotionClassification,0.3199
42,mix_s020_c080_r000,"{""classification"": 0.8, ""retrieval"": 0.0, ""sts"": 0.2}",STS12,0.606524
42,mix_s020_c080_r000,"{""classification"": 0.8, ""retrieval"": 0.0, ""sts"": 0.2}",SciFact,0.41648
42,mix_s020_c080_r000,"{""classification"": 0.8, ""retrieval"": 0.0, ""sts"": 0.2}",BIOSSES,0.603863
42,mix_s020_c080_r000,"{""classification"": 0.8, ""retrieval"": 0.0, ""sts"": 0.2}",FiQA2018,0.17025
42,mix_s020_c080_r000,"{""classification"": 0.8, ""retrieval"": 0.0, ""sts"": 0.2}",SICK-R,0.727065
42,mix_s020_c080_r000,"{""classification"": 0.8, ""retrieval"": 0.0, ""sts"": 0.2}",NFCorpus,0.16813
42,mix_s020_c080_r000,"{""classification"": 0.8, ""retrieval"": 0.0, ""sts"": 0.2}",MassiveIntentClassification,0.588381
42,mix_s020_c080_r000,"{""classification"": 0.8, ""retrieval"": 0.0, ""sts"": 0.2}",AGNewsClassification,0.8875
42,mix_s020_c080_r000,"{""classification"": 0.8, ""retrieval"": 0.0, ""sts"": 0.2}",MSMARCORerankingGate,0.8824772414248961
42,mix_s020_c080_r000,"{""classification"": 0.8, ""retrieval"": 0.0, ""sts"": 0.2}",STSBenchmark.clean_exact,0.7080869428408593
42,mix_s020_c080_r000,"{""classification"": 0.8, ""retrieval"": 0.0, ""sts"": 0.2}",SICK-R.clean_exact,0.7103224193890522
42,mix_s020_c080_r000,"{""classification"": 0.8, ""retrieval"": 0.0, ""sts"": 0.2}",STS12.clean_exact,0.6058075711524531
42,mix_s020_c080_r000,"{""classification"": 0.8, ""retrieval"": 0.0, ""sts"": 0.2}",STS13.clean_exact,0.6827643727814435
42,mix_s020_c080_r000,"{""classification"": 0.8, ""retrieval"": 0.0, ""sts"": 0.2}",STS14.clean_exact,0.6647844398074103
42,mix_s040_c000_r060,"{""classification"": 0.0, ""retrieval"": 0.6, ""sts"": 0.4}",STS14,0.773135
42,mix_s040_c000_r060,"{""classification"": 0.0, ""retrieval"": 0.6, ""sts"": 0.4}",Banking77Classification,0.804481
42,mix_s040_c000_r060,"{""classification"": 0.0, ""retrieval"": 0.6, ""sts"": 0.4}",RedditClustering.v2,0.474622
42,mix_s040_c000_r060,"{""classification"": 0.0, ""retrieval"": 0.6, ""sts"": 0.4}",AmazonCounterfactualClassification,0.66619875
42,mix_s040_c000_r060,"{""classification"": 0.0, ""retrieval"": 0.6, ""sts"": 0.4}",TwentyNewsgroupsClustering.v2,0.445477
42,mix_s040_c000_r060,"{""classification"": 0.0, ""retrieval"": 0.6, ""sts"": 0.4}",STSBenchmark,0.825602
42,mix_s040_c000_r060,"{""classification"": 0.0, ""retrieval"": 0.6, ""sts"": 0.4}",ArguAna,0.49623
42,mix_s040_c000_r060,"{""classification"": 0.0, ""retrieval"": 0.6, ""sts"": 0.4}",STS13,0.801961
42,mix_s040_c000_r060,"{""classification"": 0.0, ""retrieval"": 0.6, ""sts"": 0.4}",EmotionClassification,0.41935
42,mix_s040_c000_r060,"{""classification"": 0.0, ""retrieval"": 0.6, ""sts"": 0.4}",STS12,0.715756
42,mix_s040_c000_r060,"{""classification"": 0.0, ""retrieval"": 0.6, ""sts"": 0.4}",SciFact,0.62073
42,mix_s040_c000_r060,"{""classification"": 0.0, ""retrieval"": 0.6, ""sts"": 0.4}",BIOSSES,0.818356
42,mix_s040_c000_r060,"{""classification"": 0.0, ""retrieval"": 0.6, ""sts"": 0.4}",FiQA2018,0.36579
42,mix_s040_c000_r060,"{""classification"": 0.0, ""retrieval"": 0.6, ""sts"": 0.4}",SICK-R,0.780037
42,mix_s040_c000_r060,"{""classification"": 0.0, ""retrieval"": 0.6, ""sts"": 0.4}",NFCorpus,0.30534
42,mix_s040_c000_r060,"{""classification"": 0.0, ""retrieval"": 0.6, ""sts"": 0.4}",MassiveIntentClassification,0.6797394999999999
42,mix_s040_c000_r060,"{""classification"": 0.0, ""retrieval"": 0.6, ""sts"": 0.4}",AGNewsClassification,0.8728947368421053
42,mix_s040_c000_r060,"{""classification"": 0.0, ""retrieval"": 0.6, ""sts"": 0.4}",MSMARCORerankingGate,0.9924876653178576
42,mix_s040_c000_r060,"{""classification"": 0.0, ""retrieval"": 0.6, ""sts"": 0.4}",STSBenchmark.clean_exact,0.8112812512701811
42,mix_s040_c000_r060,"{""classification"": 0.0, ""retrieval"": 0.6, ""sts"": 0.4}",SICK-R.clean_exact,0.760610696271875
42,mix_s040_c000_r060,"{""classification"": 0.0, ""retrieval"": 0.6, ""sts"": 0.4}",STS12.clean_exact,0.7152397899346173
42,mix_s040_c000_r060,"{""classification"": 0.0, ""retrieval"": 0.6, ""sts"": 0.4}",STS13.clean_exact,0.7786594952947552
42,mix_s040_c000_r060,"{""classification"": 0.0, ""retrieval"": 0.6, ""sts"": 0.4}",STS14.clean_exact,0.7692874261066707
42,mix_s040_c020_r040,"{""classification"": 0.2, ""retrieval"": 0.4, ""sts"": 0.4}",STS14,0.748356
42,mix_s040_c020_r040,"{""classification"": 0.2, ""retrieval"": 0.4, ""sts"": 0.4}",Banking77Classification,0.783994
42,mix_s040_c020_r040,"{""classification"": 0.2, ""retrieval"": 0.4, ""sts"": 0.4}",RedditClustering.v2,0.438732
42,mix_s040_c020_r040,"{""classification"": 0.2, ""retrieval"": 0.4, ""sts"": 0.4}",AmazonCounterfactualClassification,0.67928575
42,mix_s040_c020_r040,"{""classification"": 0.2, ""retrieval"": 0.4, ""sts"": 0.4}",TwentyNewsgroupsClustering.v2,0.436417
42,mix_s040_c020_r040,"{""classification"": 0.2, ""retrieval"": 0.4, ""sts"": 0.4}",STSBenchmark,0.803836
42,mix_s040_c020_r040,"{""classification"": 0.2, ""retrieval"": 0.4, ""sts"": 0.4}",ArguAna,0.48123
42,mix_s040_c020_r040,"{""classification"": 0.2, ""retrieval"": 0.4, ""sts"": 0.4}",STS13,0.773046
42,mix_s040_c020_r040,"{""classification"": 0.2, ""retrieval"": 0.4, ""sts"": 0.4}",EmotionClassification,0.405
42,mix_s040_c020_r040,"{""classification"": 0.2, ""retrieval"": 0.4, ""sts"": 0.4}",STS12,0.671934
42,mix_s040_c020_r040,"{""classification"": 0.2, ""retrieval"": 0.4, ""sts"": 0.4}",SciFact,0.6224
42,mix_s040_c020_r040,"{""classification"": 0.2, ""retrieval"": 0.4, ""sts"": 0.4}",BIOSSES,0.763276
42,mix_s040_c020_r040,"{""classification"": 0.2, ""retrieval"": 0.4, ""sts"": 0.4}",FiQA2018,0.34354
42,mix_s040_c020_r040,"{""classification"": 0.2, ""retrieval"": 0.4, ""sts"": 0.4}",SICK-R,0.773556
42,mix_s040_c020_r040,"{""classification"": 0.2, ""retrieval"": 0.4, ""sts"": 0.4}",NFCorpus,0.29319
42,mix_s040_c020_r040,"{""classification"": 0.2, ""retrieval"": 0.4, ""sts"": 0.4}",MassiveIntentClassification,0.6696679999999999
42,mix_s040_c020_r040,"{""classification"": 0.2, ""retrieval"": 0.4, ""sts"": 0.4}",AGNewsClassification,0.8777631578947368
42,mix_s040_c020_r040,"{""classification"": 0.2, ""retrieval"": 0.4, ""sts"": 0.4}",MSMARCORerankingGate,0.990642314085715
42,mix_s040_c020_r040,"{""classification"": 0.2, ""retrieval"": 0.4, ""sts"": 0.4}",STSBenchmark.clean_exact,0.7838754283871724
42,mix_s040_c020_r040,"{""classification"": 0.2, ""retrieval"": 0.4, ""sts"": 0.4}",SICK-R.clean_exact,0.7549356491751287
42,mix_s040_c020_r040,"{""classification"": 0.2, ""retrieval"": 0.4, ""sts"": 0.4}",STS12.clean_exact,0.6713525834160292
42,mix_s040_c020_r040,"{""classification"": 0.2, ""retrieval"": 0.4, ""sts"": 0.4}",STS13.clean_exact,0.7554532681837274
42,mix_s040_c020_r040,"{""classification"": 0.2, ""retrieval"": 0.4, ""sts"": 0.4}",STS14.clean_exact,0.7424985915697642
42,mix_s040_c040_r020,"{""classification"": 0.4, ""retrieval"": 0.2, ""sts"": 0.4}",STS14,0.71976
42,mix_s040_c040_r020,"{""classification"": 0.4, ""retrieval"": 0.2, ""sts"": 0.4}",Banking77Classification,0.748117
42,mix_s040_c040_r020,"{""classification"": 0.4, ""retrieval"": 0.2, ""sts"": 0.4}",RedditClustering.v2,0.435626
42,mix_s040_c040_r020,"{""classification"": 0.4, ""retrieval"": 0.2, ""sts"": 0.4}",AmazonCounterfactualClassification,0.67357175
42,mix_s040_c040_r020,"{""classification"": 0.4, ""retrieval"": 0.2, ""sts"": 0.4}",TwentyNewsgroupsClustering.v2,0.431342
42,mix_s040_c040_r020,"{""classification"": 0.4, ""retrieval"": 0.2, ""sts"": 0.4}",STSBenchmark,0.795743
42,mix_s040_c040_r020,"{""classification"": 0.4, ""retrieval"": 0.2, ""sts"": 0.4}",ArguAna,0.42296
42,mix_s040_c040_r020,"{""classification"": 0.4, ""retrieval"": 0.2, ""sts"": 0.4}",STS13,0.75078
42,mix_s040_c040_r020,"{""classification"": 0.4, ""retrieval"": 0.2, ""sts"": 0.4}",EmotionClassification,0.3741
42,mix_s040_c040_r020,"{""classification"": 0.4, ""retrieval"": 0.2, ""sts"": 0.4}",STS12,0.651178
42,mix_s040_c040_r020,"{""classification"": 0.4, ""retrieval"": 0.2, ""sts"": 0.4}",SciFact,0.58577
42,mix_s040_c040_r020,"{""classification"": 0.4, ""retrieval"": 0.2, ""sts"": 0.4}",BIOSSES,0.692178
42,mix_s040_c040_r020,"{""classification"": 0.4, ""retrieval"": 0.2, ""sts"": 0.4}",FiQA2018,0.29867
42,mix_s040_c040_r020,"{""classification"": 0.4, ""retrieval"": 0.2, ""sts"": 0.4}",SICK-R,0.760333
42,mix_s040_c040_r020,"{""classification"": 0.4, ""retrieval"": 0.2, ""sts"": 0.4}",NFCorpus,0.27124
42,mix_s040_c040_r020,"{""classification"": 0.4, ""retrieval"": 0.2, ""sts"": 0.4}",MassiveIntentClassification,0.6454895
42,mix_s040_c040_r020,"{""classification"": 0.4, ""retrieval"": 0.2, ""sts"": 0.4}",AGNewsClassification,0.8814473684210526
42,mix_s040_c040_r020,"{""classification"": 0.4, ""retrieval"": 0.2, ""sts"": 0.4}",MSMARCORerankingGate,0.9837371901428582
42,mix_s040_c040_r020,"{""classification"": 0.4, ""retrieval"": 0.2, ""sts"": 0.4}",STSBenchmark.clean_exact,0.7716549894351478
42,mix_s040_c040_r020,"{""classification"": 0.4, ""retrieval"": 0.2, ""sts"": 0.4}",SICK-R.clean_exact,0.7427037340031954
42,mix_s040_c040_r020,"{""classification"": 0.4, ""retrieval"": 0.2, ""sts"": 0.4}",STS12.clean_exact,0.6505295274941733
42,mix_s040_c040_r020,"{""classification"": 0.4, ""retrieval"": 0.2, ""sts"": 0.4}",STS13.clean_exact,0.7324548890512996
42,mix_s040_c040_r020,"{""classification"": 0.4, ""retrieval"": 0.2, ""sts"": 0.4}",STS14.clean_exact,0.7115948618344526
42,mix_s040_c060_r000,"{""classification"": 0.6, ""retrieval"": 0.0, ""sts"": 0.4}",STS14,0.737885
42,mix_s040_c060_r000,"{""classification"": 0.6, ""retrieval"": 0.0, ""sts"": 0.4}",Banking77Classification,0.686201
42,mix_s040_c060_r000,"{""classification"": 0.6, ""retrieval"": 0.0, ""sts"": 0.4}",RedditClustering.v2,0.428979
42,mix_s040_c060_r000,"{""classification"": 0.6, ""retrieval"": 0.0, ""sts"": 0.4}",AmazonCounterfactualClassification,0.672895
42,mix_s040_c060_r000,"{""classification"": 0.6, ""retrieval"": 0.0, ""sts"": 0.4}",TwentyNewsgroupsClustering.v2,0.42236
42,mix_s040_c060_r000,"{""classification"": 0.6, ""retrieval"": 0.0, ""sts"": 0.4}",STSBenchmark,0.810483
42,mix_s040_c060_r000,"{""classification"": 0.6, ""retrieval"": 0.0, ""sts"": 0.4}",ArguAna,0.33845
42,mix_s040_c060_r000,"{""classification"": 0.6, ""retrieval"": 0.0, ""sts"": 0.4}",STS13,0.768579
42,mix_s040_c060_r000,"{""classification"": 0.6, ""retrieval"": 0.0, ""sts"": 0.4}",EmotionClassification,0.34975
42,mix_s040_c060_r000,"{""classification"": 0.6, ""retrieval"": 0.0, ""sts"": 0.4}",STS12,0.679079
42,mix_s040_c060_r000,"{""classification"": 0.6, ""retrieval"": 0.0, ""sts"": 0.4}",SciFact,0.49802
42,mix_s040_c060_r000,"{""classification"": 0.6, ""retrieval"": 0.0, ""sts"": 0.4}",BIOSSES,0.673353
42,mix_s040_c060_r000,"{""classification"": 0.6, ""retrieval"": 0.0, ""sts"": 0.4}",FiQA2018,0.2181
42,mix_s040_c060_r000,"{""classification"": 0.6, ""retrieval"": 0.0, ""sts"": 0.4}",SICK-R,0.754276
42,mix_s040_c060_r000,"{""classification"": 0.6, ""retrieval"": 0.0, ""sts"": 0.4}",NFCorpus,0.2044
42,mix_s040_c060_r000,"{""classification"": 0.6, ""retrieval"": 0.0, ""sts"": 0.4}",MassiveIntentClassification,0.606848
42,mix_s040_c060_r000,"{""classification"": 0.6, ""retrieval"": 0.0, ""sts"": 0.4}",AGNewsClassification,0.8847368421052632
42,mix_s040_c060_r000,"{""classification"": 0.6, ""retrieval"": 0.0, ""sts"": 0.4}",MSMARCORerankingGate,0.9223744208025099
42,mix_s040_c060_r000,"{""classification"": 0.6, ""retrieval"": 0.0, ""sts"": 0.4}",STSBenchmark.clean_exact,0.7863896484643024
42,mix_s040_c060_r000,"{""classification"": 0.6, ""retrieval"": 0.0, ""sts"": 0.4}",SICK-R.clean_exact,0.7366427855911752
42,mix_s040_c060_r000,"{""classification"": 0.6, ""retrieval"": 0.0, ""sts"": 0.4}",STS12.clean_exact,0.6784968984111457
42,mix_s040_c060_r000,"{""classification"": 0.6, ""retrieval"": 0.0, ""sts"": 0.4}",STS13.clean_exact,0.7382274262195831
42,mix_s040_c060_r000,"{""classification"": 0.6, ""retrieval"": 0.0, ""sts"": 0.4}",STS14.clean_exact,0.72903108886442
42,mix_s060_c000_r040,"{""classification"": 0.0, ""retrieval"": 0.4, ""sts"": 0.6}",STS14,0.773475
42,mix_s060_c000_r040,"{""classification"": 0.0, ""retrieval"": 0.4, ""sts"": 0.6}",Banking77Classification,0.792532
42,mix_s060_c000_r040,"{""classification"": 0.0, ""retrieval"": 0.4, ""sts"": 0.6}",RedditClustering.v2,0.457711
42,mix_s060_c000_r040,"{""classification"": 0.0, ""retrieval"": 0.4, ""sts"": 0.6}",AmazonCounterfactualClassification,0.6727957499999999
42,mix_s060_c000_r040,"{""classification"": 0.0, ""retrieval"": 0.4, ""sts"": 0.6}",TwentyNewsgroupsClustering.v2,0.427441
42,mix_s060_c000_r040,"{""classification"": 0.0, ""retrieval"": 0.4, ""sts"": 0.6}",STSBenchmark,0.830858
42,mix_s060_c000_r040,"{""classification"": 0.0, ""retrieval"": 0.4, ""sts"": 0.6}",ArguAna,0.50283
42,mix_s060_c000_r040,"{""classification"": 0.0, ""retrieval"": 0.4, ""sts"": 0.6}",STS13,0.793349
42,mix_s060_c000_r040,"{""classification"": 0.0, ""retrieval"": 0.4, ""sts"": 0.6}",EmotionClassification,0.41425
42,mix_s060_c000_r040,"{""classification"": 0.0, ""retrieval"": 0.4, ""sts"": 0.6}",STS12,0.725142
42,mix_s060_c000_r040,"{""classification"": 0.0, ""retrieval"": 0.4, ""sts"": 0.6}",SciFact,0.62301
42,mix_s060_c000_r040,"{""classification"": 0.0, ""retrieval"": 0.4, ""sts"": 0.6}",BIOSSES,0.808934
42,mix_s060_c000_r040,"{""classification"": 0.0, ""retrieval"": 0.4, ""sts"": 0.6}",FiQA2018,0.34127
42,mix_s060_c000_r040,"{""classification"": 0.0, ""retrieval"": 0.4, ""sts"": 0.6}",SICK-R,0.780087
42,mix_s060_c000_r040,"{""classification"": 0.0, ""retrieval"": 0.4, ""sts"": 0.6}",NFCorpus,0.29774
42,mix_s060_c000_r040,"{""classification"": 0.0, ""retrieval"": 0.4, ""sts"": 0.6}",MassiveIntentClassification,0.6780729999999999
42,mix_s060_c000_r040,"{""classification"": 0.0, ""retrieval"": 0.4, ""sts"": 0.6}",AGNewsClassification,0.8728947368421053
42,mix_s060_c000_r040,"{""classification"": 0.0, ""retrieval"": 0.4, ""sts"": 0.6}",MSMARCORerankingGate,0.9917495248250007
42,mix_s060_c000_r040,"{""classification"": 0.0, ""retrieval"": 0.4, ""sts"": 0.6}",STSBenchmark.clean_exact,0.8144746878955264
42,mix_s060_c000_r040,"{""classification"": 0.0, ""retrieval"": 0.4, ""sts"": 0.6}",SICK-R.clean_exact,0.7607495142398586
42,mix_s060_c000_r040,"{""classification"": 0.0, ""retrieval"": 0.4, ""sts"": 0.6}",STS12.clean_exact,0.724646868624008
42,mix_s060_c000_r040,"{""classification"": 0.0, ""retrieval"": 0.4, ""sts"": 0.6}",STS13.clean_exact,0.7649871004235429
42,mix_s060_c000_r040,"{""classification"": 0.0, ""retrieval"": 0.4, ""sts"": 0.6}",STS14.clean_exact,0.7680380504530786
42,mix_s060_c020_r020,"{""classification"": 0.2, ""retrieval"": 0.2, ""sts"": 0.6}",STS14,0.758721
42,mix_s060_c020_r020,"{""classification"": 0.2, ""retrieval"": 0.2, ""sts"": 0.6}",Banking77Classification,0.759188
42,mix_s060_c020_r020,"{""classification"": 0.2, ""retrieval"": 0.2, ""sts"": 0.6}",RedditClustering.v2,0.451513
42,mix_s060_c020_r020,"{""classification"": 0.2, ""retrieval"": 0.2, ""sts"": 0.6}",AmazonCounterfactualClassification,0.6758244999999999
42,mix_s060_c020_r020,"{""classification"": 0.2, ""retrieval"": 0.2, ""sts"": 0.6}",TwentyNewsgroupsClustering.v2,0.430543
42,mix_s060_c020_r020,"{""classification"": 0.2, ""retrieval"": 0.2, ""sts"": 0.6}",STSBenchmark,0.823289
42,mix_s060_c020_r020,"{""classification"": 0.2, ""retrieval"": 0.2, ""sts"": 0.6}",ArguAna,0.46777
42,mix_s060_c020_r020,"{""classification"": 0.2, ""retrieval"": 0.2, ""sts"": 0.6}",STS13,0.777568
42,mix_s060_c020_r020,"{""classification"": 0.2, ""retrieval"": 0.2, ""sts"": 0.6}",EmotionClassification,0.4006
42,mix_s060_c020_r020,"{""classification"": 0.2, ""retrieval"": 0.2, ""sts"": 0.6}",STS12,0.701651
42,mix_s060_c020_r020,"{""classification"": 0.2, ""retrieval"": 0.2, ""sts"": 0.6}",SciFact,0.60428
42,mix_s060_c020_r020,"{""classification"": 0.2, ""retrieval"": 0.2, ""sts"": 0.6}",BIOSSES,0.733679
42,mix_s060_c020_r020,"{""classification"": 0.2, ""retrieval"": 0.2, ""sts"": 0.6}",FiQA2018,0.30607
42,mix_s060_c020_r020,"{""classification"": 0.2, ""retrieval"": 0.2, ""sts"": 0.6}",SICK-R,0.773781
42,mix_s060_c020_r020,"{""classification"": 0.2, ""retrieval"": 0.2, ""sts"": 0.6}",NFCorpus,0.27103
42,mix_s060_c020_r020,"{""classification"": 0.2, ""retrieval"": 0.2, ""sts"": 0.6}",MassiveIntentClassification,0.656185
42,mix_s060_c020_r020,"{""classification"": 0.2, ""retrieval"": 0.2, ""sts"": 0.6}",AGNewsClassification,0.8792105263157894
42,mix_s060_c020_r020,"{""classification"": 0.2, ""retrieval"": 0.2, ""sts"": 0.6}",MSMARCORerankingGate,0.9897732438392864
42,mix_s060_c020_r020,"{""classification"": 0.2, ""retrieval"": 0.2, ""sts"": 0.6}",STSBenchmark.clean_exact,0.8022045524059866
42,mix_s060_c020_r020,"{""classification"": 0.2, ""retrieval"": 0.2, ""sts"": 0.6}",SICK-R.clean_exact,0.7550748294494816
42,mix_s060_c020_r020,"{""classification"": 0.2, ""retrieval"": 0.2, ""sts"": 0.6}",STS12.clean_exact,0.7011013077057751
42,mix_s060_c020_r020,"{""classification"": 0.2, ""retrieval"": 0.2, ""sts"": 0.6}",STS13.clean_exact,0.7525753758677172
42,mix_s060_c020_r020,"{""classification"": 0.2, ""retrieval"": 0.2, ""sts"": 0.6}",STS14.clean_exact,0.7515991598534626
42,mix_s060_c040_r000,"{""classification"": 0.4, ""retrieval"": 0.0, ""sts"": 0.6}",STS14,0.772945
42,mix_s060_c040_r000,"{""classification"": 0.4, ""retrieval"": 0.0, ""sts"": 0.6}",Banking77Classification,0.718019
42,mix_s060_c040_r000,"{""classification"": 0.4, ""retrieval"": 0.0, ""sts"": 0.6}",RedditClustering.v2,0.454603
42,mix_s060_c040_r000,"{""classification"": 0.4, ""retrieval"": 0.0, ""sts"": 0.6}",AmazonCounterfactualClassification,0.6815115
42,mix_s060_c040_r000,"{""classification"": 0.4, ""retrieval"": 0.0, ""sts"": 0.6}",TwentyNewsgroupsClustering.v2,0.438511
42,mix_s060_c040_r000,"{""classification"": 0.4, ""retrieval"": 0.0, ""sts"": 0.6}",STSBenchmark,0.832702
42,mix_s060_c040_r000,"{""classification"": 0.4, ""retrieval"": 0.0, ""sts"": 0.6}",ArguAna,0.38642
42,mix_s060_c040_r000,"{""classification"": 0.4, ""retrieval"": 0.0, ""sts"": 0.6}",STS13,0.795625
42,mix_s060_c040_r000,"{""classification"": 0.4, ""retrieval"": 0.0, ""sts"": 0.6}",EmotionClassification,0.37255
42,mix_s060_c040_r000,"{""classification"": 0.4, ""retrieval"": 0.0, ""sts"": 0.6}",STS12,0.713727
42,mix_s060_c040_r000,"{""classification"": 0.4, ""retrieval"": 0.0, ""sts"": 0.6}",SciFact,0.52392
42,mix_s060_c040_r000,"{""classification"": 0.4, ""retrieval"": 0.0, ""sts"": 0.6}",BIOSSES,0.71383
42,mix_s060_c040_r000,"{""classification"": 0.4, ""retrieval"": 0.0, ""sts"": 0.6}",FiQA2018,0.25568
42,mix_s060_c040_r000,"{""classification"": 0.4, ""retrieval"": 0.0, ""sts"": 0.6}",SICK-R,0.765764
42,mix_s060_c040_r000,"{""classification"": 0.4, ""retrieval"": 0.0, ""sts"": 0.6}",NFCorpus,0.22442
42,mix_s060_c040_r000,"{""classification"": 0.4, ""retrieval"": 0.0, ""sts"": 0.6}",MassiveIntentClassification,0.6273105
42,mix_s060_c040_r000,"{""classification"": 0.4, ""retrieval"": 0.0, ""sts"": 0.6}",AGNewsClassification,0.8814473684210526
42,mix_s060_c040_r000,"{""classification"": 0.4, ""retrieval"": 0.0, ""sts"": 0.6}",MSMARCORerankingGate,0.9379365853559677
42,mix_s060_c040_r000,"{""classification"": 0.4, ""retrieval"": 0.0, ""sts"": 0.6}",STSBenchmark.clean_exact,0.811602686059749
42,mix_s060_c040_r000,"{""classification"": 0.4, ""retrieval"": 0.0, ""sts"": 0.6}",SICK-R.clean_exact,0.7467086535924229
42,mix_s060_c040_r000,"{""classification"": 0.4, ""retrieval"": 0.0, ""sts"": 0.6}",STS12.clean_exact,0.7131598988563776
42,mix_s060_c040_r000,"{""classification"": 0.4, ""retrieval"": 0.0, ""sts"": 0.6}",STS13.clean_exact,0.7653138379514406
42,mix_s060_c040_r000,"{""classification"": 0.4, ""retrieval"": 0.0, ""sts"": 0.6}",STS14.clean_exact,0.7660951300793168
42,mix_s080_c000_r020,"{""classification"": 0.0, ""retrieval"": 0.2, ""sts"": 0.8}",STS14,0.778218
42,mix_s080_c000_r020,"{""classification"": 0.0, ""retrieval"": 0.2, ""sts"": 0.8}",Banking77Classification,0.771916
42,mix_s080_c000_r020,"{""classification"": 0.0, ""retrieval"": 0.2, ""sts"": 0.8}",RedditClustering.v2,0.44707
42,mix_s080_c000_r020,"{""classification"": 0.0, ""retrieval"": 0.2, ""sts"": 0.8}",AmazonCounterfactualClassification,0.6786777499999999
42,mix_s080_c000_r020,"{""classification"": 0.0, ""retrieval"": 0.2, ""sts"": 0.8}",TwentyNewsgroupsClustering.v2,0.421051
42,mix_s080_c000_r020,"{""classification"": 0.0, ""retrieval"": 0.2, ""sts"": 0.8}",STSBenchmark,0.833781
42,mix_s080_c000_r020,"{""classification"": 0.0, ""retrieval"": 0.2, ""sts"": 0.8}",ArguAna,0.50221
42,mix_s080_c000_r020,"{""classification"": 0.0, ""retrieval"": 0.2, ""sts"": 0.8}",STS13,0.789424
42,mix_s080_c000_r020,"{""classification"": 0.0, ""retrieval"": 0.2, ""sts"": 0.8}",EmotionClassification,0.40885
42,mix_s080_c000_r020,"{""classification"": 0.0, ""retrieval"": 0.2, ""sts"": 0.8}",STS12,0.737423
42,mix_s080_c000_r020,"{""classification"": 0.0, ""retrieval"": 0.2, ""sts"": 0.8}",SciFact,0.61494
42,mix_s080_c000_r020,"{""classification"": 0.0, ""retrieval"": 0.2, ""sts"": 0.8}",BIOSSES,0.780379
42,mix_s080_c000_r020,"{""classification"": 0.0, ""retrieval"": 0.2, ""sts"": 0.8}",FiQA2018,0.29771
42,mix_s080_c000_r020,"{""classification"": 0.0, ""retrieval"": 0.2, ""sts"": 0.8}",SICK-R,0.776741
42,mix_s080_c000_r020,"{""classification"": 0.0, ""retrieval"": 0.2, ""sts"": 0.8}",NFCorpus,0.28041
42,mix_s080_c000_r020,"{""classification"": 0.0, ""retrieval"": 0.2, ""sts"": 0.8}",MassiveIntentClassification,0.668283
42,mix_s080_c000_r020,"{""classification"": 0.0, ""retrieval"": 0.2, ""sts"": 0.8}",AGNewsClassification,0.8718421052631579
42,mix_s080_c000_r020,"{""classification"": 0.0, ""retrieval"": 0.2, ""sts"": 0.8}",MSMARCORerankingGate,0.9890351033464294
42,mix_s080_c000_r020,"{""classification"": 0.0, ""retrieval"": 0.2, ""sts"": 0.8}",STSBenchmark.clean_exact,0.8153242301133741
42,mix_s080_c000_r020,"{""classification"": 0.0, ""retrieval"": 0.2, ""sts"": 0.8}",SICK-R.clean_exact,0.7571174228169671
42,mix_s080_c000_r020,"{""classification"": 0.0, ""retrieval"": 0.2, ""sts"": 0.8}",STS12.clean_exact,0.7369157951159556
42,mix_s080_c000_r020,"{""classification"": 0.0, ""retrieval"": 0.2, ""sts"": 0.8}",STS13.clean_exact,0.7564450668510221
42,mix_s080_c000_r020,"{""classification"": 0.0, ""retrieval"": 0.2, ""sts"": 0.8}",STS14.clean_exact,0.7725510798120678
42,mix_s080_c020_r000,"{""classification"": 0.2, ""retrieval"": 0.0, ""sts"": 0.8}",STS14,0.7937
42,mix_s080_c020_r000,"{""classification"": 0.2, ""retrieval"": 0.0, ""sts"": 0.8}",Banking77Classification,0.742208
42,mix_s080_c020_r000,"{""classification"": 0.2, ""retrieval"": 0.0, ""sts"": 0.8}",RedditClustering.v2,0.468572
42,mix_s080_c020_r000,"{""classification"": 0.2, ""retrieval"": 0.0, ""sts"": 0.8}",AmazonCounterfactualClassification,0.683137
42,mix_s080_c020_r000,"{""classification"": 0.2, ""retrieval"": 0.0, ""sts"": 0.8}",TwentyNewsgroupsClustering.v2,0.428253
42,mix_s080_c020_r000,"{""classification"": 0.2, ""retrieval"": 0.0, ""sts"": 0.8}",STSBenchmark,0.850139
42,mix_s080_c020_r000,"{""classification"": 0.2, ""retrieval"": 0.0, ""sts"": 0.8}",ArguAna,0.43914
42,mix_s080_c020_r000,"{""classification"": 0.2, ""retrieval"": 0.0, ""sts"": 0.8}",STS13,0.816176
42,mix_s080_c020_r000,"{""classification"": 0.2, ""retrieval"": 0.0, ""sts"": 0.8}",EmotionClassification,0.39885
42,mix_s080_c020_r000,"{""classification"": 0.2, ""retrieval"": 0.0, ""sts"": 0.8}",STS12,0.739858
42,mix_s080_c020_r000,"{""classification"": 0.2, ""retrieval"": 0.0, ""sts"": 0.8}",SciFact,0.55861
42,mix_s080_c020_r000,"{""classification"": 0.2, ""retrieval"": 0.0, ""sts"": 0.8}",BIOSSES,0.746884
42,mix_s080_c020_r000,"{""classification"": 0.2, ""retrieval"": 0.0, ""sts"": 0.8}",FiQA2018,0.27589
42,mix_s080_c020_r000,"{""classification"": 0.2, ""retrieval"": 0.0, ""sts"": 0.8}",SICK-R,0.773361
42,mix_s080_c020_r000,"{""classification"": 0.2, ""retrieval"": 0.0, ""sts"": 0.8}",NFCorpus,0.23837
42,mix_s080_c020_r000,"{""classification"": 0.2, ""retrieval"": 0.0, ""sts"": 0.8}",MassiveIntentClassification,0.643174
42,mix_s080_c020_r000,"{""classification"": 0.2, ""retrieval"": 0.0, ""sts"": 0.8}",AGNewsClassification,0.8782894736842105
42,mix_s080_c020_r000,"{""classification"": 0.2, ""retrieval"": 0.0, ""sts"": 0.8}",MSMARCORerankingGate,0.9581786174664094
42,mix_s080_c020_r000,"{""classification"": 0.2, ""retrieval"": 0.0, ""sts"": 0.8}",STSBenchmark.clean_exact,0.8310444378961833
42,mix_s080_c020_r000,"{""classification"": 0.2, ""retrieval"": 0.0, ""sts"": 0.8}",SICK-R.clean_exact,0.7531610450953626
42,mix_s080_c020_r000,"{""classification"": 0.2, ""retrieval"": 0.0, ""sts"": 0.8}",STS12.clean_exact,0.7393798002515736
42,mix_s080_c020_r000,"{""classification"": 0.2, ""retrieval"": 0.0, ""sts"": 0.8}",STS13.clean_exact,0.7865523238696019
42,mix_s080_c020_r000,"{""classification"": 0.2, ""retrieval"": 0.0, ""sts"": 0.8}",STS14.clean_exact,0.7866055769261648
42,mix_s100_c000_r000,"{""classification"": 0.0, ""retrieval"": 0.0, ""sts"": 1.0}",STS14,0.80597
42,mix_s100_c000_r000,"{""classification"": 0.0, ""retrieval"": 0.0, ""sts"": 1.0}",Banking77Classification,0.749481
42,mix_s100_c000_r000,"{""classification"": 0.0, ""retrieval"": 0.0, ""sts"": 1.0}",RedditClustering.v2,0.452115
42,mix_s100_c000_r000,"{""classification"": 0.0, ""retrieval"": 0.0, ""sts"": 1.0}",AmazonCounterfactualClassification,0.6854407499999999
42,mix_s100_c000_r000,"{""classification"": 0.0, ""retrieval"": 0.0, ""sts"": 1.0}",TwentyNewsgroupsClustering.v2,0.41813
42,mix_s100_c000_r000,"{""classification"": 0.0, ""retrieval"": 0.0, ""sts"": 1.0}",STSBenchmark,0.851375
42,mix_s100_c000_r000,"{""classification"": 0.0, ""retrieval"": 0.0, ""sts"": 1.0}",ArguAna,0.49425
42,mix_s100_c000_r000,"{""classification"": 0.0, ""retrieval"": 0.0, ""sts"": 1.0}",STS13,0.820372
42,mix_s100_c000_r000,"{""classification"": 0.0, ""retrieval"": 0.0, ""sts"": 1.0}",EmotionClassification,0.41095
42,mix_s100_c000_r000,"{""classification"": 0.0, ""retrieval"": 0.0, ""sts"": 1.0}",STS12,0.756404
42,mix_s100_c000_r000,"{""classification"": 0.0, ""retrieval"": 0.0, ""sts"": 1.0}",SciFact,0.59848
42,mix_s100_c000_r000,"{""classification"": 0.0, ""retrieval"": 0.0, ""sts"": 1.0}",BIOSSES,0.776042
42,mix_s100_c000_r000,"{""classification"": 0.0, ""retrieval"": 0.0, ""sts"": 1.0}",FiQA2018,0.28196
42,mix_s100_c000_r000,"{""classification"": 0.0, ""retrieval"": 0.0, ""sts"": 1.0}",SICK-R,0.780202
42,mix_s100_c000_r000,"{""classification"": 0.0, ""retrieval"": 0.0, ""sts"": 1.0}",NFCorpus,0.27127
42,mix_s100_c000_r000,"{""classification"": 0.0, ""retrieval"": 0.0, ""sts"": 1.0}",MassiveIntentClassification,0.6573975
42,mix_s100_c000_r000,"{""classification"": 0.0, ""retrieval"": 0.0, ""sts"": 1.0}",AGNewsClassification,0.8694736842105263
42,mix_s100_c000_r000,"{""classification"": 0.0, ""retrieval"": 0.0, ""sts"": 1.0}",MSMARCORerankingGate,0.9790464876785729
42,mix_s100_c000_r000,"{""classification"": 0.0, ""retrieval"": 0.0, ""sts"": 1.0}",STSBenchmark.clean_exact,0.8337340386573185
42,mix_s100_c000_r000,"{""classification"": 0.0, ""retrieval"": 0.0, ""sts"": 1.0}",SICK-R.clean_exact,0.7597387002745499
42,mix_s100_c000_r000,"{""classification"": 0.0, ""retrieval"": 0.0, ""sts"": 1.0}",STS12.clean_exact,0.7559461414848203
42,mix_s100_c000_r000,"{""classification"": 0.0, ""retrieval"": 0.0, ""sts"": 1.0}",STS13.clean_exact,0.7874403884936019
42,mix_s100_c000_r000,"{""classification"": 0.0, ""retrieval"": 0.0, ""sts"": 1.0}",STS14.clean_exact,0.7990726515215537
42,mix_s033_c033_r033,"{""classification"": 0.3333333333333333, ""retrieval"": 0.3333333333333333, ""sts"": 0.3333333333333333}",STS14,0.723679
42,mix_s033_c033_r033,"{""classification"": 0.3333333333333333, ""retrieval"": 0.3333333333333333, ""sts"": 0.3333333333333333}",Banking77Classification,0.768799
42,mix_s033_c033_r033,"{""classification"": 0.3333333333333333, ""retrieval"": 0.3333333333333333, ""sts"": 0.3333333333333333}",RedditClustering.v2,0.437873
42,mix_s033_c033_r033,"{""classification"": 0.3333333333333333, ""retrieval"": 0.3333333333333333, ""sts"": 0.3333333333333333}",AmazonCounterfactualClassification,0.6760145000000001
42,mix_s033_c033_r033,"{""classification"": 0.3333333333333333, ""retrieval"": 0.3333333333333333, ""sts"": 0.3333333333333333}",TwentyNewsgroupsClustering.v2,0.430046
42,mix_s033_c033_r033,"{""classification"": 0.3333333333333333, ""retrieval"": 0.3333333333333333, ""sts"": 0.3333333333333333}",STSBenchmark,0.788583
42,mix_s033_c033_r033,"{""classification"": 0.3333333333333333, ""retrieval"": 0.3333333333333333, ""sts"": 0.3333333333333333}",ArguAna,0.44477
42,mix_s033_c033_r033,"{""classification"": 0.3333333333333333, ""retrieval"": 0.3333333333333333, ""sts"": 0.3333333333333333}",STS13,0.755292
42,mix_s033_c033_r033,"{""classification"": 0.3333333333333333, ""retrieval"": 0.3333333333333333, ""sts"": 0.3333333333333333}",EmotionClassification,0.38645
42,mix_s033_c033_r033,"{""classification"": 0.3333333333333333, ""retrieval"": 0.3333333333333333, ""sts"": 0.3333333333333333}",STS12,0.642145
42,mix_s033_c033_r033,"{""classification"": 0.3333333333333333, ""retrieval"": 0.3333333333333333, ""sts"": 0.3333333333333333}",SciFact,0.60311
42,mix_s033_c033_r033,"{""classification"": 0.3333333333333333, ""retrieval"": 0.3333333333333333, ""sts"": 0.3333333333333333}",BIOSSES,0.71007
42,mix_s033_c033_r033,"{""classification"": 0.3333333333333333, ""retrieval"": 0.3333333333333333, ""sts"": 0.3333333333333333}",FiQA2018,0.32167
42,mix_s033_c033_r033,"{""classification"": 0.3333333333333333, ""retrieval"": 0.3333333333333333, ""sts"": 0.3333333333333333}",SICK-R,0.761226
42,mix_s033_c033_r033,"{""classification"": 0.3333333333333333, ""retrieval"": 0.3333333333333333, ""sts"": 0.3333333333333333}",NFCorpus,0.28518
42,mix_s033_c033_r033,"{""classification"": 0.3333333333333333, ""retrieval"": 0.3333333333333333, ""sts"": 0.3333333333333333}",MassiveIntentClassification,0.6586369999999999
42,mix_s033_c033_r033,"{""classification"": 0.3333333333333333, ""retrieval"": 0.3333333333333333, ""sts"": 0.3333333333333333}",AGNewsClassification,0.8788157894736842
42,mix_s033_c033_r033,"{""classification"": 0.3333333333333333, ""retrieval"": 0.3333333333333333, ""sts"": 0.3333333333333333}",MSMARCORerankingGate,0.9880588223607152
42,mix_s033_c033_r033,"{""classification"": 0.3333333333333333, ""retrieval"": 0.3333333333333333, ""sts"": 0.3333333333333333}",STSBenchmark.clean_exact,0.7638173062397005
42,mix_s033_c033_r033,"{""classification"": 0.3333333333333333, ""retrieval"": 0.3333333333333333, ""sts"": 0.3333333333333333}",SICK-R.clean_exact,0.7441175162245776
42,mix_s033_c033_r033,"{""classification"": 0.3333333333333333, ""retrieval"": 0.3333333333333333, ""sts"": 0.3333333333333333}",STS12.clean_exact,0.641516925504636
42,mix_s033_c033_r033,"{""classification"": 0.3333333333333333, ""retrieval"": 0.3333333333333333, ""sts"": 0.3333333333333333}",STS13.clean_exact,0.7428471130137826
42,mix_s033_c033_r033,"{""classification"": 0.3333333333333333, ""retrieval"": 0.3333333333333333, ""sts"": 0.3333333333333333}",STS14.clean_exact,0.7165770733854699
43,m0,"{""m0"": 1.0}",STS14,0.755891
43,m0,"{""m0"": 1.0}",Banking77Classification,0.800422
43,m0,"{""m0"": 1.0}",RedditClustering.v2,0.510665
43,m0,"{""m0"": 1.0}",AmazonCounterfactualClassification,0.635413
43,m0,"{""m0"": 1.0}",TwentyNewsgroupsClustering.v2,0.460186
43,m0,"{""m0"": 1.0}",STSBenchmark,0.820325
43,m0,"{""m0"": 1.0}",ArguAna,0.48764
43,m0,"{""m0"": 1.0}",STS13,0.806032
43,m0,"{""m0"": 1.0}",EmotionClassification,0.4083
43,m0,"{""m0"": 1.0}",STS12,0.72369
43,m0,"{""m0"": 1.0}",SciFact,0.62386
43,m0,"{""m0"": 1.0}",BIOSSES,0.816404
43,m0,"{""m0"": 1.0}",FiQA2018,0.36626
43,m0,"{""m0"": 1.0}",SICK-R,0.775825
43,m0,"{""m0"": 1.0}",NFCorpus,0.31453
43,m0,"{""m0"": 1.0}",MassiveIntentClassification,0.6743790000000001
43,m0,"{""m0"": 1.0}",AGNewsClassification,0.8686842105263158
43,m0,"{""m0"": 1.0}",MSMARCORerankingGate,0.982844400882144
43,m0,"{""m0"": 1.0}",STSBenchmark.clean_exact,0.8030627431121808
43,m0,"{""m0"": 1.0}",SICK-R.clean_exact,0.7578212918877409
43,m0,"{""m0"": 1.0}",STS12.clean_exact,0.7231671469890324
43,m0,"{""m0"": 1.0}",STS13.clean_exact,0.8004743488857142
43,m0,"{""m0"": 1.0}",STS14.clean_exact,0.759172416763367
43,control,"{""control"": 1.0}",STS14,0.772823
43,control,"{""control"": 1.0}",Banking77Classification,0.806169
43,control,"{""control"": 1.0}",RedditClustering.v2,0.474447
43,control,"{""control"": 1.0}",AmazonCounterfactualClassification,0.66559075
43,control,"{""control"": 1.0}",TwentyNewsgroupsClustering.v2,0.432233
43,control,"{""control"": 1.0}",STSBenchmark,0.83379
43,control,"{""control"": 1.0}",ArguAna,0.46426
43,control,"{""control"": 1.0}",STS13,0.82157
43,control,"{""control"": 1.0}",EmotionClassification,0.424
43,control,"{""control"": 1.0}",STS12,0.737318
43,control,"{""control"": 1.0}",SciFact,0.62184
43,control,"{""control"": 1.0}",BIOSSES,0.845513
43,control,"{""control"": 1.0}",FiQA2018,0.36103
43,control,"{""control"": 1.0}",SICK-R,0.769125
43,control,"{""control"": 1.0}",NFCorpus,0.31894
43,control,"{""control"": 1.0}",MassiveIntentClassification,0.672975
43,control,"{""control"": 1.0}",AGNewsClassification,0.8568421052631578
43,control,"{""control"": 1.0}",MSMARCORerankingGate,0.9808918389107156
43,control,"{""control"": 1.0}",STSBenchmark.clean_exact,0.8191932814850953
43,control,"{""control"": 1.0}",SICK-R.clean_exact,0.7501932042613783
43,control,"{""control"": 1.0}",STS12.clean_exact,0.7368255500540328
43,control,"{""control"": 1.0}",STS13.clean_exact,0.8131525524382344
43,control,"{""control"": 1.0}",STS14.clean_exact,0.7728372011968536
43,mix_s000_c000_r100,"{""classification"": 0.0, ""retrieval"": 1.0, ""sts"": 0.0}",STS14,0.759099
43,mix_s000_c000_r100,"{""classification"": 0.0, ""retrieval"": 1.0, ""sts"": 0.0}",Banking77Classification,0.808377
43,mix_s000_c000_r100,"{""classification"": 0.0, ""retrieval"": 1.0, ""sts"": 0.0}",RedditClustering.v2,0.46254
43,mix_s000_c000_r100,"{""classification"": 0.0, ""retrieval"": 1.0, ""sts"": 0.0}",AmazonCounterfactualClassification,0.64606975
43,mix_s000_c000_r100,"{""classification"": 0.0, ""retrieval"": 1.0, ""sts"": 0.0}",TwentyNewsgroupsClustering.v2,0.418161
43,mix_s000_c000_r100,"{""classification"": 0.0, ""retrieval"": 1.0, ""sts"": 0.0}",STSBenchmark,0.823054
43,mix_s000_c000_r100,"{""classification"": 0.0, ""retrieval"": 1.0, ""sts"": 0.0}",ArguAna,0.48882
43,mix_s000_c000_r100,"{""classification"": 0.0, ""retrieval"": 1.0, ""sts"": 0.0}",STS13,0.798129
43,mix_s000_c000_r100,"{""classification"": 0.0, ""retrieval"": 1.0, ""sts"": 0.0}",EmotionClassification,0.42035
43,mix_s000_c000_r100,"{""classification"": 0.0, ""retrieval"": 1.0, ""sts"": 0.0}",STS12,0.722177
43,mix_s000_c000_r100,"{""classification"": 0.0, ""retrieval"": 1.0, ""sts"": 0.0}",SciFact,0.61524
43,mix_s000_c000_r100,"{""classification"": 0.0, ""retrieval"": 1.0, ""sts"": 0.0}",BIOSSES,0.831254
43,mix_s000_c000_r100,"{""classification"": 0.0, ""retrieval"": 1.0, ""sts"": 0.0}",FiQA2018,0.36665
43,mix_s000_c000_r100,"{""classification"": 0.0, ""retrieval"": 1.0, ""sts"": 0.0}",SICK-R,0.774486
43,mix_s000_c000_r100,"{""classification"": 0.0, ""retrieval"": 1.0, ""sts"": 0.0}",NFCorpus,0.30516
43,mix_s000_c000_r100,"{""classification"": 0.0, ""retrieval"": 1.0, ""sts"": 0.0}",MassiveIntentClassification,0.6764055
43,mix_s000_c000_r100,"{""classification"": 0.0, ""retrieval"": 1.0, ""sts"": 0.0}",AGNewsClassification,0.8623684210526316
43,mix_s000_c000_r100,"{""classification"": 0.0, ""retrieval"": 1.0, ""sts"": 0.0}",MSMARCORerankingGate,0.9933330165500004
43,mix_s000_c000_r100,"{""classification"": 0.0, ""retrieval"": 1.0, ""sts"": 0.0}",STSBenchmark.clean_exact,0.8085845634954849
43,mix_s000_c000_r100,"{""classification"": 0.0, ""retrieval"": 1.0, ""sts"": 0.0}",SICK-R.clean_exact,0.7564198081527127
43,mix_s000_c000_r100,"{""classification"": 0.0, ""retrieval"": 1.0, ""sts"": 0.0}",STS12.clean_exact,0.7216556345722135
43,mix_s000_c000_r100,"{""classification"": 0.0, ""retrieval"": 1.0, ""sts"": 0.0}",STS13.clean_exact,0.7838740414088882
43,mix_s000_c000_r100,"{""classification"": 0.0, ""retrieval"": 1.0, ""sts"": 0.0}",STS14.clean_exact,0.7590791493179964
43,mix_s000_c020_r080,"{""classification"": 0.2, ""retrieval"": 0.8, ""sts"": 0.0}",STS14,0.758302
43,mix_s000_c020_r080,"{""classification"": 0.2, ""retrieval"": 0.8, ""sts"": 0.0}",Banking77Classification,0.803344
43,mix_s000_c020_r080,"{""classification"": 0.2, ""retrieval"": 0.8, ""sts"": 0.0}",RedditClustering.v2,0.435615
43,mix_s000_c020_r080,"{""classification"": 0.2, ""retrieval"": 0.8, ""sts"": 0.0}",AmazonCounterfactualClassification,0.656713
43,mix_s000_c020_r080,"{""classification"": 0.2, ""retrieval"": 0.8, ""sts"": 0.0}",TwentyNewsgroupsClustering.v2,0.419224
43,mix_s000_c020_r080,"{""classification"": 0.2, ""retrieval"": 0.8, ""sts"": 0.0}",STSBenchmark,0.81735
43,mix_s000_c020_r080,"{""classification"": 0.2, ""retrieval"": 0.8, ""sts"": 0.0}",ArguAna,0.4747
43,mix_s000_c020_r080,"{""classification"": 0.2, ""retrieval"": 0.8, ""sts"": 0.0}",STS13,0.787344
43,mix_s000_c020_r080,"{""classification"": 0.2, ""retrieval"": 0.8, ""sts"": 0.0}",EmotionClassification,0.41365
43,mix_s000_c020_r080,"{""classification"": 0.2, ""retrieval"": 0.8, ""sts"": 0.0}",STS12,0.711354
43,mix_s000_c020_r080,"{""classification"": 0.2, ""retrieval"": 0.8, ""sts"": 0.0}",SciFact,0.62216
43,mix_s000_c020_r080,"{""classification"": 0.2, ""retrieval"": 0.8, ""sts"": 0.0}",BIOSSES,0.807326
43,mix_s000_c020_r080,"{""classification"": 0.2, ""retrieval"": 0.8, ""sts"": 0.0}",FiQA2018,0.35989
43,mix_s000_c020_r080,"{""classification"": 0.2, ""retrieval"": 0.8, ""sts"": 0.0}",SICK-R,0.766328
43,mix_s000_c020_r080,"{""classification"": 0.2, ""retrieval"": 0.8, ""sts"": 0.0}",NFCorpus,0.3012
43,mix_s000_c020_r080,"{""classification"": 0.2, ""retrieval"": 0.8, ""sts"": 0.0}",MassiveIntentClassification,0.6700475
43,mix_s000_c020_r080,"{""classification"": 0.2, ""retrieval"": 0.8, ""sts"": 0.0}",AGNewsClassification,0.8730263157894737
43,mix_s000_c020_r080,"{""classification"": 0.2, ""retrieval"": 0.8, ""sts"": 0.0}",MSMARCORerankingGate,0.9917258058107148
43,mix_s000_c020_r080,"{""classification"": 0.2, ""retrieval"": 0.8, ""sts"": 0.0}",STSBenchmark.clean_exact,0.799116246755018
43,mix_s000_c020_r080,"{""classification"": 0.2, ""retrieval"": 0.8, ""sts"": 0.0}",SICK-R.clean_exact,0.7487687992612534
43,mix_s000_c020_r080,"{""classification"": 0.2, ""retrieval"": 0.8, ""sts"": 0.0}",STS12.clean_exact,0.7107747446506864
43,mix_s000_c020_r080,"{""classification"": 0.2, ""retrieval"": 0.8, ""sts"": 0.0}",STS13.clean_exact,0.7741003667328057
43,mix_s000_c020_r080,"{""classification"": 0.2, ""retrieval"": 0.8, ""sts"": 0.0}",STS14.clean_exact,0.756711935402693
43,mix_s000_c040_r060,"{""classification"": 0.4, ""retrieval"": 0.6, ""sts"": 0.0}",STS14,0.711212
43,mix_s000_c040_r060,"{""classification"": 0.4, ""retrieval"": 0.6, ""sts"": 0.0}",Banking77Classification,0.788117
43,mix_s000_c040_r060,"{""classification"": 0.4, ""retrieval"": 0.6, ""sts"": 0.0}",RedditClustering.v2,0.406897
43,mix_s000_c040_r060,"{""classification"": 0.4, ""retrieval"": 0.6, ""sts"": 0.0}",AmazonCounterfactualClassification,0.6537667500000001
43,mix_s000_c040_r060,"{""classification"": 0.4, ""retrieval"": 0.6, ""sts"": 0.0}",TwentyNewsgroupsClustering.v2,0.423919
43,mix_s000_c040_r060,"{""classification"": 0.4, ""retrieval"": 0.6, ""sts"": 0.0}",STSBenchmark,0.774839
43,mix_s000_c040_r060,"{""classification"": 0.4, ""retrieval"": 0.6, ""sts"": 0.0}",ArguAna,0.44566
43,mix_s000_c040_r060,"{""classification"": 0.4, ""retrieval"": 0.6, ""sts"": 0.0}",STS13,0.748247
43,mix_s000_c040_r060,"{""classification"": 0.4, ""retrieval"": 0.6, ""sts"": 0.0}",EmotionClassification,0.38485
43,mix_s000_c040_r060,"{""classification"": 0.4, ""retrieval"": 0.6, ""sts"": 0.0}",STS12,0.656976
43,mix_s000_c040_r060,"{""classification"": 0.4, ""retrieval"": 0.6, ""sts"": 0.0}",SciFact,0.61728
43,mix_s000_c040_r060,"{""classification"": 0.4, ""retrieval"": 0.6, ""sts"": 0.0}",BIOSSES,0.715685
43,mix_s000_c040_r060,"{""classification"": 0.4, ""retrieval"": 0.6, ""sts"": 0.0}",FiQA2018,0.33811
43,mix_s000_c040_r060,"{""classification"": 0.4, ""retrieval"": 0.6, ""sts"": 0.0}",SICK-R,0.749297
43,mix_s000_c040_r060,"{""classification"": 0.4, ""retrieval"": 0.6, ""sts"": 0.0}",NFCorpus,0.2895
43,mix_s000_c040_r060,"{""classification"": 0.4, ""retrieval"": 0.6, ""sts"": 0.0}",MassiveIntentClassification,0.66535
43,mix_s000_c040_r060,"{""classification"": 0.4, ""retrieval"": 0.6, ""sts"": 0.0}",AGNewsClassification,0.8807894736842106
43,mix_s000_c040_r060,"{""classification"": 0.4, ""retrieval"": 0.6, ""sts"": 0.0}",MSMARCORerankingGate,0.9888804545785721
43,mix_s000_c040_r060,"{""classification"": 0.4, ""retrieval"": 0.6, ""sts"": 0.0}",STSBenchmark.clean_exact,0.7500051581861161
43,mix_s000_c040_r060,"{""classification"": 0.4, ""retrieval"": 0.6, ""sts"": 0.0}",SICK-R.clean_exact,0.7334730614952498
43,mix_s000_c040_r060,"{""classification"": 0.4, ""retrieval"": 0.6, ""sts"": 0.0}",STS12.clean_exact,0.6563316147623963
43,mix_s000_c040_r060,"{""classification"": 0.4, ""retrieval"": 0.6, ""sts"": 0.0}",STS13.clean_exact,0.745099516015402
43,mix_s000_c040_r060,"{""classification"": 0.4, ""retrieval"": 0.6, ""sts"": 0.0}",STS14.clean_exact,0.7097538506298554
43,mix_s000_c060_r040,"{""classification"": 0.6, ""retrieval"": 0.4, ""sts"": 0.0}",STS14,0.660262
43,mix_s000_c060_r040,"{""classification"": 0.6, ""retrieval"": 0.4, ""sts"": 0.0}",Banking77Classification,0.767532
43,mix_s000_c060_r040,"{""classification"": 0.6, ""retrieval"": 0.4, ""sts"": 0.0}",RedditClustering.v2,0.398068
43,mix_s000_c060_r040,"{""classification"": 0.6, ""retrieval"": 0.4, ""sts"": 0.0}",AmazonCounterfactualClassification,0.6476325
43,mix_s000_c060_r040,"{""classification"": 0.6, ""retrieval"": 0.4, ""sts"": 0.0}",TwentyNewsgroupsClustering.v2,0.409746
43,mix_s000_c060_r040,"{""classification"": 0.6, ""retrieval"": 0.4, ""sts"": 0.0}",STSBenchmark,0.73694
43,mix_s000_c060_r040,"{""classification"": 0.6, ""retrieval"": 0.4, ""sts"": 0.0}",ArguAna,0.3885
43,mix_s000_c060_r040,"{""classification"": 0.6, ""retrieval"": 0.4, ""sts"": 0.0}",STS13,0.70727
43,mix_s000_c060_r040,"{""classification"": 0.6, ""retrieval"": 0.4, ""sts"": 0.0}",EmotionClassification,0.35535
43,mix_s000_c060_r040,"{""classification"": 0.6, ""retrieval"": 0.4, ""sts"": 0.0}",STS12,0.615225
43,mix_s000_c060_r040,"{""classification"": 0.6, ""retrieval"": 0.4, ""sts"": 0.0}",SciFact,0.59075
43,mix_s000_c060_r040,"{""classification"": 0.6, ""retrieval"": 0.4, ""sts"": 0.0}",BIOSSES,0.64575
43,mix_s000_c060_r040,"{""classification"": 0.6, ""retrieval"": 0.4, ""sts"": 0.0}",FiQA2018,0.3097
43,mix_s000_c060_r040,"{""classification"": 0.6, ""retrieval"": 0.4, ""sts"": 0.0}",SICK-R,0.72925
43,mix_s000_c060_r040,"{""classification"": 0.6, ""retrieval"": 0.4, ""sts"": 0.0}",NFCorpus,0.27981
43,mix_s000_c060_r040,"{""classification"": 0.6, ""retrieval"": 0.4, ""sts"": 0.0}",MassiveIntentClassification,0.6528665
43,mix_s000_c060_r040,"{""classification"": 0.6, ""retrieval"": 0.4, ""sts"": 0.0}",AGNewsClassification,0.8859210526315789
43,mix_s000_c060_r040,"{""classification"": 0.6, ""retrieval"": 0.4, ""sts"": 0.0}",MSMARCORerankingGate,0.9812371901428583
43,mix_s000_c060_r040,"{""classification"": 0.6, ""retrieval"": 0.4, ""sts"": 0.0}",STSBenchmark.clean_exact,0.7082665041133577
43,mix_s000_c060_r040,"{""classification"": 0.6, ""retrieval"": 0.4, ""sts"": 0.0}",SICK-R.clean_exact,0.7156732514359553
43,mix_s000_c060_r040,"{""classification"": 0.6, ""retrieval"": 0.4, ""sts"": 0.0}",STS12.clean_exact,0.6144952694748974
43,mix_s000_c060_r040,"{""classification"": 0.6, ""retrieval"": 0.4, ""sts"": 0.0}",STS13.clean_exact,0.7168945630873413
43,mix_s000_c060_r040,"{""classification"": 0.6, ""retrieval"": 0.4, ""sts"": 0.0}",STS14.clean_exact,0.6618728379833775
43,mix_s000_c080_r020,"{""classification"": 0.8, ""retrieval"": 0.2, ""sts"": 0.0}",STS14,0.620279
43,mix_s000_c080_r020,"{""classification"": 0.8, ""retrieval"": 0.2, ""sts"": 0.0}",Banking77Classification,0.740455
43,mix_s000_c080_r020,"{""classification"": 0.8, ""retrieval"": 0.2, ""sts"": 0.0}",RedditClustering.v2,0.406806
43,mix_s000_c080_r020,"{""classification"": 0.8, ""retrieval"": 0.2, ""sts"": 0.0}",AmazonCounterfactualClassification,0.6534092499999999
43,mix_s000_c080_r020,"{""classification"": 0.8, ""retrieval"": 0.2, ""sts"": 0.0}",TwentyNewsgroupsClustering.v2,0.414187
43,mix_s000_c080_r020,"{""classification"": 0.8, ""retrieval"": 0.2, ""sts"": 0.0}",STSBenchmark,0.704811
43,mix_s000_c080_r020,"{""classification"": 0.8, ""retrieval"": 0.2, ""sts"": 0.0}",ArguAna,0.32836
43,mix_s000_c080_r020,"{""classification"": 0.8, ""retrieval"": 0.2, ""sts"": 0.0}",STS13,0.668106
43,mix_s000_c080_r020,"{""classification"": 0.8, ""retrieval"": 0.2, ""sts"": 0.0}",EmotionClassification,0.33805
43,mix_s000_c080_r020,"{""classification"": 0.8, ""retrieval"": 0.2, ""sts"": 0.0}",STS12,0.592262
43,mix_s000_c080_r020,"{""classification"": 0.8, ""retrieval"": 0.2, ""sts"": 0.0}",SciFact,0.55453
43,mix_s000_c080_r020,"{""classification"": 0.8, ""retrieval"": 0.2, ""sts"": 0.0}",BIOSSES,0.613809
43,mix_s000_c080_r020,"{""classification"": 0.8, ""retrieval"": 0.2, ""sts"": 0.0}",FiQA2018,0.2815
43,mix_s000_c080_r020,"{""classification"": 0.8, ""retrieval"": 0.2, ""sts"": 0.0}",SICK-R,0.715262
43,mix_s000_c080_r020,"{""classification"": 0.8, ""retrieval"": 0.2, ""sts"": 0.0}",NFCorpus,0.2704
43,mix_s000_c080_r020,"{""classification"": 0.8, ""retrieval"": 0.2, ""sts"": 0.0}",MassiveIntentClassification,0.6352949999999999
43,mix_s000_c080_r020,"{""classification"": 0.8, ""retrieval"": 0.2, ""sts"": 0.0}",AGNewsClassification,0.8890789473684211
43,mix_s000_c080_r020,"{""classification"": 0.8, ""retrieval"": 0.2, ""sts"": 0.0}",MSMARCORerankingGate,0.9701413637357161
43,mix_s000_c080_r020,"{""classification"": 0.8, ""retrieval"": 0.2, ""sts"": 0.0}",STSBenchmark.clean_exact,0.6730800869525055
43,mix_s000_c080_r020,"{""classification"": 0.8, ""retrieval"": 0.2, ""sts"": 0.0}",SICK-R.clean_exact,0.7033136999781453
43,mix_s000_c080_r020,"{""classification"": 0.8, ""retrieval"": 0.2, ""sts"": 0.0}",STS12.clean_exact,0.5914674215510961
43,mix_s000_c080_r020,"{""classification"": 0.8, ""retrieval"": 0.2, ""sts"": 0.0}",STS13.clean_exact,0.6876957833397136
43,mix_s000_c080_r020,"{""classification"": 0.8, ""retrieval"": 0.2, ""sts"": 0.0}",STS14.clean_exact,0.6317194096403678
43,mix_s000_c100_r000,"{""classification"": 1.0, ""retrieval"": 0.0, ""sts"": 0.0}",STS14,0.574639
43,mix_s000_c100_r000,"{""classification"": 1.0, ""retrieval"": 0.0, ""sts"": 0.0}",Banking77Classification,0.656039
43,mix_s000_c100_r000,"{""classification"": 1.0, ""retrieval"": 0.0, ""sts"": 0.0}",RedditClustering.v2,0.383718
43,mix_s000_c100_r000,"{""classification"": 1.0, ""retrieval"": 0.0, ""sts"": 0.0}",AmazonCounterfactualClassification,0.665401
43,mix_s000_c100_r000,"{""classification"": 1.0, ""retrieval"": 0.0, ""sts"": 0.0}",TwentyNewsgroupsClustering.v2,0.397508
43,mix_s000_c100_r000,"{""classification"": 1.0, ""retrieval"": 0.0, ""sts"": 0.0}",STSBenchmark,0.648411
43,mix_s000_c100_r000,"{""classification"": 1.0, ""retrieval"": 0.0, ""sts"": 0.0}",ArguAna,0.19252
43,mix_s000_c100_r000,"{""classification"": 1.0, ""retrieval"": 0.0, ""sts"": 0.0}",STS13,0.620563
43,mix_s000_c100_r000,"{""classification"": 1.0, ""retrieval"": 0.0, ""sts"": 0.0}",EmotionClassification,0.3024
43,mix_s000_c100_r000,"{""classification"": 1.0, ""retrieval"": 0.0, ""sts"": 0.0}",STS12,0.563367
43,mix_s000_c100_r000,"{""classification"": 1.0, ""retrieval"": 0.0, ""sts"": 0.0}",SciFact,0.33619
43,mix_s000_c100_r000,"{""classification"": 1.0, ""retrieval"": 0.0, ""sts"": 0.0}",BIOSSES,0.463944
43,mix_s000_c100_r000,"{""classification"": 1.0, ""retrieval"": 0.0, ""sts"": 0.0}",FiQA2018,0.1245
43,mix_s000_c100_r000,"{""classification"": 1.0, ""retrieval"": 0.0, ""sts"": 0.0}",SICK-R,0.655193
43,mix_s000_c100_r000,"{""classification"": 1.0, ""retrieval"": 0.0, ""sts"": 0.0}",NFCorpus,0.12016
43,mix_s000_c100_r000,"{""classification"": 1.0, ""retrieval"": 0.0, ""sts"": 0.0}",MassiveIntentClassification,0.5877330000000001
43,mix_s000_c100_r000,"{""classification"": 1.0, ""retrieval"": 0.0, ""sts"": 0.0}",AGNewsClassification,0.8876315789473684
43,mix_s000_c100_r000,"{""classification"": 1.0, ""retrieval"": 0.0, ""sts"": 0.0}",MSMARCORerankingGate,0.8323203454401484
43,mix_s000_c100_r000,"{""classification"": 1.0, ""retrieval"": 0.0, ""sts"": 0.0}",STSBenchmark.clean_exact,0.6135922725083958
43,mix_s000_c100_r000,"{""classification"": 1.0, ""retrieval"": 0.0, ""sts"": 0.0}",SICK-R.clean_exact,0.6519656007001754
43,mix_s000_c100_r000,"{""classification"": 1.0, ""retrieval"": 0.0, ""sts"": 0.0}",STS12.clean_exact,0.5625379222883874
43,mix_s000_c100_r000,"{""classification"": 1.0, ""retrieval"": 0.0, ""sts"": 0.0}",STS13.clean_exact,0.6123376351431824
43,mix_s000_c100_r000,"{""classification"": 1.0, ""retrieval"": 0.0, ""sts"": 0.0}",STS14.clean_exact,0.5901444391908622
43,mix_s020_c000_r080,"{""classification"": 0.0, ""retrieval"": 0.8, ""sts"": 0.2}",STS14,0.768802
43,mix_s020_c000_r080,"{""classification"": 0.0, ""retrieval"": 0.8, ""sts"": 0.2}",Banking77Classification,0.80763
43,mix_s020_c000_r080,"{""classification"": 0.0, ""retrieval"": 0.8, ""sts"": 0.2}",RedditClustering.v2,0.475155
43,mix_s020_c000_r080,"{""classification"": 0.0, ""retrieval"": 0.8, ""sts"": 0.2}",AmazonCounterfactualClassification,0.6623257499999999
43,mix_s020_c000_r080,"{""classification"": 0.0, ""retrieval"": 0.8, ""sts"": 0.2}",TwentyNewsgroupsClustering.v2,0.434422
43,mix_s020_c000_r080,"{""classification"": 0.0, ""retrieval"": 0.8, ""sts"": 0.2}",STSBenchmark,0.827562
43,mix_s020_c000_r080,"{""classification"": 0.0, ""retrieval"": 0.8, ""sts"": 0.2}",ArguAna,0.49351
43,mix_s020_c000_r080,"{""classification"": 0.0, ""retrieval"": 0.8, ""sts"": 0.2}",STS13,0.802862
43,mix_s020_c000_r080,"{""classification"": 0.0, ""retrieval"": 0.8, ""sts"": 0.2}",EmotionClassification,0.4179
43,mix_s020_c000_r080,"{""classification"": 0.0, ""retrieval"": 0.8, ""sts"": 0.2}",STS12,0.720381
43,mix_s020_c000_r080,"{""classification"": 0.0, ""retrieval"": 0.8, ""sts"": 0.2}",SciFact,0.62436
43,mix_s020_c000_r080,"{""classification"": 0.0, ""retrieval"": 0.8, ""sts"": 0.2}",BIOSSES,0.829182
43,mix_s020_c000_r080,"{""classification"": 0.0, ""retrieval"": 0.8, ""sts"": 0.2}",FiQA2018,0.36702
43,mix_s020_c000_r080,"{""classification"": 0.0, ""retrieval"": 0.8, ""sts"": 0.2}",SICK-R,0.778336
43,mix_s020_c000_r080,"{""classification"": 0.0, ""retrieval"": 0.8, ""sts"": 0.2}",NFCorpus,0.30523
43,mix_s020_c000_r080,"{""classification"": 0.0, ""retrieval"": 0.8, ""sts"": 0.2}",MassiveIntentClassification,0.6776655
43,mix_s020_c000_r080,"{""classification"": 0.0, ""retrieval"": 0.8, ""sts"": 0.2}",AGNewsClassification,0.8682894736842105
43,mix_s020_c000_r080,"{""classification"": 0.0, ""retrieval"": 0.8, ""sts"": 0.2}",MSMARCORerankingGate,0.9914876653178577
43,mix_s020_c000_r080,"{""classification"": 0.0, ""retrieval"": 0.8, ""sts"": 0.2}",STSBenchmark.clean_exact,0.8120464692920659
43,mix_s020_c000_r080,"{""classification"": 0.0, ""retrieval"": 0.8, ""sts"": 0.2}",SICK-R.clean_exact,0.7603257870805413
43,mix_s020_c000_r080,"{""classification"": 0.0, ""retrieval"": 0.8, ""sts"": 0.2}",STS12.clean_exact,0.7198303545006954
43,mix_s020_c000_r080,"{""classification"": 0.0, ""retrieval"": 0.8, ""sts"": 0.2}",STS13.clean_exact,0.7809870406656082
43,mix_s020_c000_r080,"{""classification"": 0.0, ""retrieval"": 0.8, ""sts"": 0.2}",STS14.clean_exact,0.7657998941380892
43,mix_s020_c020_r060,"{""classification"": 0.2, ""retrieval"": 0.6, ""sts"": 0.2}",STS14,0.748625
43,mix_s020_c020_r060,"{""classification"": 0.2, ""retrieval"": 0.6, ""sts"": 0.2}",Banking77Classification,0.796851
43,mix_s020_c020_r060,"{""classification"": 0.2, ""retrieval"": 0.6, ""sts"": 0.2}",RedditClustering.v2,0.446231
43,mix_s020_c020_r060,"{""classification"": 0.2, ""retrieval"": 0.6, ""sts"": 0.2}",AmazonCounterfactualClassification,0.66783775
43,mix_s020_c020_r060,"{""classification"": 0.2, ""retrieval"": 0.6, ""sts"": 0.2}",TwentyNewsgroupsClustering.v2,0.428075
43,mix_s020_c020_r060,"{""classification"": 0.2, ""retrieval"": 0.6, ""sts"": 0.2}",STSBenchmark,0.806764
43,mix_s020_c020_r060,"{""classification"": 0.2, ""retrieval"": 0.6, ""sts"": 0.2}",ArguAna,0.45707
43,mix_s020_c020_r060,"{""classification"": 0.2, ""retrieval"": 0.6, ""sts"": 0.2}",STS13,0.777089
43,mix_s020_c020_r060,"{""classification"": 0.2, ""retrieval"": 0.6, ""sts"": 0.2}",EmotionClassification,0.40565
43,mix_s020_c020_r060,"{""classification"": 0.2, ""retrieval"": 0.6, ""sts"": 0.2}",STS12,0.675799
43,mix_s020_c020_r060,"{""classification"": 0.2, ""retrieval"": 0.6, ""sts"": 0.2}",SciFact,0.62447
43,mix_s020_c020_r060,"{""classification"": 0.2, ""retrieval"": 0.6, ""sts"": 0.2}",BIOSSES,0.778156
43,mix_s020_c020_r060,"{""classification"": 0.2, ""retrieval"": 0.6, ""sts"": 0.2}",FiQA2018,0.35712
43,mix_s020_c020_r060,"{""classification"": 0.2, ""retrieval"": 0.6, ""sts"": 0.2}",SICK-R,0.771157
43,mix_s020_c020_r060,"{""classification"": 0.2, ""retrieval"": 0.6, ""sts"": 0.2}",NFCorpus,0.29863
43,mix_s020_c020_r060,"{""classification"": 0.2, ""retrieval"": 0.6, ""sts"": 0.2}",MassiveIntentClassification,0.6711644999999999
43,mix_s020_c020_r060,"{""classification"": 0.2, ""retrieval"": 0.6, ""sts"": 0.2}",AGNewsClassification,0.8768421052631579
43,mix_s020_c020_r060,"{""classification"": 0.2, ""retrieval"": 0.6, ""sts"": 0.2}",MSMARCORerankingGate,0.9907495248250007
43,mix_s020_c020_r060,"{""classification"": 0.2, ""retrieval"": 0.6, ""sts"": 0.2}",STSBenchmark.clean_exact,0.7876488629265538
43,mix_s020_c020_r060,"{""classification"": 0.2, ""retrieval"": 0.6, ""sts"": 0.2}",SICK-R.clean_exact,0.7536818263523292
43,mix_s020_c020_r060,"{""classification"": 0.2, ""retrieval"": 0.6, ""sts"": 0.2}",STS12.clean_exact,0.6752159693782819
43,mix_s020_c020_r060,"{""classification"": 0.2, ""retrieval"": 0.6, ""sts"": 0.2}",STS13.clean_exact,0.760223458279996
43,mix_s020_c020_r060,"{""classification"": 0.2, ""retrieval"": 0.6, ""sts"": 0.2}",STS14.clean_exact,0.7435679264224246
43,mix_s020_c040_r040,"{""classification"": 0.4, ""retrieval"": 0.4, ""sts"": 0.2}",STS14,0.70929
43,mix_s020_c040_r040,"{""classification"": 0.4, ""retrieval"": 0.4, ""sts"": 0.2}",Banking77Classification,0.773117
43,mix_s020_c040_r040,"{""classification"": 0.4, ""retrieval"": 0.4, ""sts"": 0.2}",RedditClustering.v2,0.433649
43,mix_s020_c040_r040,"{""classification"": 0.4, ""retrieval"": 0.4, ""sts"": 0.2}",AmazonCounterfactualClassification,0.66729575
43,mix_s020_c040_r040,"{""classification"": 0.4, ""retrieval"": 0.4, ""sts"": 0.2}",TwentyNewsgroupsClustering.v2,0.42675
43,mix_s020_c040_r040,"{""classification"": 0.4, ""retrieval"": 0.4, ""sts"": 0.2}",STSBenchmark,0.781856
43,mix_s020_c040_r040,"{""classification"": 0.4, ""retrieval"": 0.4, ""sts"": 0.2}",ArguAna,0.42607
43,mix_s020_c040_r040,"{""classification"": 0.4, ""retrieval"": 0.4, ""sts"": 0.2}",STS13,0.746281
43,mix_s020_c040_r040,"{""classification"": 0.4, ""retrieval"": 0.4, ""sts"": 0.2}",EmotionClassification,0.38
43,mix_s020_c040_r040,"{""classification"": 0.4, ""retrieval"": 0.4, ""sts"": 0.2}",STS12,0.630881
43,mix_s020_c040_r040,"{""classification"": 0.4, ""retrieval"": 0.4, ""sts"": 0.2}",SciFact,0.60717
43,mix_s020_c040_r040,"{""classification"": 0.4, ""retrieval"": 0.4, ""sts"": 0.2}",BIOSSES,0.70298
43,mix_s020_c040_r040,"{""classification"": 0.4, ""retrieval"": 0.4, ""sts"": 0.2}",FiQA2018,0.3307
43,mix_s020_c040_r040,"{""classification"": 0.4, ""retrieval"": 0.4, ""sts"": 0.2}",SICK-R,0.751475
43,mix_s020_c040_r040,"{""classification"": 0.4, ""retrieval"": 0.4, ""sts"": 0.2}",NFCorpus,0.28505
43,mix_s020_c040_r040,"{""classification"": 0.4, ""retrieval"": 0.4, ""sts"": 0.2}",MassiveIntentClassification,0.6588309999999999
43,mix_s020_c040_r040,"{""classification"": 0.4, ""retrieval"": 0.4, ""sts"": 0.2}",AGNewsClassification,0.8813157894736842
43,mix_s020_c040_r040,"{""classification"": 0.4, ""retrieval"": 0.4, ""sts"": 0.2}",MSMARCORerankingGate,0.9874041735928579
43,mix_s020_c040_r040,"{""classification"": 0.4, ""retrieval"": 0.4, ""sts"": 0.2}",STSBenchmark.clean_exact,0.7551239681731108
43,mix_s020_c040_r040,"{""classification"": 0.4, ""retrieval"": 0.4, ""sts"": 0.2}",SICK-R.clean_exact,0.7341736141431598
43,mix_s020_c040_r040,"{""classification"": 0.4, ""retrieval"": 0.4, ""sts"": 0.2}",STS12.clean_exact,0.6302278508659668
43,mix_s020_c040_r040,"{""classification"": 0.4, ""retrieval"": 0.4, ""sts"": 0.2}",STS13.clean_exact,0.7362545973336663
43,mix_s020_c040_r040,"{""classification"": 0.4, ""retrieval"": 0.4, ""sts"": 0.2}",STS14.clean_exact,0.7006135371225914
43,mix_s020_c060_r020,"{""classification"": 0.6, ""retrieval"": 0.2, ""sts"": 0.2}",STS14,0.674567
43,mix_s020_c060_r020,"{""classification"": 0.6, ""retrieval"": 0.2, ""sts"": 0.2}",Banking77Classification,0.733344
43,mix_s020_c060_r020,"{""classification"": 0.6, ""retrieval"": 0.2, ""sts"": 0.2}",RedditClustering.v2,0.422572
43,mix_s020_c060_r020,"{""classification"": 0.6, ""retrieval"": 0.2, ""sts"": 0.2}",AmazonCounterfactualClassification,0.663308
43,mix_s020_c060_r020,"{""classification"": 0.6, ""retrieval"": 0.2, ""sts"": 0.2}",TwentyNewsgroupsClustering.v2,0.420939
43,mix_s020_c060_r020,"{""classification"": 0.6, ""retrieval"": 0.2, ""sts"": 0.2}",STSBenchmark,0.764636
43,mix_s020_c060_r020,"{""classification"": 0.6, ""retrieval"": 0.2, ""sts"": 0.2}",ArguAna,0.3661
43,mix_s020_c060_r020,"{""classification"": 0.6, ""retrieval"": 0.2, ""sts"": 0.2}",STS13,0.714595
43,mix_s020_c060_r020,"{""classification"": 0.6, ""retrieval"": 0.2, ""sts"": 0.2}",EmotionClassification,0.35005
43,mix_s020_c060_r020,"{""classification"": 0.6, ""retrieval"": 0.2, ""sts"": 0.2}",STS12,0.604076
43,mix_s020_c060_r020,"{""classification"": 0.6, ""retrieval"": 0.2, ""sts"": 0.2}",SciFact,0.57178
43,mix_s020_c060_r020,"{""classification"": 0.6, ""retrieval"": 0.2, ""sts"": 0.2}",BIOSSES,0.667654
43,mix_s020_c060_r020,"{""classification"": 0.6, ""retrieval"": 0.2, ""sts"": 0.2}",FiQA2018,0.28453
43,mix_s020_c060_r020,"{""classification"": 0.6, ""retrieval"": 0.2, ""sts"": 0.2}",SICK-R,0.739609
43,mix_s020_c060_r020,"{""classification"": 0.6, ""retrieval"": 0.2, ""sts"": 0.2}",NFCorpus,0.26692
43,mix_s020_c060_r020,"{""classification"": 0.6, ""retrieval"": 0.2, ""sts"": 0.2}",MassiveIntentClassification,0.6327805
43,mix_s020_c060_r020,"{""classification"": 0.6, ""retrieval"": 0.2, ""sts"": 0.2}",AGNewsClassification,0.8859210526315789
43,mix_s020_c060_r020,"{""classification"": 0.6, ""retrieval"": 0.2, ""sts"": 0.2}",MSMARCORerankingGate,0.9760702066928586
43,mix_s020_c060_r020,"{""classification"": 0.6, ""retrieval"": 0.2, ""sts"": 0.2}",STSBenchmark.clean_exact,0.7338263390128257
43,mix_s020_c060_r020,"{""classification"": 0.6, ""retrieval"": 0.2, ""sts"": 0.2}",SICK-R.clean_exact,0.7232513205001251
43,mix_s020_c060_r020,"{""classification"": 0.6, ""retrieval"": 0.2, ""sts"": 0.2}",STS12.clean_exact,0.6033539937789265
43,mix_s020_c060_r020,"{""classification"": 0.6, ""retrieval"": 0.2, ""sts"": 0.2}",STS13.clean_exact,0.7040706677288062
43,mix_s020_c060_r020,"{""classification"": 0.6, ""retrieval"": 0.2, ""sts"": 0.2}",STS14.clean_exact,0.6659897829383851
43,mix_s020_c080_r000,"{""classification"": 0.8, ""retrieval"": 0.0, ""sts"": 0.2}",STS14,0.677477
43,mix_s020_c080_r000,"{""classification"": 0.8, ""retrieval"": 0.0, ""sts"": 0.2}",Banking77Classification,0.669481
43,mix_s020_c080_r000,"{""classification"": 0.8, ""retrieval"": 0.0, ""sts"": 0.2}",RedditClustering.v2,0.404647
43,mix_s020_c080_r000,"{""classification"": 0.8, ""retrieval"": 0.0, ""sts"": 0.2}",AmazonCounterfactualClassification,0.6700705
43,mix_s020_c080_r000,"{""classification"": 0.8, ""retrieval"": 0.0, ""sts"": 0.2}",TwentyNewsgroupsClustering.v2,0.41106
43,mix_s020_c080_r000,"{""classification"": 0.8, ""retrieval"": 0.0, ""sts"": 0.2}",STSBenchmark,0.750246
43,mix_s020_c080_r000,"{""classification"": 0.8, ""retrieval"": 0.0, ""sts"": 0.2}",ArguAna,0.2414
43,mix_s020_c080_r000,"{""classification"": 0.8, ""retrieval"": 0.0, ""sts"": 0.2}",STS13,0.718366
43,mix_s020_c080_r000,"{""classification"": 0.8, ""retrieval"": 0.0, ""sts"": 0.2}",EmotionClassification,0.31845
43,mix_s020_c080_r000,"{""classification"": 0.8, ""retrieval"": 0.0, ""sts"": 0.2}",STS12,0.614493
43,mix_s020_c080_r000,"{""classification"": 0.8, ""retrieval"": 0.0, ""sts"": 0.2}",SciFact,0.43649
43,mix_s020_c080_r000,"{""classification"": 0.8, ""retrieval"": 0.0, ""sts"": 0.2}",BIOSSES,0.594086
43,mix_s020_c080_r000,"{""classification"": 0.8, ""retrieval"": 0.0, ""sts"": 0.2}",FiQA2018,0.17501
43,mix_s020_c080_r000,"{""classification"": 0.8, ""retrieval"": 0.0, ""sts"": 0.2}",SICK-R,0.729518
43,mix_s020_c080_r000,"{""classification"": 0.8, ""retrieval"": 0.0, ""sts"": 0.2}",NFCorpus,0.17417
43,mix_s020_c080_r000,"{""classification"": 0.8, ""retrieval"": 0.0, ""sts"": 0.2}",MassiveIntentClassification,0.590468
43,mix_s020_c080_r000,"{""classification"": 0.8, ""retrieval"": 0.0, ""sts"": 0.2}",AGNewsClassification,0.8869736842105264
43,mix_s020_c080_r000,"{""classification"": 0.8, ""retrieval"": 0.0, ""sts"": 0.2}",MSMARCORerankingGate,0.8805541437826566
43,mix_s020_c080_r000,"{""classification"": 0.8, ""retrieval"": 0.0, ""sts"": 0.2}",STSBenchmark.clean_exact,0.7185222032953508
43,mix_s020_c080_r000,"{""classification"": 0.8, ""retrieval"": 0.0, ""sts"": 0.2}",SICK-R.clean_exact,0.7142247565668244
43,mix_s020_c080_r000,"{""classification"": 0.8, ""retrieval"": 0.0, ""sts"": 0.2}",STS12.clean_exact,0.6137606556322828
43,mix_s020_c080_r000,"{""classification"": 0.8, ""retrieval"": 0.0, ""sts"": 0.2}",STS13.clean_exact,0.6838019968897276
43,mix_s020_c080_r000,"{""classification"": 0.8, ""retrieval"": 0.0, ""sts"": 0.2}",STS14.clean_exact,0.6686243303278949
43,mix_s040_c000_r060,"{""classification"": 0.0, ""retrieval"": 0.6, ""sts"": 0.4}",STS14,0.771599
43,mix_s040_c000_r060,"{""classification"": 0.0, ""retrieval"": 0.6, ""sts"": 0.4}",Banking77Classification,0.803019
43,mix_s040_c000_r060,"{""classification"": 0.0, ""retrieval"": 0.6, ""sts"": 0.4}",RedditClustering.v2,0.466088
43,mix_s040_c000_r060,"{""classification"": 0.0, ""retrieval"": 0.6, ""sts"": 0.4}",AmazonCounterfactualClassification,0.66748
43,mix_s040_c000_r060,"{""classification"": 0.0, ""retrieval"": 0.6, ""sts"": 0.4}",TwentyNewsgroupsClustering.v2,0.441323
43,mix_s040_c000_r060,"{""classification"": 0.0, ""retrieval"": 0.6, ""sts"": 0.4}",STSBenchmark,0.823797
43,mix_s040_c000_r060,"{""classification"": 0.0, ""retrieval"": 0.6, ""sts"": 0.4}",ArguAna,0.49291
43,mix_s040_c000_r060,"{""classification"": 0.0, ""retrieval"": 0.6, ""sts"": 0.4}",STS13,0.798061
43,mix_s040_c000_r060,"{""classification"": 0.0, ""retrieval"": 0.6, ""sts"": 0.4}",EmotionClassification,0.4193
43,mix_s040_c000_r060,"{""classification"": 0.0, ""retrieval"": 0.6, ""sts"": 0.4}",STS12,0.719741
43,mix_s040_c000_r060,"{""classification"": 0.0, ""retrieval"": 0.6, ""sts"": 0.4}",SciFact,0.62278
43,mix_s040_c000_r060,"{""classification"": 0.0, ""retrieval"": 0.6, ""sts"": 0.4}",BIOSSES,0.82979
43,mix_s040_c000_r060,"{""classification"": 0.0, ""retrieval"": 0.6, ""sts"": 0.4}",FiQA2018,0.36079
43,mix_s040_c000_r060,"{""classification"": 0.0, ""retrieval"": 0.6, ""sts"": 0.4}",SICK-R,0.778531
43,mix_s040_c000_r060,"{""classification"": 0.0, ""retrieval"": 0.6, ""sts"": 0.4}",NFCorpus,0.30839
43,mix_s040_c000_r060,"{""classification"": 0.0, ""retrieval"": 0.6, ""sts"": 0.4}",MassiveIntentClassification,0.6795215
43,mix_s040_c000_r060,"{""classification"": 0.0, ""retrieval"": 0.6, ""sts"": 0.4}",AGNewsClassification,0.8730263157894737
43,mix_s040_c000_r060,"{""classification"": 0.0, ""retrieval"": 0.6, ""sts"": 0.4}",MSMARCORerankingGate,0.9907495248250007
43,mix_s040_c000_r060,"{""classification"": 0.0, ""retrieval"": 0.6, ""sts"": 0.4}",STSBenchmark.clean_exact,0.8076315059091724
43,mix_s040_c000_r060,"{""classification"": 0.0, ""retrieval"": 0.6, ""sts"": 0.4}",SICK-R.clean_exact,0.7594184147252866
43,mix_s040_c000_r060,"{""classification"": 0.0, ""retrieval"": 0.6, ""sts"": 0.4}",STS12.clean_exact,0.7192337091283485
43,mix_s040_c000_r060,"{""classification"": 0.0, ""retrieval"": 0.6, ""sts"": 0.4}",STS13.clean_exact,0.7753472016479862
43,mix_s040_c000_r060,"{""classification"": 0.0, ""retrieval"": 0.6, ""sts"": 0.4}",STS14.clean_exact,0.7679500069165536
43,mix_s040_c020_r040,"{""classification"": 0.2, ""retrieval"": 0.4, ""sts"": 0.4}",STS14,0.747912
43,mix_s040_c020_r040,"{""classification"": 0.2, ""retrieval"": 0.4, ""sts"": 0.4}",Banking77Classification,0.78513
43,mix_s040_c020_r040,"{""classification"": 0.2, ""retrieval"": 0.4, ""sts"": 0.4}",RedditClustering.v2,0.443632
43,mix_s040_c020_r040,"{""classification"": 0.2, ""retrieval"": 0.4, ""sts"": 0.4}",AmazonCounterfactualClassification,0.67621475
43,mix_s040_c020_r040,"{""classification"": 0.2, ""retrieval"": 0.4, ""sts"": 0.4}",TwentyNewsgroupsClustering.v2,0.435098
43,mix_s040_c020_r040,"{""classification"": 0.2, ""retrieval"": 0.4, ""sts"": 0.4}",STSBenchmark,0.805089
43,mix_s040_c020_r040,"{""classification"": 0.2, ""retrieval"": 0.4, ""sts"": 0.4}",ArguAna,0.46663
43,mix_s040_c020_r040,"{""classification"": 0.2, ""retrieval"": 0.4, ""sts"": 0.4}",STS13,0.773622
43,mix_s040_c020_r040,"{""classification"": 0.2, ""retrieval"": 0.4, ""sts"": 0.4}",EmotionClassification,0.40735
43,mix_s040_c020_r040,"{""classification"": 0.2, ""retrieval"": 0.4, ""sts"": 0.4}",STS12,0.678144
43,mix_s040_c020_r040,"{""classification"": 0.2, ""retrieval"": 0.4, ""sts"": 0.4}",SciFact,0.62618
43,mix_s040_c020_r040,"{""classification"": 0.2, ""retrieval"": 0.4, ""sts"": 0.4}",BIOSSES,0.764288
43,mix_s040_c020_r040,"{""classification"": 0.2, ""retrieval"": 0.4, ""sts"": 0.4}",FiQA2018,0.33769
43,mix_s040_c020_r040,"{""classification"": 0.2, ""retrieval"": 0.4, ""sts"": 0.4}",SICK-R,0.768619
43,mix_s040_c020_r040,"{""classification"": 0.2, ""retrieval"": 0.4, ""sts"": 0.4}",NFCorpus,0.28632
43,mix_s040_c020_r040,"{""classification"": 0.2, ""retrieval"": 0.4, ""sts"": 0.4}",MassiveIntentClassification,0.6685205000000001
43,mix_s040_c020_r040,"{""classification"": 0.2, ""retrieval"": 0.4, ""sts"": 0.4}",AGNewsClassification,0.8769736842105263
43,mix_s040_c020_r040,"{""classification"": 0.2, ""retrieval"": 0.4, ""sts"": 0.4}",MSMARCORerankingGate,0.988142314085715
43,mix_s040_c020_r040,"{""classification"": 0.2, ""retrieval"": 0.4, ""sts"": 0.4}",STSBenchmark.clean_exact,0.7838012604168145
43,mix_s040_c020_r040,"{""classification"": 0.2, ""retrieval"": 0.4, ""sts"": 0.4}",SICK-R.clean_exact,0.7504009613392717
43,mix_s040_c020_r040,"{""classification"": 0.2, ""retrieval"": 0.4, ""sts"": 0.4}",STS12.clean_exact,0.6775732979870315
43,mix_s040_c020_r040,"{""classification"": 0.2, ""retrieval"": 0.4, ""sts"": 0.4}",STS13.clean_exact,0.75676317356133
43,mix_s040_c020_r040,"{""classification"": 0.2, ""retrieval"": 0.4, ""sts"": 0.4}",STS14.clean_exact,0.7410987551855337
43,mix_s040_c040_r020,"{""classification"": 0.4, ""retrieval"": 0.2, ""sts"": 0.4}",STS14,0.725952
43,mix_s040_c040_r020,"{""classification"": 0.4, ""retrieval"": 0.2, ""sts"": 0.4}",Banking77Classification,0.742597
43,mix_s040_c040_r020,"{""classification"": 0.4, ""retrieval"": 0.2, ""sts"": 0.4}",RedditClustering.v2,0.441876
43,mix_s040_c040_r020,"{""classification"": 0.4, ""retrieval"": 0.2, ""sts"": 0.4}",AmazonCounterfactualClassification,0.67088925
43,mix_s040_c040_r020,"{""classification"": 0.4, ""retrieval"": 0.2, ""sts"": 0.4}",TwentyNewsgroupsClustering.v2,0.428566
43,mix_s040_c040_r020,"{""classification"": 0.4, ""retrieval"": 0.2, ""sts"": 0.4}",STSBenchmark,0.799886
43,mix_s040_c040_r020,"{""classification"": 0.4, ""retrieval"": 0.2, ""sts"": 0.4}",ArguAna,0.4153
43,mix_s040_c040_r020,"{""classification"": 0.4, ""retrieval"": 0.2, ""sts"": 0.4}",STS13,0.758472
43,mix_s040_c040_r020,"{""classification"": 0.4, ""retrieval"": 0.2, ""sts"": 0.4}",EmotionClassification,0.37325
43,mix_s040_c040_r020,"{""classification"": 0.4, ""retrieval"": 0.2, ""sts"": 0.4}",STS12,0.658366
43,mix_s040_c040_r020,"{""classification"": 0.4, ""retrieval"": 0.2, ""sts"": 0.4}",SciFact,0.5911
43,mix_s040_c040_r020,"{""classification"": 0.4, ""retrieval"": 0.2, ""sts"": 0.4}",BIOSSES,0.704871
43,mix_s040_c040_r020,"{""classification"": 0.4, ""retrieval"": 0.2, ""sts"": 0.4}",FiQA2018,0.29556
43,mix_s040_c040_r020,"{""classification"": 0.4, ""retrieval"": 0.2, ""sts"": 0.4}",SICK-R,0.754958
43,mix_s040_c040_r020,"{""classification"": 0.4, ""retrieval"": 0.2, ""sts"": 0.4}",NFCorpus,0.27064
43,mix_s040_c040_r020,"{""classification"": 0.4, ""retrieval"": 0.2, ""sts"": 0.4}",MassiveIntentClassification,0.6451910000000001
43,mix_s040_c040_r020,"{""classification"": 0.4, ""retrieval"": 0.2, ""sts"": 0.4}",AGNewsClassification,0.8809210526315789
43,mix_s040_c040_r020,"{""classification"": 0.4, ""retrieval"": 0.2, ""sts"": 0.4}",MSMARCORerankingGate,0.9807609091571442
43,mix_s040_c040_r020,"{""classification"": 0.4, ""retrieval"": 0.2, ""sts"": 0.4}",STSBenchmark.clean_exact,0.7757532361578915
43,mix_s040_c040_r020,"{""classification"": 0.4, ""retrieval"": 0.2, ""sts"": 0.4}",SICK-R.clean_exact,0.7363526534031113
43,mix_s040_c040_r020,"{""classification"": 0.4, ""retrieval"": 0.2, ""sts"": 0.4}",STS12.clean_exact,0.6577563368145679
43,mix_s040_c040_r020,"{""classification"": 0.4, ""retrieval"": 0.2, ""sts"": 0.4}",STS13.clean_exact,0.7429788627920184
43,mix_s040_c040_r020,"{""classification"": 0.4, ""retrieval"": 0.2, ""sts"": 0.4}",STS14.clean_exact,0.7173252097541271
43,mix_s040_c060_r000,"{""classification"": 0.6, ""retrieval"": 0.0, ""sts"": 0.4}",STS14,0.740851
43,mix_s040_c060_r000,"{""classification"": 0.6, ""retrieval"": 0.0, ""sts"": 0.4}",Banking77Classification,0.698084
43,mix_s040_c060_r000,"{""classification"": 0.6, ""retrieval"": 0.0, ""sts"": 0.4}",RedditClustering.v2,0.423983
43,mix_s040_c060_r000,"{""classification"": 0.6, ""retrieval"": 0.0, ""sts"": 0.4}",AmazonCounterfactualClassification,0.67489525
43,mix_s040_c060_r000,"{""classification"": 0.6, ""retrieval"": 0.0, ""sts"": 0.4}",TwentyNewsgroupsClustering.v2,0.421865
43,mix_s040_c060_r000,"{""classification"": 0.6, ""retrieval"": 0.0, ""sts"": 0.4}",STSBenchmark,0.800874
43,mix_s040_c060_r000,"{""classification"": 0.6, ""retrieval"": 0.0, ""sts"": 0.4}",ArguAna,0.30267
43,mix_s040_c060_r000,"{""classification"": 0.6, ""retrieval"": 0.0, ""sts"": 0.4}",STS13,0.771363
43,mix_s040_c060_r000,"{""classification"": 0.6, ""retrieval"": 0.0, ""sts"": 0.4}",EmotionClassification,0.34895
43,mix_s040_c060_r000,"{""classification"": 0.6, ""retrieval"": 0.0, ""sts"": 0.4}",STS12,0.675288
43,mix_s040_c060_r000,"{""classification"": 0.6, ""retrieval"": 0.0, ""sts"": 0.4}",SciFact,0.51095
43,mix_s040_c060_r000,"{""classification"": 0.6, ""retrieval"": 0.0, ""sts"": 0.4}",BIOSSES,0.659732
43,mix_s040_c060_r000,"{""classification"": 0.6, ""retrieval"": 0.0, ""sts"": 0.4}",FiQA2018,0.21928
43,mix_s040_c060_r000,"{""classification"": 0.6, ""retrieval"": 0.0, ""sts"": 0.4}",SICK-R,0.755231
43,mix_s040_c060_r000,"{""classification"": 0.6, ""retrieval"": 0.0, ""sts"": 0.4}",NFCorpus,0.21216
43,mix_s040_c060_r000,"{""classification"": 0.6, ""retrieval"": 0.0, ""sts"": 0.4}",MassiveIntentClassification,0.610142
43,mix_s040_c060_r000,"{""classification"": 0.6, ""retrieval"": 0.0, ""sts"": 0.4}",AGNewsClassification,0.8840789473684211
43,mix_s040_c060_r000,"{""classification"": 0.6, ""retrieval"": 0.0, ""sts"": 0.4}",MSMARCORerankingGate,0.9185178109363272
43,mix_s040_c060_r000,"{""classification"": 0.6, ""retrieval"": 0.0, ""sts"": 0.4}",STSBenchmark.clean_exact,0.7755024258319012
43,mix_s040_c060_r000,"{""classification"": 0.6, ""retrieval"": 0.0, ""sts"": 0.4}",SICK-R.clean_exact,0.7373047443492372
43,mix_s040_c060_r000,"{""classification"": 0.6, ""retrieval"": 0.0, ""sts"": 0.4}",STS12.clean_exact,0.6746803999464941
43,mix_s040_c060_r000,"{""classification"": 0.6, ""retrieval"": 0.0, ""sts"": 0.4}",STS13.clean_exact,0.7405598842453899
43,mix_s040_c060_r000,"{""classification"": 0.6, ""retrieval"": 0.0, ""sts"": 0.4}",STS14.clean_exact,0.7314821663146973
43,mix_s060_c000_r040,"{""classification"": 0.0, ""retrieval"": 0.4, ""sts"": 0.6}",STS14,0.774508
43,mix_s060_c000_r040,"{""classification"": 0.0, ""retrieval"": 0.4, ""sts"": 0.6}",Banking77Classification,0.793279
43,mix_s060_c000_r040,"{""classification"": 0.0, ""retrieval"": 0.4, ""sts"": 0.6}",RedditClustering.v2,0.459469
43,mix_s060_c000_r040,"{""classification"": 0.0, ""retrieval"": 0.4, ""sts"": 0.6}",AmazonCounterfactualClassification,0.67875975
43,mix_s060_c000_r040,"{""classification"": 0.0, ""retrieval"": 0.4, ""sts"": 0.6}",TwentyNewsgroupsClustering.v2,0.435269
43,mix_s060_c000_r040,"{""classification"": 0.0, ""retrieval"": 0.4, ""sts"": 0.6}",STSBenchmark,0.826367
43,mix_s060_c000_r040,"{""classification"": 0.0, ""retrieval"": 0.4, ""sts"": 0.6}",ArguAna,0.49597
43,mix_s060_c000_r040,"{""classification"": 0.0, ""retrieval"": 0.4, ""sts"": 0.6}",STS13,0.794449
43,mix_s060_c000_r040,"{""classification"": 0.0, ""retrieval"": 0.4, ""sts"": 0.6}",EmotionClassification,0.4182
43,mix_s060_c000_r040,"{""classification"": 0.0, ""retrieval"": 0.4, ""sts"": 0.6}",STS12,0.725535
43,mix_s060_c000_r040,"{""classification"": 0.0, ""retrieval"": 0.4, ""sts"": 0.6}",SciFact,0.6248
43,mix_s060_c000_r040,"{""classification"": 0.0, ""retrieval"": 0.4, ""sts"": 0.6}",BIOSSES,0.812657
43,mix_s060_c000_r040,"{""classification"": 0.0, ""retrieval"": 0.4, ""sts"": 0.6}",FiQA2018,0.3454
43,mix_s060_c000_r040,"{""classification"": 0.0, ""retrieval"": 0.4, ""sts"": 0.6}",SICK-R,0.778134
43,mix_s060_c000_r040,"{""classification"": 0.0, ""retrieval"": 0.4, ""sts"": 0.6}",NFCorpus,0.29454
43,mix_s060_c000_r040,"{""classification"": 0.0, ""retrieval"": 0.4, ""sts"": 0.6}",MassiveIntentClassification,0.677979
43,mix_s060_c000_r040,"{""classification"": 0.0, ""retrieval"": 0.4, ""sts"": 0.6}",AGNewsClassification,0.8721052631578947
43,mix_s060_c000_r040,"{""classification"": 0.0, ""retrieval"": 0.4, ""sts"": 0.6}",MSMARCORerankingGate,0.9901185950714291
43,mix_s060_c000_r040,"{""classification"": 0.0, ""retrieval"": 0.4, ""sts"": 0.6}",STSBenchmark.clean_exact,0.8091320498668395
43,mix_s060_c000_r040,"{""classification"": 0.0, ""retrieval"": 0.4, ""sts"": 0.6}",SICK-R.clean_exact,0.7583966103466839
43,mix_s060_c000_r040,"{""classification"": 0.0, ""retrieval"": 0.4, ""sts"": 0.6}",STS12.clean_exact,0.7250083681506121
43,mix_s060_c000_r040,"{""classification"": 0.0, ""retrieval"": 0.4, ""sts"": 0.6}",STS13.clean_exact,0.7680122163463746
43,mix_s060_c000_r040,"{""classification"": 0.0, ""retrieval"": 0.4, ""sts"": 0.6}",STS14.clean_exact,0.7688125440388395
43,mix_s060_c020_r020,"{""classification"": 0.2, ""retrieval"": 0.2, ""sts"": 0.6}",STS14,0.766768
43,mix_s060_c020_r020,"{""classification"": 0.2, ""retrieval"": 0.2, ""sts"": 0.6}",Banking77Classification,0.762662
43,mix_s060_c020_r020,"{""classification"": 0.2, ""retrieval"": 0.2, ""sts"": 0.6}",RedditClustering.v2,0.455025
43,mix_s060_c020_r020,"{""classification"": 0.2, ""retrieval"": 0.2, ""sts"": 0.6}",AmazonCounterfactualClassification,0.67846325
43,mix_s060_c020_r020,"{""classification"": 0.2, ""retrieval"": 0.2, ""sts"": 0.6}",TwentyNewsgroupsClustering.v2,0.43587
43,mix_s060_c020_r020,"{""classification"": 0.2, ""retrieval"": 0.2, ""sts"": 0.6}",STSBenchmark,0.825741
43,mix_s060_c020_r020,"{""classification"": 0.2, ""retrieval"": 0.2, ""sts"": 0.6}",ArguAna,0.46127
43,mix_s060_c020_r020,"{""classification"": 0.2, ""retrieval"": 0.2, ""sts"": 0.6}",STS13,0.790034
43,mix_s060_c020_r020,"{""classification"": 0.2, ""retrieval"": 0.2, ""sts"": 0.6}",EmotionClassification,0.405
43,mix_s060_c020_r020,"{""classification"": 0.2, ""retrieval"": 0.2, ""sts"": 0.6}",STS12,0.709069
43,mix_s060_c020_r020,"{""classification"": 0.2, ""retrieval"": 0.2, ""sts"": 0.6}",SciFact,0.60314
43,mix_s060_c020_r020,"{""classification"": 0.2, ""retrieval"": 0.2, ""sts"": 0.6}",BIOSSES,0.746246
43,mix_s060_c020_r020,"{""classification"": 0.2, ""retrieval"": 0.2, ""sts"": 0.6}",FiQA2018,0.31139
43,mix_s060_c020_r020,"{""classification"": 0.2, ""retrieval"": 0.2, ""sts"": 0.6}",SICK-R,0.769774
43,mix_s060_c020_r020,"{""classification"": 0.2, ""retrieval"": 0.2, ""sts"": 0.6}",NFCorpus,0.27765
43,mix_s060_c020_r020,"{""classification"": 0.2, ""retrieval"": 0.2, ""sts"": 0.6}",MassiveIntentClassification,0.6589560000000001
43,mix_s060_c020_r020,"{""classification"": 0.2, ""retrieval"": 0.2, ""sts"": 0.6}",AGNewsClassification,0.878421052631579
43,mix_s060_c020_r020,"{""classification"": 0.2, ""retrieval"": 0.2, ""sts"": 0.6}",MSMARCORerankingGate,0.985320681867858
43,mix_s060_c020_r020,"{""classification"": 0.2, ""retrieval"": 0.2, ""sts"": 0.6}",STSBenchmark.clean_exact,0.8042947758656863
43,mix_s060_c020_r020,"{""classification"": 0.2, ""retrieval"": 0.2, ""sts"": 0.6}",SICK-R.clean_exact,0.7501362921100749
43,mix_s060_c020_r020,"{""classification"": 0.2, ""retrieval"": 0.2, ""sts"": 0.6}",STS12.clean_exact,0.7085106295842147
43,mix_s060_c020_r020,"{""classification"": 0.2, ""retrieval"": 0.2, ""sts"": 0.6}",STS13.clean_exact,0.7698078011161013
43,mix_s060_c020_r020,"{""classification"": 0.2, ""retrieval"": 0.2, ""sts"": 0.6}",STS14.clean_exact,0.7593765034264706
43,mix_s060_c040_r000,"{""classification"": 0.4, ""retrieval"": 0.0, ""sts"": 0.6}",STS14,0.778214
43,mix_s060_c040_r000,"{""classification"": 0.4, ""retrieval"": 0.0, ""sts"": 0.6}",Banking77Classification,0.73
43,mix_s060_c040_r000,"{""classification"": 0.4, ""retrieval"": 0.0, ""sts"": 0.6}",RedditClustering.v2,0.438925
43,mix_s060_c040_r000,"{""classification"": 0.4, ""retrieval"": 0.0, ""sts"": 0.6}",AmazonCounterfactualClassification,0.6944929999999999
43,mix_s060_c040_r000,"{""classification"": 0.4, ""retrieval"": 0.0, ""sts"": 0.6}",TwentyNewsgroupsClustering.v2,0.432661
43,mix_s060_c040_r000,"{""classification"": 0.4, ""retrieval"": 0.0, ""sts"": 0.6}",STSBenchmark,0.83027
43,mix_s060_c040_r000,"{""classification"": 0.4, ""retrieval"": 0.0, ""sts"": 0.6}",ArguAna,0.39012
43,mix_s060_c040_r000,"{""classification"": 0.4, ""retrieval"": 0.0, ""sts"": 0.6}",STS13,0.80582
43,mix_s060_c040_r000,"{""classification"": 0.4, ""retrieval"": 0.0, ""sts"": 0.6}",EmotionClassification,0.3819
43,mix_s060_c040_r000,"{""classification"": 0.4, ""retrieval"": 0.0, ""sts"": 0.6}",STS12,0.708862
43,mix_s060_c040_r000,"{""classification"": 0.4, ""retrieval"": 0.0, ""sts"": 0.6}",SciFact,0.53386
43,mix_s060_c040_r000,"{""classification"": 0.4, ""retrieval"": 0.0, ""sts"": 0.6}",BIOSSES,0.699004
43,mix_s060_c040_r000,"{""classification"": 0.4, ""retrieval"": 0.0, ""sts"": 0.6}",FiQA2018,0.25918
43,mix_s060_c040_r000,"{""classification"": 0.4, ""retrieval"": 0.0, ""sts"": 0.6}",SICK-R,0.766685
43,mix_s060_c040_r000,"{""classification"": 0.4, ""retrieval"": 0.0, ""sts"": 0.6}",NFCorpus,0.22874
43,mix_s060_c040_r000,"{""classification"": 0.4, ""retrieval"": 0.0, ""sts"": 0.6}",MassiveIntentClassification,0.6313249999999999
43,mix_s060_c040_r000,"{""classification"": 0.4, ""retrieval"": 0.0, ""sts"": 0.6}",AGNewsClassification,0.8807894736842106
43,mix_s060_c040_r000,"{""classification"": 0.4, ""retrieval"": 0.0, ""sts"": 0.6}",MSMARCORerankingGate,0.9397358041421724
43,mix_s060_c040_r000,"{""classification"": 0.4, ""retrieval"": 0.0, ""sts"": 0.6}",STSBenchmark.clean_exact,0.8079967535992625
43,mix_s060_c040_r000,"{""classification"": 0.4, ""retrieval"": 0.0, ""sts"": 0.6}",SICK-R.clean_exact,0.7472578661689502
43,mix_s060_c040_r000,"{""classification"": 0.4, ""retrieval"": 0.0, ""sts"": 0.6}",STS12.clean_exact,0.7082989871112725
43,mix_s060_c040_r000,"{""classification"": 0.4, ""retrieval"": 0.0, ""sts"": 0.6}",STS13.clean_exact,0.7796066706568846
43,mix_s060_c040_r000,"{""classification"": 0.4, ""retrieval"": 0.0, ""sts"": 0.6}",STS14.clean_exact,0.7700672890521512
43,mix_s080_c000_r020,"{""classification"": 0.0, ""retrieval"": 0.2, ""sts"": 0.8}",STS14,0.783054
43,mix_s080_c000_r020,"{""classification"": 0.0, ""retrieval"": 0.2, ""sts"": 0.8}",Banking77Classification,0.770844
43,mix_s080_c000_r020,"{""classification"": 0.0, ""retrieval"": 0.2, ""sts"": 0.8}",RedditClustering.v2,0.454464
43,mix_s080_c000_r020,"{""classification"": 0.0, ""retrieval"": 0.2, ""sts"": 0.8}",AmazonCounterfactualClassification,0.67637525
43,mix_s080_c000_r020,"{""classification"": 0.0, ""retrieval"": 0.2, ""sts"": 0.8}",TwentyNewsgroupsClustering.v2,0.424311
43,mix_s080_c000_r020,"{""classification"": 0.0, ""retrieval"": 0.2, ""sts"": 0.8}",STSBenchmark,0.839326
43,mix_s080_c000_r020,"{""classification"": 0.0, ""retrieval"": 0.2, ""sts"": 0.8}",ArguAna,0.48783
43,mix_s080_c000_r020,"{""classification"": 0.0, ""retrieval"": 0.2, ""sts"": 0.8}",STS13,0.801166
43,mix_s080_c000_r020,"{""classification"": 0.0, ""retrieval"": 0.2, ""sts"": 0.8}",EmotionClassification,0.4111
43,mix_s080_c000_r020,"{""classification"": 0.0, ""retrieval"": 0.2, ""sts"": 0.8}",STS12,0.744404
43,mix_s080_c000_r020,"{""classification"": 0.0, ""retrieval"": 0.2, ""sts"": 0.8}",SciFact,0.61243
43,mix_s080_c000_r020,"{""classification"": 0.0, ""retrieval"": 0.2, ""sts"": 0.8}",BIOSSES,0.794711
43,mix_s080_c000_r020,"{""classification"": 0.0, ""retrieval"": 0.2, ""sts"": 0.8}",FiQA2018,0.30559
43,mix_s080_c000_r020,"{""classification"": 0.0, ""retrieval"": 0.2, ""sts"": 0.8}",SICK-R,0.777136
43,mix_s080_c000_r020,"{""classification"": 0.0, ""retrieval"": 0.2, ""sts"": 0.8}",NFCorpus,0.27821
43,mix_s080_c000_r020,"{""classification"": 0.0, ""retrieval"": 0.2, ""sts"": 0.8}",MassiveIntentClassification,0.6677335
43,mix_s080_c000_r020,"{""classification"": 0.0, ""retrieval"": 0.2, ""sts"": 0.8}",AGNewsClassification,0.8735526315789474
43,mix_s080_c000_r020,"{""classification"": 0.0, ""retrieval"": 0.2, ""sts"": 0.8}",MSMARCORerankingGate,0.9867969628535722
43,mix_s080_c000_r020,"{""classification"": 0.0, ""retrieval"": 0.2, ""sts"": 0.8}",STSBenchmark.clean_exact,0.8214405726525129
43,mix_s080_c000_r020,"{""classification"": 0.0, ""retrieval"": 0.2, ""sts"": 0.8}",SICK-R.clean_exact,0.7574846115388563
43,mix_s080_c000_r020,"{""classification"": 0.0, ""retrieval"": 0.2, ""sts"": 0.8}",STS12.clean_exact,0.7439306342399814
43,mix_s080_c000_r020,"{""classification"": 0.0, ""retrieval"": 0.2, ""sts"": 0.8}",STS13.clean_exact,0.7695511537544045
43,mix_s080_c000_r020,"{""classification"": 0.0, ""retrieval"": 0.2, ""sts"": 0.8}",STS14.clean_exact,0.7744308091894881
43,mix_s080_c020_r000,"{""classification"": 0.2, ""retrieval"": 0.0, ""sts"": 0.8}",STS14,0.795182
43,mix_s080_c020_r000,"{""classification"": 0.2, ""retrieval"": 0.0, ""sts"": 0.8}",Banking77Classification,0.742208
43,mix_s080_c020_r000,"{""classification"": 0.2, ""retrieval"": 0.0, ""sts"": 0.8}",RedditClustering.v2,0.459813
43,mix_s080_c020_r000,"{""classification"": 0.2, ""retrieval"": 0.0, ""sts"": 0.8}",AmazonCounterfactualClassification,0.68411025
43,mix_s080_c020_r000,"{""classification"": 0.2, ""retrieval"": 0.0, ""sts"": 0.8}",TwentyNewsgroupsClustering.v2,0.432892
43,mix_s080_c020_r000,"{""classification"": 0.2, ""retrieval"": 0.0, ""sts"": 0.8}",STSBenchmark,0.846157
43,mix_s080_c020_r000,"{""classification"": 0.2, ""retrieval"": 0.0, ""sts"": 0.8}",ArguAna,0.44941
43,mix_s080_c020_r000,"{""classification"": 0.2, ""retrieval"": 0.0, ""sts"": 0.8}",STS13,0.816921
43,mix_s080_c020_r000,"{""classification"": 0.2, ""retrieval"": 0.0, ""sts"": 0.8}",EmotionClassification,0.39975
43,mix_s080_c020_r000,"{""classification"": 0.2, ""retrieval"": 0.0, ""sts"": 0.8}",STS12,0.74225
43,mix_s080_c020_r000,"{""classification"": 0.2, ""retrieval"": 0.0, ""sts"": 0.8}",SciFact,0.55984
43,mix_s080_c020_r000,"{""classification"": 0.2, ""retrieval"": 0.0, ""sts"": 0.8}",BIOSSES,0.748312
43,mix_s080_c020_r000,"{""classification"": 0.2, ""retrieval"": 0.0, ""sts"": 0.8}",FiQA2018,0.28212
43,mix_s080_c020_r000,"{""classification"": 0.2, ""retrieval"": 0.0, ""sts"": 0.8}",SICK-R,0.771942
43,mix_s080_c020_r000,"{""classification"": 0.2, ""retrieval"": 0.0, ""sts"": 0.8}",NFCorpus,0.24259
43,mix_s080_c020_r000,"{""classification"": 0.2, ""retrieval"": 0.0, ""sts"": 0.8}",MassiveIntentClassification,0.6440575
43,mix_s080_c020_r000,"{""classification"": 0.2, ""retrieval"": 0.0, ""sts"": 0.8}",AGNewsClassification,0.8772368421052632
43,mix_s080_c020_r000,"{""classification"": 0.2, ""retrieval"": 0.0, ""sts"": 0.8}",MSMARCORerankingGate,0.963643197336647
43,mix_s080_c020_r000,"{""classification"": 0.2, ""retrieval"": 0.0, ""sts"": 0.8}",STSBenchmark.clean_exact,0.8264428858469911
43,mix_s080_c020_r000,"{""classification"": 0.2, ""retrieval"": 0.0, ""sts"": 0.8}",SICK-R.clean_exact,0.7519358817786135
43,mix_s080_c020_r000,"{""classification"": 0.2, ""retrieval"": 0.0, ""sts"": 0.8}",STS12.clean_exact,0.7417693546034939
43,mix_s080_c020_r000,"{""classification"": 0.2, ""retrieval"": 0.0, ""sts"": 0.8}",STS13.clean_exact,0.7876456782819186
43,mix_s080_c020_r000,"{""classification"": 0.2, ""retrieval"": 0.0, ""sts"": 0.8}",STS14.clean_exact,0.7870802623581957
43,mix_s100_c000_r000,"{""classification"": 0.0, ""retrieval"": 0.0, ""sts"": 1.0}",STS14,0.807106
43,mix_s100_c000_r000,"{""classification"": 0.0, ""retrieval"": 0.0, ""sts"": 1.0}",Banking77Classification,0.748214
43,mix_s100_c000_r000,"{""classification"": 0.0, ""retrieval"": 0.0, ""sts"": 1.0}",RedditClustering.v2,0.459157
43,mix_s100_c000_r000,"{""classification"": 0.0, ""retrieval"": 0.0, ""sts"": 1.0}",AmazonCounterfactualClassification,0.68563525
43,mix_s100_c000_r000,"{""classification"": 0.0, ""retrieval"": 0.0, ""sts"": 1.0}",TwentyNewsgroupsClustering.v2,0.416659
43,mix_s100_c000_r000,"{""classification"": 0.0, ""retrieval"": 0.0, ""sts"": 1.0}",STSBenchmark,0.852946
43,mix_s100_c000_r000,"{""classification"": 0.0, ""retrieval"": 0.0, ""sts"": 1.0}",ArguAna,0.48708
43,mix_s100_c000_r000,"{""classification"": 0.0, ""retrieval"": 0.0, ""sts"": 1.0}",STS13,0.825905
43,mix_s100_c000_r000,"{""classification"": 0.0, ""retrieval"": 0.0, ""sts"": 1.0}",EmotionClassification,0.41335
43,mix_s100_c000_r000,"{""classification"": 0.0, ""retrieval"": 0.0, ""sts"": 1.0}",STS12,0.763553
43,mix_s100_c000_r000,"{""classification"": 0.0, ""retrieval"": 0.0, ""sts"": 1.0}",SciFact,0.5855
43,mix_s100_c000_r000,"{""classification"": 0.0, ""retrieval"": 0.0, ""sts"": 1.0}",BIOSSES,0.789012
43,mix_s100_c000_r000,"{""classification"": 0.0, ""retrieval"": 0.0, ""sts"": 1.0}",FiQA2018,0.27618
43,mix_s100_c000_r000,"{""classification"": 0.0, ""retrieval"": 0.0, ""sts"": 1.0}",SICK-R,0.780948
43,mix_s100_c000_r000,"{""classification"": 0.0, ""retrieval"": 0.0, ""sts"": 1.0}",NFCorpus,0.27146
43,mix_s100_c000_r000,"{""classification"": 0.0, ""retrieval"": 0.0, ""sts"": 1.0}",MassiveIntentClassification,0.6540865
43,mix_s100_c000_r000,"{""classification"": 0.0, ""retrieval"": 0.0, ""sts"": 1.0}",AGNewsClassification,0.8701315789473684
43,mix_s100_c000_r000,"{""classification"": 0.0, ""retrieval"": 0.0, ""sts"": 1.0}",MSMARCORerankingGate,0.9780464876785728
43,mix_s100_c000_r000,"{""classification"": 0.0, ""retrieval"": 0.0, ""sts"": 1.0}",STSBenchmark.clean_exact,0.8349960725463745
43,mix_s100_c000_r000,"{""classification"": 0.0, ""retrieval"": 0.0, ""sts"": 1.0}",SICK-R.clean_exact,0.7601097150782394
43,mix_s100_c000_r000,"{""classification"": 0.0, ""retrieval"": 0.0, ""sts"": 1.0}",STS12.clean_exact,0.76310249349111
43,mix_s100_c000_r000,"{""classification"": 0.0, ""retrieval"": 0.0, ""sts"": 1.0}",STS13.clean_exact,0.7954803265084167
43,mix_s100_c000_r000,"{""classification"": 0.0, ""retrieval"": 0.0, ""sts"": 1.0}",STS14.clean_exact,0.7987906832839043
43,mix_s033_c033_r033,"{""classification"": 0.3333333333333333, ""retrieval"": 0.3333333333333333, ""sts"": 0.3333333333333333}",STS14,0.721298
43,mix_s033_c033_r033,"{""classification"": 0.3333333333333333, ""retrieval"": 0.3333333333333333, ""sts"": 0.3333333333333333}",Banking77Classification,0.769805
43,mix_s033_c033_r033,"{""classification"": 0.3333333333333333, ""retrieval"": 0.3333333333333333, ""sts"": 0.3333333333333333}",RedditClustering.v2,0.433185
43,mix_s033_c033_r033,"{""classification"": 0.3333333333333333, ""retrieval"": 0.3333333333333333, ""sts"": 0.3333333333333333}",AmazonCounterfactualClassification,0.67116625
43,mix_s033_c033_r033,"{""classification"": 0.3333333333333333, ""retrieval"": 0.3333333333333333, ""sts"": 0.3333333333333333}",TwentyNewsgroupsClustering.v2,0.432673
43,mix_s033_c033_r033,"{""classification"": 0.3333333333333333, ""retrieval"": 0.3333333333333333, ""sts"": 0.3333333333333333}",STSBenchmark,0.789486
43,mix_s033_c033_r033,"{""classification"": 0.3333333333333333, ""retrieval"": 0.3333333333333333, ""sts"": 0.3333333333333333}",ArguAna,0.43615
43,mix_s033_c033_r033,"{""classification"": 0.3333333333333333, ""retrieval"": 0.3333333333333333, ""sts"": 0.3333333333333333}",STS13,0.759425
43,mix_s033_c033_r033,"{""classification"": 0.3333333333333333, ""retrieval"": 0.3333333333333333, ""sts"": 0.3333333333333333}",EmotionClassification,0.3862
43,mix_s033_c033_r033,"{""classification"": 0.3333333333333333, ""retrieval"": 0.3333333333333333, ""sts"": 0.3333333333333333}",STS12,0.648453
43,mix_s033_c033_r033,"{""classification"": 0.3333333333333333, ""retrieval"": 0.3333333333333333, ""sts"": 0.3333333333333333}",SciFact,0.60092
43,mix_s033_c033_r033,"{""classification"": 0.3333333333333333, ""retrieval"": 0.3333333333333333, ""sts"": 0.3333333333333333}",BIOSSES,0.711095
43,mix_s033_c033_r033,"{""classification"": 0.3333333333333333, ""retrieval"": 0.3333333333333333, ""sts"": 0.3333333333333333}",FiQA2018,0.31909
43,mix_s033_c033_r033,"{""classification"": 0.3333333333333333, ""retrieval"": 0.3333333333333333, ""sts"": 0.3333333333333333}",SICK-R,0.75585
43,mix_s033_c033_r033,"{""classification"": 0.3333333333333333, ""retrieval"": 0.3333333333333333, ""sts"": 0.3333333333333333}",NFCorpus,0.27753
43,mix_s033_c033_r033,"{""classification"": 0.3333333333333333, ""retrieval"": 0.3333333333333333, ""sts"": 0.3333333333333333}",MassiveIntentClassification,0.6590849999999999
43,mix_s033_c033_r033,"{""classification"": 0.3333333333333333, ""retrieval"": 0.3333333333333333, ""sts"": 0.3333333333333333}",AGNewsClassification,0.8786842105263157
43,mix_s033_c033_r033,"{""classification"": 0.3333333333333333, ""retrieval"": 0.3333333333333333, ""sts"": 0.3333333333333333}",MSMARCORerankingGate,0.9879041735928579
43,mix_s033_c033_r033,"{""classification"": 0.3333333333333333, ""retrieval"": 0.3333333333333333, ""sts"": 0.3333333333333333}",STSBenchmark.clean_exact,0.7647815023461515
43,mix_s033_c033_r033,"{""classification"": 0.3333333333333333, ""retrieval"": 0.3333333333333333, ""sts"": 0.3333333333333333}",SICK-R.clean_exact,0.7374435038162092
43,mix_s033_c033_r033,"{""classification"": 0.3333333333333333, ""retrieval"": 0.3333333333333333, ""sts"": 0.3333333333333333}",STS12.clean_exact,0.6478303801006793
43,mix_s033_c033_r033,"{""classification"": 0.3333333333333333, ""retrieval"": 0.3333333333333333, ""sts"": 0.3333333333333333}",STS13.clean_exact,0.7472822171196897
43,mix_s033_c033_r033,"{""classification"": 0.3333333333333333, ""retrieval"": 0.3333333333333333, ""sts"": 0.3333333333333333}",STS14.clean_exact,0.7136243689959152
44,m0,"{""m0"": 1.0}",STS14,0.755891
44,m0,"{""m0"": 1.0}",Banking77Classification,0.800422
44,m0,"{""m0"": 1.0}",RedditClustering.v2,0.510665
44,m0,"{""m0"": 1.0}",AmazonCounterfactualClassification,0.635413
44,m0,"{""m0"": 1.0}",TwentyNewsgroupsClustering.v2,0.460186
44,m0,"{""m0"": 1.0}",STSBenchmark,0.820325
44,m0,"{""m0"": 1.0}",ArguAna,0.48764
44,m0,"{""m0"": 1.0}",STS13,0.806032
44,m0,"{""m0"": 1.0}",EmotionClassification,0.4083
44,m0,"{""m0"": 1.0}",STS12,0.72369
44,m0,"{""m0"": 1.0}",SciFact,0.62386
44,m0,"{""m0"": 1.0}",BIOSSES,0.816404
44,m0,"{""m0"": 1.0}",FiQA2018,0.36626
44,m0,"{""m0"": 1.0}",SICK-R,0.775825
44,m0,"{""m0"": 1.0}",NFCorpus,0.31453
44,m0,"{""m0"": 1.0}",MassiveIntentClassification,0.6743790000000001
44,m0,"{""m0"": 1.0}",AGNewsClassification,0.8686842105263158
44,m0,"{""m0"": 1.0}",MSMARCORerankingGate,0.9832371901428583
44,m0,"{""m0"": 1.0}",STSBenchmark.clean_exact,0.8030627431121808
44,m0,"{""m0"": 1.0}",SICK-R.clean_exact,0.7578212918877409
44,m0,"{""m0"": 1.0}",STS12.clean_exact,0.7231671469890324
44,m0,"{""m0"": 1.0}",STS13.clean_exact,0.8004743488857142
44,m0,"{""m0"": 1.0}",STS14.clean_exact,0.759172416763367
44,control,"{""control"": 1.0}",STS14,0.767327
44,control,"{""control"": 1.0}",Banking77Classification,0.805617
44,control,"{""control"": 1.0}",RedditClustering.v2,0.480337
44,control,"{""control"": 1.0}",AmazonCounterfactualClassification,0.65491275
44,control,"{""control"": 1.0}",TwentyNewsgroupsClustering.v2,0.446457
44,control,"{""control"": 1.0}",STSBenchmark,0.829685
44,control,"{""control"": 1.0}",ArguAna,0.47751
44,control,"{""control"": 1.0}",STS13,0.818775
44,control,"{""control"": 1.0}",EmotionClassification,0.4211
44,control,"{""control"": 1.0}",STS12,0.730304
44,control,"{""control"": 1.0}",SciFact,0.6275
44,control,"{""control"": 1.0}",BIOSSES,0.83582
44,control,"{""control"": 1.0}",FiQA2018,0.36512
44,control,"{""control"": 1.0}",SICK-R,0.774921
44,control,"{""control"": 1.0}",NFCorpus,0.31849
44,control,"{""control"": 1.0}",MassiveIntentClassification,0.674622
44,control,"{""control"": 1.0}",AGNewsClassification,0.8611842105263158
44,control,"{""control"": 1.0}",MSMARCORerankingGate,0.9837371901428582
44,control,"{""control"": 1.0}",STSBenchmark.clean_exact,0.8149067167392545
44,control,"{""control"": 1.0}",SICK-R.clean_exact,0.7562533538562312
44,control,"{""control"": 1.0}",STS12.clean_exact,0.7298025218664862
44,control,"{""control"": 1.0}",STS13.clean_exact,0.8139638466782988
44,control,"{""control"": 1.0}",STS14.clean_exact,0.7691861820635506
44,mix_s000_c000_r100,"{""classification"": 0.0, ""retrieval"": 1.0, ""sts"": 0.0}",STS14,0.760366
44,mix_s000_c000_r100,"{""classification"": 0.0, ""retrieval"": 1.0, ""sts"": 0.0}",Banking77Classification,0.807825
44,mix_s000_c000_r100,"{""classification"": 0.0, ""retrieval"": 1.0, ""sts"": 0.0}",RedditClustering.v2,0.455091
44,mix_s000_c000_r100,"{""classification"": 0.0, ""retrieval"": 1.0, ""sts"": 0.0}",AmazonCounterfactualClassification,0.64975125
44,mix_s000_c000_r100,"{""classification"": 0.0, ""retrieval"": 1.0, ""sts"": 0.0}",TwentyNewsgroupsClustering.v2,0.40606
44,mix_s000_c000_r100,"{""classification"": 0.0, ""retrieval"": 1.0, ""sts"": 0.0}",STSBenchmark,0.823497
44,mix_s000_c000_r100,"{""classification"": 0.0, ""retrieval"": 1.0, ""sts"": 0.0}",ArguAna,0.48806
44,mix_s000_c000_r100,"{""classification"": 0.0, ""retrieval"": 1.0, ""sts"": 0.0}",STS13,0.799672
44,mix_s000_c000_r100,"{""classification"": 0.0, ""retrieval"": 1.0, ""sts"": 0.0}",EmotionClassification,0.4193
44,mix_s000_c000_r100,"{""classification"": 0.0, ""retrieval"": 1.0, ""sts"": 0.0}",STS12,0.720222
44,mix_s000_c000_r100,"{""classification"": 0.0, ""retrieval"": 1.0, ""sts"": 0.0}",SciFact,0.61345
44,mix_s000_c000_r100,"{""classification"": 0.0, ""retrieval"": 1.0, ""sts"": 0.0}",BIOSSES,0.828657
44,mix_s000_c000_r100,"{""classification"": 0.0, ""retrieval"": 1.0, ""sts"": 0.0}",FiQA2018,0.36847
44,mix_s000_c000_r100,"{""classification"": 0.0, ""retrieval"": 1.0, ""sts"": 0.0}",SICK-R,0.775952
44,mix_s000_c000_r100,"{""classification"": 0.0, ""retrieval"": 1.0, ""sts"": 0.0}",NFCorpus,0.30322
44,mix_s000_c000_r100,"{""classification"": 0.0, ""retrieval"": 1.0, ""sts"": 0.0}",MassiveIntentClassification,0.676588
44,mix_s000_c000_r100,"{""classification"": 0.0, ""retrieval"": 1.0, ""sts"": 0.0}",AGNewsClassification,0.8613157894736843
44,mix_s000_c000_r100,"{""classification"": 0.0, ""retrieval"": 1.0, ""sts"": 0.0}",MSMARCORerankingGate,0.9929876653178578
44,mix_s000_c000_r100,"{""classification"": 0.0, ""retrieval"": 1.0, ""sts"": 0.0}",STSBenchmark.clean_exact,0.8088562351246131
44,mix_s000_c000_r100,"{""classification"": 0.0, ""retrieval"": 1.0, ""sts"": 0.0}",SICK-R.clean_exact,0.7578418576210307
44,mix_s000_c000_r100,"{""classification"": 0.0, ""retrieval"": 1.0, ""sts"": 0.0}",STS12.clean_exact,0.7196607229734645
44,mix_s000_c000_r100,"{""classification"": 0.0, ""retrieval"": 1.0, ""sts"": 0.0}",STS13.clean_exact,0.7851794454568595
44,mix_s000_c000_r100,"{""classification"": 0.0, ""retrieval"": 1.0, ""sts"": 0.0}",STS14.clean_exact,0.759905725492134
44,mix_s000_c020_r080,"{""classification"": 0.2, ""retrieval"": 0.8, ""sts"": 0.0}",STS14,0.758702
44,mix_s000_c020_r080,"{""classification"": 0.2, ""retrieval"": 0.8, ""sts"": 0.0}",Banking77Classification,0.801948
44,mix_s000_c020_r080,"{""classification"": 0.2, ""retrieval"": 0.8, ""sts"": 0.0}",RedditClustering.v2,0.445115
44,mix_s000_c020_r080,"{""classification"": 0.2, ""retrieval"": 0.8, ""sts"": 0.0}",AmazonCounterfactualClassification,0.659479
44,mix_s000_c020_r080,"{""classification"": 0.2, ""retrieval"": 0.8, ""sts"": 0.0}",TwentyNewsgroupsClustering.v2,0.428126
44,mix_s000_c020_r080,"{""classification"": 0.2, ""retrieval"": 0.8, ""sts"": 0.0}",STSBenchmark,0.816384
44,mix_s000_c020_r080,"{""classification"": 0.2, ""retrieval"": 0.8, ""sts"": 0.0}",ArguAna,0.47133
44,mix_s000_c020_r080,"{""classification"": 0.2, ""retrieval"": 0.8, ""sts"": 0.0}",STS13,0.788251
44,mix_s000_c020_r080,"{""classification"": 0.2, ""retrieval"": 0.8, ""sts"": 0.0}",EmotionClassification,0.41225
44,mix_s000_c020_r080,"{""classification"": 0.2, ""retrieval"": 0.8, ""sts"": 0.0}",STS12,0.709934
44,mix_s000_c020_r080,"{""classification"": 0.2, ""retrieval"": 0.8, ""sts"": 0.0}",SciFact,0.61831
44,mix_s000_c020_r080,"{""classification"": 0.2, ""retrieval"": 0.8, ""sts"": 0.0}",BIOSSES,0.810067
44,mix_s000_c020_r080,"{""classification"": 0.2, ""retrieval"": 0.8, ""sts"": 0.0}",FiQA2018,0.35869
44,mix_s000_c020_r080,"{""classification"": 0.2, ""retrieval"": 0.8, ""sts"": 0.0}",SICK-R,0.766529
44,mix_s000_c020_r080,"{""classification"": 0.2, ""retrieval"": 0.8, ""sts"": 0.0}",NFCorpus,0.3055
44,mix_s000_c020_r080,"{""classification"": 0.2, ""retrieval"": 0.8, ""sts"": 0.0}",MassiveIntentClassification,0.6721785
44,mix_s000_c020_r080,"{""classification"": 0.2, ""retrieval"": 0.8, ""sts"": 0.0}",AGNewsClassification,0.873421052631579
44,mix_s000_c020_r080,"{""classification"": 0.2, ""retrieval"": 0.8, ""sts"": 0.0}",MSMARCORerankingGate,0.991380454578572
44,mix_s000_c020_r080,"{""classification"": 0.2, ""retrieval"": 0.8, ""sts"": 0.0}",STSBenchmark.clean_exact,0.7974605754823001
44,mix_s000_c020_r080,"{""classification"": 0.2, ""retrieval"": 0.8, ""sts"": 0.0}",SICK-R.clean_exact,0.7488276691606693
44,mix_s000_c020_r080,"{""classification"": 0.2, ""retrieval"": 0.8, ""sts"": 0.0}",STS12.clean_exact,0.7093550841577067
44,mix_s000_c020_r080,"{""classification"": 0.2, ""retrieval"": 0.8, ""sts"": 0.0}",STS13.clean_exact,0.7764379371961733
44,mix_s000_c020_r080,"{""classification"": 0.2, ""retrieval"": 0.8, ""sts"": 0.0}",STS14.clean_exact,0.7574190396184282
44,mix_s000_c040_r060,"{""classification"": 0.4, ""retrieval"": 0.6, ""sts"": 0.0}",STS14,0.716581
44,mix_s000_c040_r060,"{""classification"": 0.4, ""retrieval"": 0.6, ""sts"": 0.0}",Banking77Classification,0.789416
44,mix_s000_c040_r060,"{""classification"": 0.4, ""retrieval"": 0.6, ""sts"": 0.0}",RedditClustering.v2,0.419495
44,mix_s000_c040_r060,"{""classification"": 0.4, ""retrieval"": 0.6, ""sts"": 0.0}",AmazonCounterfactualClassification,0.6586995
44,mix_s000_c040_r060,"{""classification"": 0.4, ""retrieval"": 0.6, ""sts"": 0.0}",TwentyNewsgroupsClustering.v2,0.413526
44,mix_s000_c040_r060,"{""classification"": 0.4, ""retrieval"": 0.6, ""sts"": 0.0}",STSBenchmark,0.776959
44,mix_s000_c040_r060,"{""classification"": 0.4, ""retrieval"": 0.6, ""sts"": 0.0}",ArguAna,0.44657
44,mix_s000_c040_r060,"{""classification"": 0.4, ""retrieval"": 0.6, ""sts"": 0.0}",STS13,0.752891
44,mix_s000_c040_r060,"{""classification"": 0.4, ""retrieval"": 0.6, ""sts"": 0.0}",EmotionClassification,0.38715
44,mix_s000_c040_r060,"{""classification"": 0.4, ""retrieval"": 0.6, ""sts"": 0.0}",STS12,0.660565
44,mix_s000_c040_r060,"{""classification"": 0.4, ""retrieval"": 0.6, ""sts"": 0.0}",SciFact,0.62029
44,mix_s000_c040_r060,"{""classification"": 0.4, ""retrieval"": 0.6, ""sts"": 0.0}",BIOSSES,0.733294
44,mix_s000_c040_r060,"{""classification"": 0.4, ""retrieval"": 0.6, ""sts"": 0.0}",FiQA2018,0.34215
44,mix_s000_c040_r060,"{""classification"": 0.4, ""retrieval"": 0.6, ""sts"": 0.0}",SICK-R,0.751501
44,mix_s000_c040_r060,"{""classification"": 0.4, ""retrieval"": 0.6, ""sts"": 0.0}",NFCorpus,0.29381
44,mix_s000_c040_r060,"{""classification"": 0.4, ""retrieval"": 0.6, ""sts"": 0.0}",MassiveIntentClassification,0.66717
44,mix_s000_c040_r060,"{""classification"": 0.4, ""retrieval"": 0.6, ""sts"": 0.0}",AGNewsClassification,0.8785526315789474
44,mix_s000_c040_r060,"{""classification"": 0.4, ""retrieval"": 0.6, ""sts"": 0.0}",MSMARCORerankingGate,0.9891660331000008
44,mix_s000_c040_r060,"{""classification"": 0.4, ""retrieval"": 0.6, ""sts"": 0.0}",STSBenchmark.clean_exact,0.752333750140713
44,mix_s000_c040_r060,"{""classification"": 0.4, ""retrieval"": 0.6, ""sts"": 0.0}",SICK-R.clean_exact,0.7353210805515834
44,mix_s000_c040_r060,"{""classification"": 0.4, ""retrieval"": 0.6, ""sts"": 0.0}",STS12.clean_exact,0.6599159350396502
44,mix_s000_c040_r060,"{""classification"": 0.4, ""retrieval"": 0.6, ""sts"": 0.0}",STS13.clean_exact,0.7545961377903427
44,mix_s000_c040_r060,"{""classification"": 0.4, ""retrieval"": 0.6, ""sts"": 0.0}",STS14.clean_exact,0.7168032372653224
44,mix_s000_c060_r040,"{""classification"": 0.6, ""retrieval"": 0.4, ""sts"": 0.0}",STS14,0.666242
44,mix_s000_c060_r040,"{""classification"": 0.6, ""retrieval"": 0.4, ""sts"": 0.0}",Banking77Classification,0.768149
44,mix_s000_c060_r040,"{""classification"": 0.6, ""retrieval"": 0.4, ""sts"": 0.0}",RedditClustering.v2,0.401013
44,mix_s000_c060_r040,"{""classification"": 0.6, ""retrieval"": 0.4, ""sts"": 0.0}",AmazonCounterfactualClassification,0.648789
44,mix_s000_c060_r040,"{""classification"": 0.6, ""retrieval"": 0.4, ""sts"": 0.0}",TwentyNewsgroupsClustering.v2,0.416272
44,mix_s000_c060_r040,"{""classification"": 0.6, ""retrieval"": 0.4, ""sts"": 0.0}",STSBenchmark,0.740628
44,mix_s000_c060_r040,"{""classification"": 0.6, ""retrieval"": 0.4, ""sts"": 0.0}",ArguAna,0.41247
44,mix_s000_c060_r040,"{""classification"": 0.6, ""retrieval"": 0.4, ""sts"": 0.0}",STS13,0.713058
44,mix_s000_c060_r040,"{""classification"": 0.6, ""retrieval"": 0.4, ""sts"": 0.0}",EmotionClassification,0.3588
44,mix_s000_c060_r040,"{""classification"": 0.6, ""retrieval"": 0.4, ""sts"": 0.0}",STS12,0.615703
44,mix_s000_c060_r040,"{""classification"": 0.6, ""retrieval"": 0.4, ""sts"": 0.0}",SciFact,0.58612
44,mix_s000_c060_r040,"{""classification"": 0.6, ""retrieval"": 0.4, ""sts"": 0.0}",BIOSSES,0.668636
44,mix_s000_c060_r040,"{""classification"": 0.6, ""retrieval"": 0.4, ""sts"": 0.0}",FiQA2018,0.3143
44,mix_s000_c060_r040,"{""classification"": 0.6, ""retrieval"": 0.4, ""sts"": 0.0}",SICK-R,0.733205
44,mix_s000_c060_r040,"{""classification"": 0.6, ""retrieval"": 0.4, ""sts"": 0.0}",NFCorpus,0.28567
44,mix_s000_c060_r040,"{""classification"": 0.6, ""retrieval"": 0.4, ""sts"": 0.0}",MassiveIntentClassification,0.65324
44,mix_s000_c060_r040,"{""classification"": 0.6, ""retrieval"": 0.4, ""sts"": 0.0}",AGNewsClassification,0.8838157894736842
44,mix_s000_c060_r040,"{""classification"": 0.6, ""retrieval"": 0.4, ""sts"": 0.0}",MSMARCORerankingGate,0.9837371901428582
44,mix_s000_c060_r040,"{""classification"": 0.6, ""retrieval"": 0.4, ""sts"": 0.0}",STSBenchmark.clean_exact,0.7120059197663976
44,mix_s000_c060_r040,"{""classification"": 0.6, ""retrieval"": 0.4, ""sts"": 0.0}",SICK-R.clean_exact,0.7185980099616767
44,mix_s000_c060_r040,"{""classification"": 0.6, ""retrieval"": 0.4, ""sts"": 0.0}",STS12.clean_exact,0.6149399286990697
44,mix_s000_c060_r040,"{""classification"": 0.6, ""retrieval"": 0.4, ""sts"": 0.0}",STS13.clean_exact,0.720280767848531
44,mix_s000_c060_r040,"{""classification"": 0.6, ""retrieval"": 0.4, ""sts"": 0.0}",STS14.clean_exact,0.667293522918295
44,mix_s000_c080_r020,"{""classification"": 0.8, ""retrieval"": 0.2, ""sts"": 0.0}",STS14,0.617625
44,mix_s000_c080_r020,"{""classification"": 0.8, ""retrieval"": 0.2, ""sts"": 0.0}",Banking77Classification,0.741299
44,mix_s000_c080_r020,"{""classification"": 0.8, ""retrieval"": 0.2, ""sts"": 0.0}",RedditClustering.v2,0.401378
44,mix_s000_c080_r020,"{""classification"": 0.8, ""retrieval"": 0.2, ""sts"": 0.0}",AmazonCounterfactualClassification,0.65285225
44,mix_s000_c080_r020,"{""classification"": 0.8, ""retrieval"": 0.2, ""sts"": 0.0}",TwentyNewsgroupsClustering.v2,0.40411
44,mix_s000_c080_r020,"{""classification"": 0.8, ""retrieval"": 0.2, ""sts"": 0.0}",STSBenchmark,0.705918
44,mix_s000_c080_r020,"{""classification"": 0.8, ""retrieval"": 0.2, ""sts"": 0.0}",ArguAna,0.33268
44,mix_s000_c080_r020,"{""classification"": 0.8, ""retrieval"": 0.2, ""sts"": 0.0}",STS13,0.667229
44,mix_s000_c080_r020,"{""classification"": 0.8, ""retrieval"": 0.2, ""sts"": 0.0}",EmotionClassification,0.3352
44,mix_s000_c080_r020,"{""classification"": 0.8, ""retrieval"": 0.2, ""sts"": 0.0}",STS12,0.588101
44,mix_s000_c080_r020,"{""classification"": 0.8, ""retrieval"": 0.2, ""sts"": 0.0}",SciFact,0.55278
44,mix_s000_c080_r020,"{""classification"": 0.8, ""retrieval"": 0.2, ""sts"": 0.0}",BIOSSES,0.613381
44,mix_s000_c080_r020,"{""classification"": 0.8, ""retrieval"": 0.2, ""sts"": 0.0}",FiQA2018,0.27484
44,mix_s000_c080_r020,"{""classification"": 0.8, ""retrieval"": 0.2, ""sts"": 0.0}",SICK-R,0.712008
44,mix_s000_c080_r020,"{""classification"": 0.8, ""retrieval"": 0.2, ""sts"": 0.0}",NFCorpus,0.2715
44,mix_s000_c080_r020,"{""classification"": 0.8, ""retrieval"": 0.2, ""sts"": 0.0}",MassiveIntentClassification,0.6397525
44,mix_s000_c080_r020,"{""classification"": 0.8, ""retrieval"": 0.2, ""sts"": 0.0}",AGNewsClassification,0.886578947368421
44,mix_s000_c080_r020,"{""classification"": 0.8, ""retrieval"": 0.2, ""sts"": 0.0}",MSMARCORerankingGate,0.9689506612714308
44,mix_s000_c080_r020,"{""classification"": 0.8, ""retrieval"": 0.2, ""sts"": 0.0}",STSBenchmark.clean_exact,0.6743200297788229
44,mix_s000_c080_r020,"{""classification"": 0.8, ""retrieval"": 0.2, ""sts"": 0.0}",SICK-R.clean_exact,0.7003766764397782
44,mix_s000_c080_r020,"{""classification"": 0.8, ""retrieval"": 0.2, ""sts"": 0.0}",STS12.clean_exact,0.5873130972661065
44,mix_s000_c080_r020,"{""classification"": 0.8, ""retrieval"": 0.2, ""sts"": 0.0}",STS13.clean_exact,0.6837461240186523
44,mix_s000_c080_r020,"{""classification"": 0.8, ""retrieval"": 0.2, ""sts"": 0.0}",STS14.clean_exact,0.6265997476538723
44,mix_s000_c100_r000,"{""classification"": 1.0, ""retrieval"": 0.0, ""sts"": 0.0}",STS14,0.573226
44,mix_s000_c100_r000,"{""classification"": 1.0, ""retrieval"": 0.0, ""sts"": 0.0}",Banking77Classification,0.653864
44,mix_s000_c100_r000,"{""classification"": 1.0, ""retrieval"": 0.0, ""sts"": 0.0}",RedditClustering.v2,0.377015
44,mix_s000_c100_r000,"{""classification"": 1.0, ""retrieval"": 0.0, ""sts"": 0.0}",AmazonCounterfactualClassification,0.6655997499999999
44,mix_s000_c100_r000,"{""classification"": 1.0, ""retrieval"": 0.0, ""sts"": 0.0}",TwentyNewsgroupsClustering.v2,0.395666
44,mix_s000_c100_r000,"{""classification"": 1.0, ""retrieval"": 0.0, ""sts"": 0.0}",STSBenchmark,0.651044
44,mix_s000_c100_r000,"{""classification"": 1.0, ""retrieval"": 0.0, ""sts"": 0.0}",ArguAna,0.19922
44,mix_s000_c100_r000,"{""classification"": 1.0, ""retrieval"": 0.0, ""sts"": 0.0}",STS13,0.616475
44,mix_s000_c100_r000,"{""classification"": 1.0, ""retrieval"": 0.0, ""sts"": 0.0}",EmotionClassification,0.3006
44,mix_s000_c100_r000,"{""classification"": 1.0, ""retrieval"": 0.0, ""sts"": 0.0}",STS12,0.568405
44,mix_s000_c100_r000,"{""classification"": 1.0, ""retrieval"": 0.0, ""sts"": 0.0}",SciFact,0.35274
44,mix_s000_c100_r000,"{""classification"": 1.0, ""retrieval"": 0.0, ""sts"": 0.0}",BIOSSES,0.510325
44,mix_s000_c100_r000,"{""classification"": 1.0, ""retrieval"": 0.0, ""sts"": 0.0}",FiQA2018,0.1343
44,mix_s000_c100_r000,"{""classification"": 1.0, ""retrieval"": 0.0, ""sts"": 0.0}",SICK-R,0.662275
44,mix_s000_c100_r000,"{""classification"": 1.0, ""retrieval"": 0.0, ""sts"": 0.0}",NFCorpus,0.12804
44,mix_s000_c100_r000,"{""classification"": 1.0, ""retrieval"": 0.0, ""sts"": 0.0}",MassiveIntentClassification,0.5837565
44,mix_s000_c100_r000,"{""classification"": 1.0, ""retrieval"": 0.0, ""sts"": 0.0}",AGNewsClassification,0.8898684210526315
44,mix_s000_c100_r000,"{""classification"": 1.0, ""retrieval"": 0.0, ""sts"": 0.0}",MSMARCORerankingGate,0.8425838657126137
44,mix_s000_c100_r000,"{""classification"": 1.0, ""retrieval"": 0.0, ""sts"": 0.0}",STSBenchmark.clean_exact,0.615930100065859
44,mix_s000_c100_r000,"{""classification"": 1.0, ""retrieval"": 0.0, ""sts"": 0.0}",SICK-R.clean_exact,0.6579333950176047
44,mix_s000_c100_r000,"{""classification"": 1.0, ""retrieval"": 0.0, ""sts"": 0.0}",STS12.clean_exact,0.5675862784133062
44,mix_s000_c100_r000,"{""classification"": 1.0, ""retrieval"": 0.0, ""sts"": 0.0}",STS13.clean_exact,0.6076681476368335
44,mix_s000_c100_r000,"{""classification"": 1.0, ""retrieval"": 0.0, ""sts"": 0.0}",STS14.clean_exact,0.5904238237441012
44,mix_s020_c000_r080,"{""classification"": 0.0, ""retrieval"": 0.8, ""sts"": 0.2}",STS14,0.767121
44,mix_s020_c000_r080,"{""classification"": 0.0, ""retrieval"": 0.8, ""sts"": 0.2}",Banking77Classification,0.806688
44,mix_s020_c000_r080,"{""classification"": 0.0, ""retrieval"": 0.8, ""sts"": 0.2}",RedditClustering.v2,0.473029
44,mix_s020_c000_r080,"{""classification"": 0.0, ""retrieval"": 0.8, ""sts"": 0.2}",AmazonCounterfactualClassification,0.65890375
44,mix_s020_c000_r080,"{""classification"": 0.0, ""retrieval"": 0.8, ""sts"": 0.2}",TwentyNewsgroupsClustering.v2,0.4413
44,mix_s020_c000_r080,"{""classification"": 0.0, ""retrieval"": 0.8, ""sts"": 0.2}",STSBenchmark,0.824636
44,mix_s020_c000_r080,"{""classification"": 0.0, ""retrieval"": 0.8, ""sts"": 0.2}",ArguAna,0.49755
44,mix_s020_c000_r080,"{""classification"": 0.0, ""retrieval"": 0.8, ""sts"": 0.2}",STS13,0.800852
44,mix_s020_c000_r080,"{""classification"": 0.0, ""retrieval"": 0.8, ""sts"": 0.2}",EmotionClassification,0.41745
44,mix_s020_c000_r080,"{""classification"": 0.0, ""retrieval"": 0.8, ""sts"": 0.2}",STS12,0.715914
44,mix_s020_c000_r080,"{""classification"": 0.0, ""retrieval"": 0.8, ""sts"": 0.2}",SciFact,0.62778
44,mix_s020_c000_r080,"{""classification"": 0.0, ""retrieval"": 0.8, ""sts"": 0.2}",BIOSSES,0.835242
44,mix_s020_c000_r080,"{""classification"": 0.0, ""retrieval"": 0.8, ""sts"": 0.2}",FiQA2018,0.37038
44,mix_s020_c000_r080,"{""classification"": 0.0, ""retrieval"": 0.8, ""sts"": 0.2}",SICK-R,0.776801
44,mix_s020_c000_r080,"{""classification"": 0.0, ""retrieval"": 0.8, ""sts"": 0.2}",NFCorpus,0.3056
44,mix_s020_c000_r080,"{""classification"": 0.0, ""retrieval"": 0.8, ""sts"": 0.2}",MassiveIntentClassification,0.6753175
44,mix_s020_c000_r080,"{""classification"": 0.0, ""retrieval"": 0.8, ""sts"": 0.2}",AGNewsClassification,0.87
44,mix_s020_c000_r080,"{""classification"": 0.0, ""retrieval"": 0.8, ""sts"": 0.2}",MSMARCORerankingGate,0.9918804545785721
44,mix_s020_c000_r080,"{""classification"": 0.0, ""retrieval"": 0.8, ""sts"": 0.2}",STSBenchmark.clean_exact,0.8095882420123859
44,mix_s020_c000_r080,"{""classification"": 0.0, ""retrieval"": 0.8, ""sts"": 0.2}",SICK-R.clean_exact,0.7581533360398585
44,mix_s020_c000_r080,"{""classification"": 0.0, ""retrieval"": 0.8, ""sts"": 0.2}",STS12.clean_exact,0.7153838568638976
44,mix_s020_c000_r080,"{""classification"": 0.0, ""retrieval"": 0.8, ""sts"": 0.2}",STS13.clean_exact,0.7821820382445519
44,mix_s020_c000_r080,"{""classification"": 0.0, ""retrieval"": 0.8, ""sts"": 0.2}",STS14.clean_exact,0.7636005512527267
44,mix_s020_c020_r060,"{""classification"": 0.2, ""retrieval"": 0.6, ""sts"": 0.2}",STS14,0.753206
44,mix_s020_c020_r060,"{""classification"": 0.2, ""retrieval"": 0.6, ""sts"": 0.2}",Banking77Classification,0.798117
44,mix_s020_c020_r060,"{""classification"": 0.2, ""retrieval"": 0.6, ""sts"": 0.2}",RedditClustering.v2,0.449665
44,mix_s020_c020_r060,"{""classification"": 0.2, ""retrieval"": 0.6, ""sts"": 0.2}",AmazonCounterfactualClassification,0.66833975
44,mix_s020_c020_r060,"{""classification"": 0.2, ""retrieval"": 0.6, ""sts"": 0.2}",TwentyNewsgroupsClustering.v2,0.44024
44,mix_s020_c020_r060,"{""classification"": 0.2, ""retrieval"": 0.6, ""sts"": 0.2}",STSBenchmark,0.808909
44,mix_s020_c020_r060,"{""classification"": 0.2, ""retrieval"": 0.6, ""sts"": 0.2}",ArguAna,0.48273
44,mix_s020_c020_r060,"{""classification"": 0.2, ""retrieval"": 0.6, ""sts"": 0.2}",STS13,0.780404
44,mix_s020_c020_r060,"{""classification"": 0.2, ""retrieval"": 0.6, ""sts"": 0.2}",EmotionClassification,0.4099
44,mix_s020_c020_r060,"{""classification"": 0.2, ""retrieval"": 0.6, ""sts"": 0.2}",STS12,0.682699
44,mix_s020_c020_r060,"{""classification"": 0.2, ""retrieval"": 0.6, ""sts"": 0.2}",SciFact,0.62986
44,mix_s020_c020_r060,"{""classification"": 0.2, ""retrieval"": 0.6, ""sts"": 0.2}",BIOSSES,0.805494
44,mix_s020_c020_r060,"{""classification"": 0.2, ""retrieval"": 0.6, ""sts"": 0.2}",FiQA2018,0.35327
44,mix_s020_c020_r060,"{""classification"": 0.2, ""retrieval"": 0.6, ""sts"": 0.2}",SICK-R,0.772346
44,mix_s020_c020_r060,"{""classification"": 0.2, ""retrieval"": 0.6, ""sts"": 0.2}",NFCorpus,0.30093
44,mix_s020_c020_r060,"{""classification"": 0.2, ""retrieval"": 0.6, ""sts"": 0.2}",MassiveIntentClassification,0.672318
44,mix_s020_c020_r060,"{""classification"": 0.2, ""retrieval"": 0.6, ""sts"": 0.2}",AGNewsClassification,0.8771052631578947
44,mix_s020_c020_r060,"{""classification"": 0.2, ""retrieval"": 0.6, ""sts"": 0.2}",MSMARCORerankingGate,0.990642314085715
44,mix_s020_c020_r060,"{""classification"": 0.2, ""retrieval"": 0.6, ""sts"": 0.2}",STSBenchmark.clean_exact,0.7888429793526524
44,mix_s020_c020_r060,"{""classification"": 0.2, ""retrieval"": 0.6, ""sts"": 0.2}",SICK-R.clean_exact,0.7539138070812725
44,mix_s020_c020_r060,"{""classification"": 0.2, ""retrieval"": 0.6, ""sts"": 0.2}",STS12.clean_exact,0.6821059417554952
44,mix_s020_c020_r060,"{""classification"": 0.2, ""retrieval"": 0.6, ""sts"": 0.2}",STS13.clean_exact,0.7691666637135693
44,mix_s020_c020_r060,"{""classification"": 0.2, ""retrieval"": 0.6, ""sts"": 0.2}",STS14.clean_exact,0.7489335828257602
44,mix_s020_c040_r040,"{""classification"": 0.4, ""retrieval"": 0.4, ""sts"": 0.2}",STS14,0.707491
44,mix_s020_c040_r040,"{""classification"": 0.4, ""retrieval"": 0.4, ""sts"": 0.2}",Banking77Classification,0.775097
44,mix_s020_c040_r040,"{""classification"": 0.4, ""retrieval"": 0.4, ""sts"": 0.2}",RedditClustering.v2,0.43707
44,mix_s020_c040_r040,"{""classification"": 0.4, ""retrieval"": 0.4, ""sts"": 0.2}",AmazonCounterfactualClassification,0.6684905000000001
44,mix_s020_c040_r040,"{""classification"": 0.4, ""retrieval"": 0.4, ""sts"": 0.2}",TwentyNewsgroupsClustering.v2,0.431291
44,mix_s020_c040_r040,"{""classification"": 0.4, ""retrieval"": 0.4, ""sts"": 0.2}",STSBenchmark,0.78028
44,mix_s020_c040_r040,"{""classification"": 0.4, ""retrieval"": 0.4, ""sts"": 0.2}",ArguAna,0.43708
44,mix_s020_c040_r040,"{""classification"": 0.4, ""retrieval"": 0.4, ""sts"": 0.2}",STS13,0.745686
44,mix_s020_c040_r040,"{""classification"": 0.4, ""retrieval"": 0.4, ""sts"": 0.2}",EmotionClassification,0.38265
44,mix_s020_c040_r040,"{""classification"": 0.4, ""retrieval"": 0.4, ""sts"": 0.2}",STS12,0.629427
44,mix_s020_c040_r040,"{""classification"": 0.4, ""retrieval"": 0.4, ""sts"": 0.2}",SciFact,0.60974
44,mix_s020_c040_r040,"{""classification"": 0.4, ""retrieval"": 0.4, ""sts"": 0.2}",BIOSSES,0.714034
44,mix_s020_c040_r040,"{""classification"": 0.4, ""retrieval"": 0.4, ""sts"": 0.2}",FiQA2018,0.3248
44,mix_s020_c040_r040,"{""classification"": 0.4, ""retrieval"": 0.4, ""sts"": 0.2}",SICK-R,0.75602
44,mix_s020_c040_r040,"{""classification"": 0.4, ""retrieval"": 0.4, ""sts"": 0.2}",NFCorpus,0.29008
44,mix_s020_c040_r040,"{""classification"": 0.4, ""retrieval"": 0.4, ""sts"": 0.2}",MassiveIntentClassification,0.661223
44,mix_s020_c040_r040,"{""classification"": 0.4, ""retrieval"": 0.4, ""sts"": 0.2}",AGNewsClassification,0.8798684210526316
44,mix_s020_c040_r040,"{""classification"": 0.4, ""retrieval"": 0.4, ""sts"": 0.2}",MSMARCORerankingGate,0.9879278926071436
44,mix_s020_c040_r040,"{""classification"": 0.4, ""retrieval"": 0.4, ""sts"": 0.2}",STSBenchmark.clean_exact,0.7539598528125184
44,mix_s020_c040_r040,"{""classification"": 0.4, ""retrieval"": 0.4, ""sts"": 0.2}",SICK-R.clean_exact,0.7385739664136597
44,mix_s020_c040_r040,"{""classification"": 0.4, ""retrieval"": 0.4, ""sts"": 0.2}",STS12.clean_exact,0.6287303552830437
44,mix_s020_c040_r040,"{""classification"": 0.4, ""retrieval"": 0.4, ""sts"": 0.2}",STS13.clean_exact,0.7376834343061098
44,mix_s020_c040_r040,"{""classification"": 0.4, ""retrieval"": 0.4, ""sts"": 0.2}",STS14.clean_exact,0.6990142656017725
44,mix_s020_c060_r020,"{""classification"": 0.6, ""retrieval"": 0.2, ""sts"": 0.2}",STS14,0.663659
44,mix_s020_c060_r020,"{""classification"": 0.6, ""retrieval"": 0.2, ""sts"": 0.2}",Banking77Classification,0.740552
44,mix_s020_c060_r020,"{""classification"": 0.6, ""retrieval"": 0.2, ""sts"": 0.2}",RedditClustering.v2,0.416523
44,mix_s020_c060_r020,"{""classification"": 0.6, ""retrieval"": 0.2, ""sts"": 0.2}",AmazonCounterfactualClassification,0.660318
44,mix_s020_c060_r020,"{""classification"": 0.6, ""retrieval"": 0.2, ""sts"": 0.2}",TwentyNewsgroupsClustering.v2,0.415946
44,mix_s020_c060_r020,"{""classification"": 0.6, ""retrieval"": 0.2, ""sts"": 0.2}",STSBenchmark,0.748602
44,mix_s020_c060_r020,"{""classification"": 0.6, ""retrieval"": 0.2, ""sts"": 0.2}",ArguAna,0.38509
44,mix_s020_c060_r020,"{""classification"": 0.6, ""retrieval"": 0.2, ""sts"": 0.2}",STS13,0.70595
44,mix_s020_c060_r020,"{""classification"": 0.6, ""retrieval"": 0.2, ""sts"": 0.2}",EmotionClassification,0.3466
44,mix_s020_c060_r020,"{""classification"": 0.6, ""retrieval"": 0.2, ""sts"": 0.2}",STS12,0.588078
44,mix_s020_c060_r020,"{""classification"": 0.6, ""retrieval"": 0.2, ""sts"": 0.2}",SciFact,0.56223
44,mix_s020_c060_r020,"{""classification"": 0.6, ""retrieval"": 0.2, ""sts"": 0.2}",BIOSSES,0.663118
44,mix_s020_c060_r020,"{""classification"": 0.6, ""retrieval"": 0.2, ""sts"": 0.2}",FiQA2018,0.27995
44,mix_s020_c060_r020,"{""classification"": 0.6, ""retrieval"": 0.2, ""sts"": 0.2}",SICK-R,0.73608
44,mix_s020_c060_r020,"{""classification"": 0.6, ""retrieval"": 0.2, ""sts"": 0.2}",NFCorpus,0.26671
44,mix_s020_c060_r020,"{""classification"": 0.6, ""retrieval"": 0.2, ""sts"": 0.2}",MassiveIntentClassification,0.640235
44,mix_s020_c060_r020,"{""classification"": 0.6, ""retrieval"": 0.2, ""sts"": 0.2}",AGNewsClassification,0.8847368421052632
44,mix_s020_c060_r020,"{""classification"": 0.6, ""retrieval"": 0.2, ""sts"": 0.2}",MSMARCORerankingGate,0.9796536984178585
44,mix_s020_c060_r020,"{""classification"": 0.6, ""retrieval"": 0.2, ""sts"": 0.2}",STSBenchmark.clean_exact,0.7179489469321811
44,mix_s020_c060_r020,"{""classification"": 0.6, ""retrieval"": 0.2, ""sts"": 0.2}",SICK-R.clean_exact,0.719327842519274
44,mix_s020_c060_r020,"{""classification"": 0.6, ""retrieval"": 0.2, ""sts"": 0.2}",STS12.clean_exact,0.5873630549306799
44,mix_s020_c060_r020,"{""classification"": 0.6, ""retrieval"": 0.2, ""sts"": 0.2}",STS13.clean_exact,0.6971725691342292
44,mix_s020_c060_r020,"{""classification"": 0.6, ""retrieval"": 0.2, ""sts"": 0.2}",STS14.clean_exact,0.6535763232546509
44,mix_s020_c080_r000,"{""classification"": 0.8, ""retrieval"": 0.0, ""sts"": 0.2}",STS14,0.673511
44,mix_s020_c080_r000,"{""classification"": 0.8, ""retrieval"": 0.0, ""sts"": 0.2}",Banking77Classification,0.665162
44,mix_s020_c080_r000,"{""classification"": 0.8, ""retrieval"": 0.0, ""sts"": 0.2}",RedditClustering.v2,0.408816
44,mix_s020_c080_r000,"{""classification"": 0.8, ""retrieval"": 0.0, ""sts"": 0.2}",AmazonCounterfactualClassification,0.66959875
44,mix_s020_c080_r000,"{""classification"": 0.8, ""retrieval"": 0.0, ""sts"": 0.2}",TwentyNewsgroupsClustering.v2,0.418452
44,mix_s020_c080_r000,"{""classification"": 0.8, ""retrieval"": 0.0, ""sts"": 0.2}",STSBenchmark,0.74305
44,mix_s020_c080_r000,"{""classification"": 0.8, ""retrieval"": 0.0, ""sts"": 0.2}",ArguAna,0.27506
44,mix_s020_c080_r000,"{""classification"": 0.8, ""retrieval"": 0.0, ""sts"": 0.2}",STS13,0.714947
44,mix_s020_c080_r000,"{""classification"": 0.8, ""retrieval"": 0.0, ""sts"": 0.2}",EmotionClassification,0.3187
44,mix_s020_c080_r000,"{""classification"": 0.8, ""retrieval"": 0.0, ""sts"": 0.2}",STS12,0.613399
44,mix_s020_c080_r000,"{""classification"": 0.8, ""retrieval"": 0.0, ""sts"": 0.2}",SciFact,0.42717
44,mix_s020_c080_r000,"{""classification"": 0.8, ""retrieval"": 0.0, ""sts"": 0.2}",BIOSSES,0.621864
44,mix_s020_c080_r000,"{""classification"": 0.8, ""retrieval"": 0.0, ""sts"": 0.2}",FiQA2018,0.18272
44,mix_s020_c080_r000,"{""classification"": 0.8, ""retrieval"": 0.0, ""sts"": 0.2}",SICK-R,0.725379
44,mix_s020_c080_r000,"{""classification"": 0.8, ""retrieval"": 0.0, ""sts"": 0.2}",NFCorpus,0.16641
44,mix_s020_c080_r000,"{""classification"": 0.8, ""retrieval"": 0.0, ""sts"": 0.2}",MassiveIntentClassification,0.592327
44,mix_s020_c080_r000,"{""classification"": 0.8, ""retrieval"": 0.0, ""sts"": 0.2}",AGNewsClassification,0.886578947368421
44,mix_s020_c080_r000,"{""classification"": 0.8, ""retrieval"": 0.0, ""sts"": 0.2}",MSMARCORerankingGate,0.8868595699162124
44,mix_s020_c080_r000,"{""classification"": 0.8, ""retrieval"": 0.0, ""sts"": 0.2}",STSBenchmark.clean_exact,0.7098773090105643
44,mix_s020_c080_r000,"{""classification"": 0.8, ""retrieval"": 0.0, ""sts"": 0.2}",SICK-R.clean_exact,0.7101529322838666
44,mix_s020_c080_r000,"{""classification"": 0.8, ""retrieval"": 0.0, ""sts"": 0.2}",STS12.clean_exact,0.6127237012430929
44,mix_s020_c080_r000,"{""classification"": 0.8, ""retrieval"": 0.0, ""sts"": 0.2}",STS13.clean_exact,0.6872896358856702
44,mix_s020_c080_r000,"{""classification"": 0.8, ""retrieval"": 0.0, ""sts"": 0.2}",STS14.clean_exact,0.6669441066545498
44,mix_s040_c000_r060,"{""classification"": 0.0, ""retrieval"": 0.6, ""sts"": 0.4}",STS14,0.774147
44,mix_s040_c000_r060,"{""classification"": 0.0, ""retrieval"": 0.6, ""sts"": 0.4}",Banking77Classification,0.803344
44,mix_s040_c000_r060,"{""classification"": 0.0, ""retrieval"": 0.6, ""sts"": 0.4}",RedditClustering.v2,0.472871
44,mix_s040_c000_r060,"{""classification"": 0.0, ""retrieval"": 0.6, ""sts"": 0.4}",AmazonCounterfactualClassification,0.66579975
44,mix_s040_c000_r060,"{""classification"": 0.0, ""retrieval"": 0.6, ""sts"": 0.4}",TwentyNewsgroupsClustering.v2,0.429793
44,mix_s040_c000_r060,"{""classification"": 0.0, ""retrieval"": 0.6, ""sts"": 0.4}",STSBenchmark,0.828718
44,mix_s040_c000_r060,"{""classification"": 0.0, ""retrieval"": 0.6, ""sts"": 0.4}",ArguAna,0.50805
44,mix_s040_c000_r060,"{""classification"": 0.0, ""retrieval"": 0.6, ""sts"": 0.4}",STS13,0.801269
44,mix_s040_c000_r060,"{""classification"": 0.0, ""retrieval"": 0.6, ""sts"": 0.4}",EmotionClassification,0.4202
44,mix_s040_c000_r060,"{""classification"": 0.0, ""retrieval"": 0.6, ""sts"": 0.4}",STS12,0.718684
44,mix_s040_c000_r060,"{""classification"": 0.0, ""retrieval"": 0.6, ""sts"": 0.4}",SciFact,0.62506
44,mix_s040_c000_r060,"{""classification"": 0.0, ""retrieval"": 0.6, ""sts"": 0.4}",BIOSSES,0.828332
44,mix_s040_c000_r060,"{""classification"": 0.0, ""retrieval"": 0.6, ""sts"": 0.4}",FiQA2018,0.36299
44,mix_s040_c000_r060,"{""classification"": 0.0, ""retrieval"": 0.6, ""sts"": 0.4}",SICK-R,0.775798
44,mix_s040_c000_r060,"{""classification"": 0.0, ""retrieval"": 0.6, ""sts"": 0.4}",NFCorpus,0.30679
44,mix_s040_c000_r060,"{""classification"": 0.0, ""retrieval"": 0.6, ""sts"": 0.4}",MassiveIntentClassification,0.676944
44,mix_s040_c000_r060,"{""classification"": 0.0, ""retrieval"": 0.6, ""sts"": 0.4}",AGNewsClassification,0.8709210526315789
44,mix_s040_c000_r060,"{""classification"": 0.0, ""retrieval"": 0.6, ""sts"": 0.4}",MSMARCORerankingGate,0.9918804545785721
44,mix_s040_c000_r060,"{""classification"": 0.0, ""retrieval"": 0.6, ""sts"": 0.4}",STSBenchmark.clean_exact,0.8129921446191897
44,mix_s040_c000_r060,"{""classification"": 0.0, ""retrieval"": 0.6, ""sts"": 0.4}",SICK-R.clean_exact,0.7568585584380692
44,mix_s040_c000_r060,"{""classification"": 0.0, ""retrieval"": 0.6, ""sts"": 0.4}",STS12.clean_exact,0.7181589941594152
44,mix_s040_c000_r060,"{""classification"": 0.0, ""retrieval"": 0.6, ""sts"": 0.4}",STS13.clean_exact,0.7789725189819856
44,mix_s040_c000_r060,"{""classification"": 0.0, ""retrieval"": 0.6, ""sts"": 0.4}",STS14.clean_exact,0.7690939040442928
44,mix_s040_c020_r040,"{""classification"": 0.2, ""retrieval"": 0.4, ""sts"": 0.4}",STS14,0.748685
44,mix_s040_c020_r040,"{""classification"": 0.2, ""retrieval"": 0.4, ""sts"": 0.4}",Banking77Classification,0.784286
44,mix_s040_c020_r040,"{""classification"": 0.2, ""retrieval"": 0.4, ""sts"": 0.4}",RedditClustering.v2,0.447033
44,mix_s040_c020_r040,"{""classification"": 0.2, ""retrieval"": 0.4, ""sts"": 0.4}",AmazonCounterfactualClassification,0.68053425
44,mix_s040_c020_r040,"{""classification"": 0.2, ""retrieval"": 0.4, ""sts"": 0.4}",TwentyNewsgroupsClustering.v2,0.436105
44,mix_s040_c020_r040,"{""classification"": 0.2, ""retrieval"": 0.4, ""sts"": 0.4}",STSBenchmark,0.812389
44,mix_s040_c020_r040,"{""classification"": 0.2, ""retrieval"": 0.4, ""sts"": 0.4}",ArguAna,0.47215
44,mix_s040_c020_r040,"{""classification"": 0.2, ""retrieval"": 0.4, ""sts"": 0.4}",STS13,0.769791
44,mix_s040_c020_r040,"{""classification"": 0.2, ""retrieval"": 0.4, ""sts"": 0.4}",EmotionClassification,0.40915
44,mix_s040_c020_r040,"{""classification"": 0.2, ""retrieval"": 0.4, ""sts"": 0.4}",STS12,0.684476
44,mix_s040_c020_r040,"{""classification"": 0.2, ""retrieval"": 0.4, ""sts"": 0.4}",SciFact,0.62654
44,mix_s040_c020_r040,"{""classification"": 0.2, ""retrieval"": 0.4, ""sts"": 0.4}",BIOSSES,0.771198
44,mix_s040_c020_r040,"{""classification"": 0.2, ""retrieval"": 0.4, ""sts"": 0.4}",FiQA2018,0.33454
44,mix_s040_c020_r040,"{""classification"": 0.2, ""retrieval"": 0.4, ""sts"": 0.4}",SICK-R,0.770224
44,mix_s040_c020_r040,"{""classification"": 0.2, ""retrieval"": 0.4, ""sts"": 0.4}",NFCorpus,0.29001
44,mix_s040_c020_r040,"{""classification"": 0.2, ""retrieval"": 0.4, ""sts"": 0.4}",MassiveIntentClassification,0.6681285
44,mix_s040_c020_r040,"{""classification"": 0.2, ""retrieval"": 0.4, ""sts"": 0.4}",AGNewsClassification,0.8767105263157895
44,mix_s040_c020_r040,"{""classification"": 0.2, ""retrieval"": 0.4, ""sts"": 0.4}",MSMARCORerankingGate,0.990380454578572
44,mix_s040_c020_r040,"{""classification"": 0.2, ""retrieval"": 0.4, ""sts"": 0.4}",STSBenchmark.clean_exact,0.7907724292044761
44,mix_s040_c020_r040,"{""classification"": 0.2, ""retrieval"": 0.4, ""sts"": 0.4}",SICK-R.clean_exact,0.7516174155032327
44,mix_s040_c020_r040,"{""classification"": 0.2, ""retrieval"": 0.4, ""sts"": 0.4}",STS12.clean_exact,0.6839043708055246
44,mix_s040_c020_r040,"{""classification"": 0.2, ""retrieval"": 0.4, ""sts"": 0.4}",STS13.clean_exact,0.7525349331188251
44,mix_s040_c020_r040,"{""classification"": 0.2, ""retrieval"": 0.4, ""sts"": 0.4}",STS14.clean_exact,0.741978801816538
44,mix_s040_c040_r020,"{""classification"": 0.4, ""retrieval"": 0.2, ""sts"": 0.4}",STS14,0.721719
44,mix_s040_c040_r020,"{""classification"": 0.4, ""retrieval"": 0.2, ""sts"": 0.4}",Banking77Classification,0.74789
44,mix_s040_c040_r020,"{""classification"": 0.4, ""retrieval"": 0.2, ""sts"": 0.4}",RedditClustering.v2,0.435293
44,mix_s040_c040_r020,"{""classification"": 0.4, ""retrieval"": 0.2, ""sts"": 0.4}",AmazonCounterfactualClassification,0.67711225
44,mix_s040_c040_r020,"{""classification"": 0.4, ""retrieval"": 0.2, ""sts"": 0.4}",TwentyNewsgroupsClustering.v2,0.429143
44,mix_s040_c040_r020,"{""classification"": 0.4, ""retrieval"": 0.2, ""sts"": 0.4}",STSBenchmark,0.796268
44,mix_s040_c040_r020,"{""classification"": 0.4, ""retrieval"": 0.2, ""sts"": 0.4}",ArguAna,0.42177
44,mix_s040_c040_r020,"{""classification"": 0.4, ""retrieval"": 0.2, ""sts"": 0.4}",STS13,0.746129
44,mix_s040_c040_r020,"{""classification"": 0.4, ""retrieval"": 0.2, ""sts"": 0.4}",EmotionClassification,0.37235
44,mix_s040_c040_r020,"{""classification"": 0.4, ""retrieval"": 0.2, ""sts"": 0.4}",STS12,0.65691
44,mix_s040_c040_r020,"{""classification"": 0.4, ""retrieval"": 0.2, ""sts"": 0.4}",SciFact,0.58157
44,mix_s040_c040_r020,"{""classification"": 0.4, ""retrieval"": 0.2, ""sts"": 0.4}",BIOSSES,0.708396
44,mix_s040_c040_r020,"{""classification"": 0.4, ""retrieval"": 0.2, ""sts"": 0.4}",FiQA2018,0.29873
44,mix_s040_c040_r020,"{""classification"": 0.4, ""retrieval"": 0.2, ""sts"": 0.4}",SICK-R,0.754914
44,mix_s040_c040_r020,"{""classification"": 0.4, ""retrieval"": 0.2, ""sts"": 0.4}",NFCorpus,0.26433
44,mix_s040_c040_r020,"{""classification"": 0.4, ""retrieval"": 0.2, ""sts"": 0.4}",MassiveIntentClassification,0.6457235
44,mix_s040_c040_r020,"{""classification"": 0.4, ""retrieval"": 0.2, ""sts"": 0.4}",AGNewsClassification,0.8818421052631579
44,mix_s040_c040_r020,"{""classification"": 0.4, ""retrieval"": 0.2, ""sts"": 0.4}",MSMARCORerankingGate,0.9808918389107156
44,mix_s040_c040_r020,"{""classification"": 0.4, ""retrieval"": 0.2, ""sts"": 0.4}",STSBenchmark.clean_exact,0.7703757376841207
44,mix_s040_c040_r020,"{""classification"": 0.4, ""retrieval"": 0.2, ""sts"": 0.4}",SICK-R.clean_exact,0.7372682398459367
44,mix_s040_c040_r020,"{""classification"": 0.4, ""retrieval"": 0.2, ""sts"": 0.4}",STS12.clean_exact,0.6563200077423927
44,mix_s040_c040_r020,"{""classification"": 0.4, ""retrieval"": 0.2, ""sts"": 0.4}",STS13.clean_exact,0.7257630827346502
44,mix_s040_c040_r020,"{""classification"": 0.4, ""retrieval"": 0.2, ""sts"": 0.4}",STS14.clean_exact,0.7118121221097553
44,mix_s040_c060_r000,"{""classification"": 0.6, ""retrieval"": 0.0, ""sts"": 0.4}",STS14,0.740911
44,mix_s040_c060_r000,"{""classification"": 0.6, ""retrieval"": 0.0, ""sts"": 0.4}",Banking77Classification,0.692435
44,mix_s040_c060_r000,"{""classification"": 0.6, ""retrieval"": 0.0, ""sts"": 0.4}",RedditClustering.v2,0.431872
44,mix_s040_c060_r000,"{""classification"": 0.6, ""retrieval"": 0.0, ""sts"": 0.4}",AmazonCounterfactualClassification,0.67390225
44,mix_s040_c060_r000,"{""classification"": 0.6, ""retrieval"": 0.0, ""sts"": 0.4}",TwentyNewsgroupsClustering.v2,0.424632
44,mix_s040_c060_r000,"{""classification"": 0.6, ""retrieval"": 0.0, ""sts"": 0.4}",STSBenchmark,0.801623
44,mix_s040_c060_r000,"{""classification"": 0.6, ""retrieval"": 0.0, ""sts"": 0.4}",ArguAna,0.35116
44,mix_s040_c060_r000,"{""classification"": 0.6, ""retrieval"": 0.0, ""sts"": 0.4}",STS13,0.770187
44,mix_s040_c060_r000,"{""classification"": 0.6, ""retrieval"": 0.0, ""sts"": 0.4}",EmotionClassification,0.3495
44,mix_s040_c060_r000,"{""classification"": 0.6, ""retrieval"": 0.0, ""sts"": 0.4}",STS12,0.684098
44,mix_s040_c060_r000,"{""classification"": 0.6, ""retrieval"": 0.0, ""sts"": 0.4}",SciFact,0.5084
44,mix_s040_c060_r000,"{""classification"": 0.6, ""retrieval"": 0.0, ""sts"": 0.4}",BIOSSES,0.697889
44,mix_s040_c060_r000,"{""classification"": 0.6, ""retrieval"": 0.0, ""sts"": 0.4}",FiQA2018,0.22866
44,mix_s040_c060_r000,"{""classification"": 0.6, ""retrieval"": 0.0, ""sts"": 0.4}",SICK-R,0.7464
44,mix_s040_c060_r000,"{""classification"": 0.6, ""retrieval"": 0.0, ""sts"": 0.4}",NFCorpus,0.21314
44,mix_s040_c060_r000,"{""classification"": 0.6, ""retrieval"": 0.0, ""sts"": 0.4}",MassiveIntentClassification,0.608304
44,mix_s040_c060_r000,"{""classification"": 0.6, ""retrieval"": 0.0, ""sts"": 0.4}",AGNewsClassification,0.8825
44,mix_s040_c060_r000,"{""classification"": 0.6, ""retrieval"": 0.0, ""sts"": 0.4}",MSMARCORerankingGate,0.9247038157864529
44,mix_s040_c060_r000,"{""classification"": 0.6, ""retrieval"": 0.0, ""sts"": 0.4}",STSBenchmark.clean_exact,0.7744087938755415
44,mix_s040_c060_r000,"{""classification"": 0.6, ""retrieval"": 0.0, ""sts"": 0.4}",SICK-R.clean_exact,0.7289177310228446
44,mix_s040_c060_r000,"{""classification"": 0.6, ""retrieval"": 0.0, ""sts"": 0.4}",STS12.clean_exact,0.6834847385970539
44,mix_s040_c060_r000,"{""classification"": 0.6, ""retrieval"": 0.0, ""sts"": 0.4}",STS13.clean_exact,0.7412757863753717
44,mix_s040_c060_r000,"{""classification"": 0.6, ""retrieval"": 0.0, ""sts"": 0.4}",STS14.clean_exact,0.7330059965792751
44,mix_s060_c000_r040,"{""classification"": 0.0, ""retrieval"": 0.4, ""sts"": 0.6}",STS14,0.776976
44,mix_s060_c000_r040,"{""classification"": 0.0, ""retrieval"": 0.4, ""sts"": 0.6}",Banking77Classification,0.792045
44,mix_s060_c000_r040,"{""classification"": 0.0, ""retrieval"": 0.4, ""sts"": 0.6}",RedditClustering.v2,0.463179
44,mix_s060_c000_r040,"{""classification"": 0.0, ""retrieval"": 0.4, ""sts"": 0.6}",AmazonCounterfactualClassification,0.6800897499999999
44,mix_s060_c000_r040,"{""classification"": 0.0, ""retrieval"": 0.4, ""sts"": 0.6}",TwentyNewsgroupsClustering.v2,0.429854
44,mix_s060_c000_r040,"{""classification"": 0.0, ""retrieval"": 0.4, ""sts"": 0.6}",STSBenchmark,0.832488
44,mix_s060_c000_r040,"{""classification"": 0.0, ""retrieval"": 0.4, ""sts"": 0.6}",ArguAna,0.50187
44,mix_s060_c000_r040,"{""classification"": 0.0, ""retrieval"": 0.4, ""sts"": 0.6}",STS13,0.793252
44,mix_s060_c000_r040,"{""classification"": 0.0, ""retrieval"": 0.4, ""sts"": 0.6}",EmotionClassification,0.41775
44,mix_s060_c000_r040,"{""classification"": 0.0, ""retrieval"": 0.4, ""sts"": 0.6}",STS12,0.728664
44,mix_s060_c000_r040,"{""classification"": 0.0, ""retrieval"": 0.4, ""sts"": 0.6}",SciFact,0.62568
44,mix_s060_c000_r040,"{""classification"": 0.0, ""retrieval"": 0.4, ""sts"": 0.6}",BIOSSES,0.81594
44,mix_s060_c000_r040,"{""classification"": 0.0, ""retrieval"": 0.4, ""sts"": 0.6}",FiQA2018,0.3438
44,mix_s060_c000_r040,"{""classification"": 0.0, ""retrieval"": 0.4, ""sts"": 0.6}",SICK-R,0.776268
44,mix_s060_c000_r040,"{""classification"": 0.0, ""retrieval"": 0.4, ""sts"": 0.6}",NFCorpus,0.29398
44,mix_s060_c000_r040,"{""classification"": 0.0, ""retrieval"": 0.4, ""sts"": 0.6}",MassiveIntentClassification,0.677618
44,mix_s060_c000_r040,"{""classification"": 0.0, ""retrieval"": 0.4, ""sts"": 0.6}",AGNewsClassification,0.8706578947368421
44,mix_s060_c000_r040,"{""classification"": 0.0, ""retrieval"": 0.4, ""sts"": 0.6}",MSMARCORerankingGate,0.9913804545785719
44,mix_s060_c000_r040,"{""classification"": 0.0, ""retrieval"": 0.4, ""sts"": 0.6}",STSBenchmark.clean_exact,0.8151947900995323
44,mix_s060_c000_r040,"{""classification"": 0.0, ""retrieval"": 0.4, ""sts"": 0.6}",SICK-R.clean_exact,0.7568111528370042
44,mix_s060_c000_r040,"{""classification"": 0.0, ""retrieval"": 0.4, ""sts"": 0.6}",STS12.clean_exact,0.7281662216627942
44,mix_s060_c000_r040,"{""classification"": 0.0, ""retrieval"": 0.4, ""sts"": 0.6}",STS13.clean_exact,0.7666934324424419
44,mix_s060_c000_r040,"{""classification"": 0.0, ""retrieval"": 0.4, ""sts"": 0.6}",STS14.clean_exact,0.7713570151102495
44,mix_s060_c020_r020,"{""classification"": 0.2, ""retrieval"": 0.2, ""sts"": 0.6}",STS14,0.757428
44,mix_s060_c020_r020,"{""classification"": 0.2, ""retrieval"": 0.2, ""sts"": 0.6}",Banking77Classification,0.761266
44,mix_s060_c020_r020,"{""classification"": 0.2, ""retrieval"": 0.2, ""sts"": 0.6}",RedditClustering.v2,0.45074
44,mix_s060_c020_r020,"{""classification"": 0.2, ""retrieval"": 0.2, ""sts"": 0.6}",AmazonCounterfactualClassification,0.68433625
44,mix_s060_c020_r020,"{""classification"": 0.2, ""retrieval"": 0.2, ""sts"": 0.6}",TwentyNewsgroupsClustering.v2,0.432031
44,mix_s060_c020_r020,"{""classification"": 0.2, ""retrieval"": 0.2, ""sts"": 0.6}",STSBenchmark,0.828844
44,mix_s060_c020_r020,"{""classification"": 0.2, ""retrieval"": 0.2, ""sts"": 0.6}",ArguAna,0.46968
44,mix_s060_c020_r020,"{""classification"": 0.2, ""retrieval"": 0.2, ""sts"": 0.6}",STS13,0.775544
44,mix_s060_c020_r020,"{""classification"": 0.2, ""retrieval"": 0.2, ""sts"": 0.6}",EmotionClassification,0.39935
44,mix_s060_c020_r020,"{""classification"": 0.2, ""retrieval"": 0.2, ""sts"": 0.6}",STS12,0.701997
44,mix_s060_c020_r020,"{""classification"": 0.2, ""retrieval"": 0.2, ""sts"": 0.6}",SciFact,0.60778
44,mix_s060_c020_r020,"{""classification"": 0.2, ""retrieval"": 0.2, ""sts"": 0.6}",BIOSSES,0.749192
44,mix_s060_c020_r020,"{""classification"": 0.2, ""retrieval"": 0.2, ""sts"": 0.6}",FiQA2018,0.30955
44,mix_s060_c020_r020,"{""classification"": 0.2, ""retrieval"": 0.2, ""sts"": 0.6}",SICK-R,0.771483
44,mix_s060_c020_r020,"{""classification"": 0.2, ""retrieval"": 0.2, ""sts"": 0.6}",NFCorpus,0.27233
44,mix_s060_c020_r020,"{""classification"": 0.2, ""retrieval"": 0.2, ""sts"": 0.6}",MassiveIntentClassification,0.657812
44,mix_s060_c020_r020,"{""classification"": 0.2, ""retrieval"": 0.2, ""sts"": 0.6}",AGNewsClassification,0.8768421052631579
44,mix_s060_c020_r020,"{""classification"": 0.2, ""retrieval"": 0.2, ""sts"": 0.6}",MSMARCORerankingGate,0.9864278926071438
44,mix_s060_c020_r020,"{""classification"": 0.2, ""retrieval"": 0.2, ""sts"": 0.6}",STSBenchmark.clean_exact,0.8083952586203232
44,mix_s060_c020_r020,"{""classification"": 0.2, ""retrieval"": 0.2, ""sts"": 0.6}",SICK-R.clean_exact,0.7523926542874595
44,mix_s060_c020_r020,"{""classification"": 0.2, ""retrieval"": 0.2, ""sts"": 0.6}",STS12.clean_exact,0.7014294057478618
44,mix_s060_c020_r020,"{""classification"": 0.2, ""retrieval"": 0.2, ""sts"": 0.6}",STS13.clean_exact,0.7506432112252108
44,mix_s060_c020_r020,"{""classification"": 0.2, ""retrieval"": 0.2, ""sts"": 0.6}",STS14.clean_exact,0.7491569877573943
44,mix_s060_c040_r000,"{""classification"": 0.4, ""retrieval"": 0.0, ""sts"": 0.6}",STS14,0.778362
44,mix_s060_c040_r000,"{""classification"": 0.4, ""retrieval"": 0.0, ""sts"": 0.6}",Banking77Classification,0.722987
44,mix_s060_c040_r000,"{""classification"": 0.4, ""retrieval"": 0.0, ""sts"": 0.6}",RedditClustering.v2,0.450708
44,mix_s060_c040_r000,"{""classification"": 0.4, ""retrieval"": 0.0, ""sts"": 0.6}",AmazonCounterfactualClassification,0.6925494999999999
44,mix_s060_c040_r000,"{""classification"": 0.4, ""retrieval"": 0.0, ""sts"": 0.6}",TwentyNewsgroupsClustering.v2,0.436466
44,mix_s060_c040_r000,"{""classification"": 0.4, ""retrieval"": 0.0, ""sts"": 0.6}",STSBenchmark,0.83426
44,mix_s060_c040_r000,"{""classification"": 0.4, ""retrieval"": 0.0, ""sts"": 0.6}",ArguAna,0.40271
44,mix_s060_c040_r000,"{""classification"": 0.4, ""retrieval"": 0.0, ""sts"": 0.6}",STS13,0.810568
44,mix_s060_c040_r000,"{""classification"": 0.4, ""retrieval"": 0.0, ""sts"": 0.6}",EmotionClassification,0.3815
44,mix_s060_c040_r000,"{""classification"": 0.4, ""retrieval"": 0.0, ""sts"": 0.6}",STS12,0.725518
44,mix_s060_c040_r000,"{""classification"": 0.4, ""retrieval"": 0.0, ""sts"": 0.6}",SciFact,0.52543
44,mix_s060_c040_r000,"{""classification"": 0.4, ""retrieval"": 0.0, ""sts"": 0.6}",BIOSSES,0.718348
44,mix_s060_c040_r000,"{""classification"": 0.4, ""retrieval"": 0.0, ""sts"": 0.6}",FiQA2018,0.26039
44,mix_s060_c040_r000,"{""classification"": 0.4, ""retrieval"": 0.0, ""sts"": 0.6}",SICK-R,0.762235
44,mix_s060_c040_r000,"{""classification"": 0.4, ""retrieval"": 0.0, ""sts"": 0.6}",NFCorpus,0.2244
44,mix_s060_c040_r000,"{""classification"": 0.4, ""retrieval"": 0.0, ""sts"": 0.6}",MassiveIntentClassification,0.6288825
44,mix_s060_c040_r000,"{""classification"": 0.4, ""retrieval"": 0.0, ""sts"": 0.6}",AGNewsClassification,0.8802631578947369
44,mix_s060_c040_r000,"{""classification"": 0.4, ""retrieval"": 0.0, ""sts"": 0.6}",MSMARCORerankingGate,0.9430743539130315
44,mix_s060_c040_r000,"{""classification"": 0.4, ""retrieval"": 0.0, ""sts"": 0.6}",STSBenchmark.clean_exact,0.8125584585302222
44,mix_s060_c040_r000,"{""classification"": 0.4, ""retrieval"": 0.0, ""sts"": 0.6}",SICK-R.clean_exact,0.7430672237204781
44,mix_s060_c040_r000,"{""classification"": 0.4, ""retrieval"": 0.0, ""sts"": 0.6}",STS12.clean_exact,0.7250091123552559
44,mix_s060_c040_r000,"{""classification"": 0.4, ""retrieval"": 0.0, ""sts"": 0.6}",STS13.clean_exact,0.7877516295143124
44,mix_s060_c040_r000,"{""classification"": 0.4, ""retrieval"": 0.0, ""sts"": 0.6}",STS14.clean_exact,0.7713064719197528
44,mix_s080_c000_r020,"{""classification"": 0.0, ""retrieval"": 0.2, ""sts"": 0.8}",STS14,0.775812
44,mix_s080_c000_r020,"{""classification"": 0.0, ""retrieval"": 0.2, ""sts"": 0.8}",Banking77Classification,0.772468
44,mix_s080_c000_r020,"{""classification"": 0.0, ""retrieval"": 0.2, ""sts"": 0.8}",RedditClustering.v2,0.44961
44,mix_s080_c000_r020,"{""classification"": 0.0, ""retrieval"": 0.2, ""sts"": 0.8}",AmazonCounterfactualClassification,0.67905075
44,mix_s080_c000_r020,"{""classification"": 0.0, ""retrieval"": 0.2, ""sts"": 0.8}",TwentyNewsgroupsClustering.v2,0.430052
44,mix_s080_c000_r020,"{""classification"": 0.0, ""retrieval"": 0.2, ""sts"": 0.8}",STSBenchmark,0.837029
44,mix_s080_c000_r020,"{""classification"": 0.0, ""retrieval"": 0.2, ""sts"": 0.8}",ArguAna,0.49631
44,mix_s080_c000_r020,"{""classification"": 0.0, ""retrieval"": 0.2, ""sts"": 0.8}",STS13,0.789038
44,mix_s080_c000_r020,"{""classification"": 0.0, ""retrieval"": 0.2, ""sts"": 0.8}",EmotionClassification,0.40685
44,mix_s080_c000_r020,"{""classification"": 0.0, ""retrieval"": 0.2, ""sts"": 0.8}",STS12,0.73613
44,mix_s080_c000_r020,"{""classification"": 0.0, ""retrieval"": 0.2, ""sts"": 0.8}",SciFact,0.61606
44,mix_s080_c000_r020,"{""classification"": 0.0, ""retrieval"": 0.2, ""sts"": 0.8}",BIOSSES,0.794048
44,mix_s080_c000_r020,"{""classification"": 0.0, ""retrieval"": 0.2, ""sts"": 0.8}",FiQA2018,0.30154
44,mix_s080_c000_r020,"{""classification"": 0.0, ""retrieval"": 0.2, ""sts"": 0.8}",SICK-R,0.774247
44,mix_s080_c000_r020,"{""classification"": 0.0, ""retrieval"": 0.2, ""sts"": 0.8}",NFCorpus,0.27957
44,mix_s080_c000_r020,"{""classification"": 0.0, ""retrieval"": 0.2, ""sts"": 0.8}",MassiveIntentClassification,0.6693175
44,mix_s080_c000_r020,"{""classification"": 0.0, ""retrieval"": 0.2, ""sts"": 0.8}",AGNewsClassification,0.8725
44,mix_s080_c000_r020,"{""classification"": 0.0, ""retrieval"": 0.2, ""sts"": 0.8}",MSMARCORerankingGate,0.9869278926071438
44,mix_s080_c000_r020,"{""classification"": 0.0, ""retrieval"": 0.2, ""sts"": 0.8}",STSBenchmark.clean_exact,0.8190715405829307
44,mix_s080_c000_r020,"{""classification"": 0.0, ""retrieval"": 0.2, ""sts"": 0.8}",SICK-R.clean_exact,0.7545096507519713
44,mix_s080_c000_r020,"{""classification"": 0.0, ""retrieval"": 0.2, ""sts"": 0.8}",STS12.clean_exact,0.7356492184518635
44,mix_s080_c000_r020,"{""classification"": 0.0, ""retrieval"": 0.2, ""sts"": 0.8}",STS13.clean_exact,0.7599435065203621
44,mix_s080_c000_r020,"{""classification"": 0.0, ""retrieval"": 0.2, ""sts"": 0.8}",STS14.clean_exact,0.7693822745203552
44,mix_s080_c020_r000,"{""classification"": 0.2, ""retrieval"": 0.0, ""sts"": 0.8}",STS14,0.794924
44,mix_s080_c020_r000,"{""classification"": 0.2, ""retrieval"": 0.0, ""sts"": 0.8}",Banking77Classification,0.739838
44,mix_s080_c020_r000,"{""classification"": 0.2, ""retrieval"": 0.0, ""sts"": 0.8}",RedditClustering.v2,0.456096
44,mix_s080_c020_r000,"{""classification"": 0.2, ""retrieval"": 0.0, ""sts"": 0.8}",AmazonCounterfactualClassification,0.6952034999999999
44,mix_s080_c020_r000,"{""classification"": 0.2, ""retrieval"": 0.0, ""sts"": 0.8}",TwentyNewsgroupsClustering.v2,0.432925
44,mix_s080_c020_r000,"{""classification"": 0.2, ""retrieval"": 0.0, ""sts"": 0.8}",STSBenchmark,0.849786
44,mix_s080_c020_r000,"{""classification"": 0.2, ""retrieval"": 0.0, ""sts"": 0.8}",ArguAna,0.45009
44,mix_s080_c020_r000,"{""classification"": 0.2, ""retrieval"": 0.0, ""sts"": 0.8}",STS13,0.814401
44,mix_s080_c020_r000,"{""classification"": 0.2, ""retrieval"": 0.0, ""sts"": 0.8}",EmotionClassification,0.3954
44,mix_s080_c020_r000,"{""classification"": 0.2, ""retrieval"": 0.0, ""sts"": 0.8}",STS12,0.745791
44,mix_s080_c020_r000,"{""classification"": 0.2, ""retrieval"": 0.0, ""sts"": 0.8}",SciFact,0.56393
44,mix_s080_c020_r000,"{""classification"": 0.2, ""retrieval"": 0.0, ""sts"": 0.8}",BIOSSES,0.74524
44,mix_s080_c020_r000,"{""classification"": 0.2, ""retrieval"": 0.0, ""sts"": 0.8}",FiQA2018,0.27635
44,mix_s080_c020_r000,"{""classification"": 0.2, ""retrieval"": 0.0, ""sts"": 0.8}",SICK-R,0.771574
44,mix_s080_c020_r000,"{""classification"": 0.2, ""retrieval"": 0.0, ""sts"": 0.8}",NFCorpus,0.23944
44,mix_s080_c020_r000,"{""classification"": 0.2, ""retrieval"": 0.0, ""sts"": 0.8}",MassiveIntentClassification,0.6407585
44,mix_s080_c020_r000,"{""classification"": 0.2, ""retrieval"": 0.0, ""sts"": 0.8}",AGNewsClassification,0.8778947368421053
44,mix_s080_c020_r000,"{""classification"": 0.2, ""retrieval"": 0.0, ""sts"": 0.8}",MSMARCORerankingGate,0.9587060957502777
44,mix_s080_c020_r000,"{""classification"": 0.2, ""retrieval"": 0.0, ""sts"": 0.8}",STSBenchmark.clean_exact,0.8310274573783795
44,mix_s080_c020_r000,"{""classification"": 0.2, ""retrieval"": 0.0, ""sts"": 0.8}",SICK-R.clean_exact,0.7512758276154
44,mix_s080_c020_r000,"{""classification"": 0.2, ""retrieval"": 0.0, ""sts"": 0.8}",STS12.clean_exact,0.745313564980631
44,mix_s080_c020_r000,"{""classification"": 0.2, ""retrieval"": 0.0, ""sts"": 0.8}",STS13.clean_exact,0.7872385832004778
44,mix_s080_c020_r000,"{""classification"": 0.2, ""retrieval"": 0.0, ""sts"": 0.8}",STS14.clean_exact,0.7882531174282984
44,mix_s100_c000_r000,"{""classification"": 0.0, ""retrieval"": 0.0, ""sts"": 1.0}",STS14,0.804696
44,mix_s100_c000_r000,"{""classification"": 0.0, ""retrieval"": 0.0, ""sts"": 1.0}",Banking77Classification,0.745195
44,mix_s100_c000_r000,"{""classification"": 0.0, ""retrieval"": 0.0, ""sts"": 1.0}",RedditClustering.v2,0.450695
44,mix_s100_c000_r000,"{""classification"": 0.0, ""retrieval"": 0.0, ""sts"": 1.0}",AmazonCounterfactualClassification,0.68400575
44,mix_s100_c000_r000,"{""classification"": 0.0, ""retrieval"": 0.0, ""sts"": 1.0}",TwentyNewsgroupsClustering.v2,0.418645
44,mix_s100_c000_r000,"{""classification"": 0.0, ""retrieval"": 0.0, ""sts"": 1.0}",STSBenchmark,0.852082
44,mix_s100_c000_r000,"{""classification"": 0.0, ""retrieval"": 0.0, ""sts"": 1.0}",ArguAna,0.49261
44,mix_s100_c000_r000,"{""classification"": 0.0, ""retrieval"": 0.0, ""sts"": 1.0}",STS13,0.820044
44,mix_s100_c000_r000,"{""classification"": 0.0, ""retrieval"": 0.0, ""sts"": 1.0}",EmotionClassification,0.4095
44,mix_s100_c000_r000,"{""classification"": 0.0, ""retrieval"": 0.0, ""sts"": 1.0}",STS12,0.758192
44,mix_s100_c000_r000,"{""classification"": 0.0, ""retrieval"": 0.0, ""sts"": 1.0}",SciFact,0.58865
44,mix_s100_c000_r000,"{""classification"": 0.0, ""retrieval"": 0.0, ""sts"": 1.0}",BIOSSES,0.782988
44,mix_s100_c000_r000,"{""classification"": 0.0, ""retrieval"": 0.0, ""sts"": 1.0}",FiQA2018,0.27544
44,mix_s100_c000_r000,"{""classification"": 0.0, ""retrieval"": 0.0, ""sts"": 1.0}",SICK-R,0.781932
44,mix_s100_c000_r000,"{""classification"": 0.0, ""retrieval"": 0.0, ""sts"": 1.0}",NFCorpus,0.26241
44,mix_s100_c000_r000,"{""classification"": 0.0, ""retrieval"": 0.0, ""sts"": 1.0}",MassiveIntentClassification,0.654053
44,mix_s100_c000_r000,"{""classification"": 0.0, ""retrieval"": 0.0, ""sts"": 1.0}",AGNewsClassification,0.87
44,mix_s100_c000_r000,"{""classification"": 0.0, ""retrieval"": 0.0, ""sts"": 1.0}",MSMARCORerankingGate,0.9792390237437891
44,mix_s100_c000_r000,"{""classification"": 0.0, ""retrieval"": 0.0, ""sts"": 1.0}",STSBenchmark.clean_exact,0.8346262903335067
44,mix_s100_c000_r000,"{""classification"": 0.0, ""retrieval"": 0.0, ""sts"": 1.0}",SICK-R.clean_exact,0.7614558919161354
44,mix_s100_c000_r000,"{""classification"": 0.0, ""retrieval"": 0.0, ""sts"": 1.0}",STS12.clean_exact,0.7577186124850632
44,mix_s100_c000_r000,"{""classification"": 0.0, ""retrieval"": 0.0, ""sts"": 1.0}",STS13.clean_exact,0.7883113582024538
44,mix_s100_c000_r000,"{""classification"": 0.0, ""retrieval"": 0.0, ""sts"": 1.0}",STS14.clean_exact,0.7970166335638781
44,mix_s033_c033_r033,"{""classification"": 0.3333333333333333, ""retrieval"": 0.3333333333333333, ""sts"": 0.3333333333333333}",STS14,0.727017
44,mix_s033_c033_r033,"{""classification"": 0.3333333333333333, ""retrieval"": 0.3333333333333333, ""sts"": 0.3333333333333333}",Banking77Classification,0.770065
44,mix_s033_c033_r033,"{""classification"": 0.3333333333333333, ""retrieval"": 0.3333333333333333, ""sts"": 0.3333333333333333}",RedditClustering.v2,0.435296
44,mix_s033_c033_r033,"{""classification"": 0.3333333333333333, ""retrieval"": 0.3333333333333333, ""sts"": 0.3333333333333333}",AmazonCounterfactualClassification,0.67403825
44,mix_s033_c033_r033,"{""classification"": 0.3333333333333333, ""retrieval"": 0.3333333333333333, ""sts"": 0.3333333333333333}",TwentyNewsgroupsClustering.v2,0.432425
44,mix_s033_c033_r033,"{""classification"": 0.3333333333333333, ""retrieval"": 0.3333333333333333, ""sts"": 0.3333333333333333}",STSBenchmark,0.796042
44,mix_s033_c033_r033,"{""classification"": 0.3333333333333333, ""retrieval"": 0.3333333333333333, ""sts"": 0.3333333333333333}",ArguAna,0.44499
44,mix_s033_c033_r033,"{""classification"": 0.3333333333333333, ""retrieval"": 0.3333333333333333, ""sts"": 0.3333333333333333}",STS13,0.749613
44,mix_s033_c033_r033,"{""classification"": 0.3333333333333333, ""retrieval"": 0.3333333333333333, ""sts"": 0.3333333333333333}",EmotionClassification,0.3911
44,mix_s033_c033_r033,"{""classification"": 0.3333333333333333, ""retrieval"": 0.3333333333333333, ""sts"": 0.3333333333333333}",STS12,0.656074
44,mix_s033_c033_r033,"{""classification"": 0.3333333333333333, ""retrieval"": 0.3333333333333333, ""sts"": 0.3333333333333333}",SciFact,0.6094
44,mix_s033_c033_r033,"{""classification"": 0.3333333333333333, ""retrieval"": 0.3333333333333333, ""sts"": 0.3333333333333333}",BIOSSES,0.726691
44,mix_s033_c033_r033,"{""classification"": 0.3333333333333333, ""retrieval"": 0.3333333333333333, ""sts"": 0.3333333333333333}",FiQA2018,0.32209
44,mix_s033_c033_r033,"{""classification"": 0.3333333333333333, ""retrieval"": 0.3333333333333333, ""sts"": 0.3333333333333333}",SICK-R,0.757347
44,mix_s033_c033_r033,"{""classification"": 0.3333333333333333, ""retrieval"": 0.3333333333333333, ""sts"": 0.3333333333333333}",NFCorpus,0.28395
44,mix_s033_c033_r033,"{""classification"": 0.3333333333333333, ""retrieval"": 0.3333333333333333, ""sts"": 0.3333333333333333}",MassiveIntentClassification,0.6570285
44,mix_s033_c033_r033,"{""classification"": 0.3333333333333333, ""retrieval"": 0.3333333333333333, ""sts"": 0.3333333333333333}",AGNewsClassification,0.8790789473684211
44,mix_s033_c033_r033,"{""classification"": 0.3333333333333333, ""retrieval"": 0.3333333333333333, ""sts"": 0.3333333333333333}",MSMARCORerankingGate,0.9871660331000007
44,mix_s033_c033_r033,"{""classification"": 0.3333333333333333, ""retrieval"": 0.3333333333333333, ""sts"": 0.3333333333333333}",STSBenchmark.clean_exact,0.7704324962516003
44,mix_s033_c033_r033,"{""classification"": 0.3333333333333333, ""retrieval"": 0.3333333333333333, ""sts"": 0.3333333333333333}",SICK-R.clean_exact,0.7397164202293227
44,mix_s033_c033_r033,"{""classification"": 0.3333333333333333, ""retrieval"": 0.3333333333333333, ""sts"": 0.3333333333333333}",STS12.clean_exact,0.6554297520868062
44,mix_s033_c033_r033,"{""classification"": 0.3333333333333333, ""retrieval"": 0.3333333333333333, ""sts"": 0.3333333333333333}",STS13.clean_exact,0.7358197041351978
44,mix_s033_c033_r033,"{""classification"": 0.3333333333333333, ""retrieval"": 0.3333333333333333, ""sts"": 0.3333333333333333}",STS14.clean_exact,0.7201459864549382
